{
  "Parameters": {
    "Creator": {
      "Default": "octopus",
      "Description": "Creator of stacks",
      "Type": "String"
    },
    "InfrastructureBucket": {
      "Default": "prepay-chc-dev-paymentintegrity",
      "Description": "Infrastructure files bucket",
      "Type": "String"
    },
    "SeedBucket": {
      "Default": "/prepay-chc-dev-paymentintegrity/",
      "Description": "Infrastructure seed files bucket",
      "Type": "String"
    },
    "InfrastructureBucketPath": {
      "Default": "/prepay-chc-dev-paymentintegrity/picloudformation/",
      "Description": "Infrastructure bucket file path",
      "Type": "String"
    },
    "TagBusinessunit": {
      "Type": "String",
      "Default": "IT-Payment Integrity"
    },
    "TagDepartment": {
      "Type": "String",
      "Default": "AB1-PI IT TC3"
    },
    "TagProduct": {
      "Type": "String",
      "Default": "Payment Integrity: Pre-Pay"
    },
    "TagPercent": {
      "Type": "String",
      "Default": "100"
    },
    "TagApplicationname": {
      "Type": "String",
      "Default": "Domain-TC3HEALTH"
    },
    "TagAppid": {
      "Type": "String",
      "Default": "TC3-555"
    },
    "TagMonitor": {
      "Type": "String",
      "Default": "false",
      "AllowedValues": [
        "true",
        "false"
      ]
    },
    "TagEnvironment": {
      "Type": "String",
      "Description": "One of only: %w(DEV QA CERT TEST NONPROD MGMT DR PROD IMP)",
      "Default": "DEV",
      "AllowedValues": [
        "DEV",
        "QA",
        "CERT",
        "TEST",
        "NONPROD",
        "MGMT",
        "DR",
        "PROD",
        "IMP"
      ]
    },
    "TagComponent": {
      "Description": "The sub-component piece of the application stack (part of the AWS tag Description)",
      "Type": "String",
      "Default": "ADPasswd"
    },
    "subnetid": {
      "Description": "subnet ID",
      "Type": "String",
      "Default": "subnet-3724a76c"
    },
    "Vpcid": {
      "Description": "VPC ID",
      "Type": "String",
      "Default": "vpc-f216d894"
    },
    "VpcCidr": {
      "Description": "VPC Subnet",
      "Type": "String",
      "Default": "10.224.80.0/20"
    },
    "ChefServerUrl": {
      "Description": "URL for the chef server",
      "Type": "String",
      "Default": ""
    },
    "ChefServerOrg": {
      "Description": "Initial Chef Server Organization",
      "Default": "tc3",
      "Type": "String"
    },
    "TagOs": {
      "Type": "String",
      "Default": "Windows"
    },
    "ChefClientVersion": {
      "Description": "Chef client version",
      "Default": "12.5.1",
      "Type": "String"
    },
    "DomainTld": {
      "Description": "TLD Top Level Domain-name",
      "Type": "String",
      "Default": "ad.tc3health.com"
    },
    "DomainNetbiosName": {
      "Description": "domain netbios name",
      "Type": "String",
      "Default": "dev.ad.tc3health.com"
    },
    "ChefEnvironment": {
      "Description": "Chef environment",
      "Default": "NONPROD",
      "AllowedValues": [
        "_default",
        "development",
        "implementation",
        "production",
        "certification",
        "qa",
        "dr",
        "test",
        "NONPROD"
      ],
      "Type": "String"
    },
    "TagRole": {
      "Description": "The role of this piece the application stack (part of the AWS tag Name)",
      "Type": "String",
      "Default": "passwd"
    },
    "CoreInfra": {
      "Type": "String",
      "Default": "sg-e14c0b90"
    },
    "PasswdEc2InstanceKeypair": {
      "Type": "String",
      "Default": "Jlee2.0dev"
    },
    "Dpasswd01Ec2InstanceHostname": {
      "Type": "String",
      "Default": "dpasswd01"
    },
    "PasswdInstanceSize": {
      "AllowedValues": [
        "m4.2xlarge",
        "m4.xlarge",
        "m4.large",
        "m1.medium",
        "t2.small"
      ],
      "Default": "t2.small",
      "Description": "Size of created instance",
      "Type": "String"
    },
    "PasswdInstanceImageType": {
      "AllowedValues": [
        "windows2012R2",
        "windows2012R2pass",
        "windows2012R2MSSQL2014Express",
        "clusterMemberMSSQL2014"
      ],
      "Default": "windows2012R2pass",
      "Description": "Instance platform",
      "Type": "String"
    },
    "Dpasswd01Ec2InstanceChefClientRunList": {
      "Type": "CommaDelimitedList",
      "Description": "Initial chef client run list for dpasswd01",
      "Default": "recipe[chef-client],role[windows_base],role[windows_domain_member],role[windows_base_passwd]"
    }
  }
}