{
  "AWSTemplateFormatVersion": "2010-09-09",
  "Parameters": {
    "Creator": {
      "Default": "picommandserver",
      "Description": "Creator of stack",
      "Type": "String"
    },
    "InfrastructureBucket": {
      "Default": "prepay-chc-dev-paymentintegrity",
      "Description": "Infrastructure files bucket",
      "Type": "String"
    },
    "SeedBucket": {
      "Default": "prepay-chc-dev-paymentintegrity",
      "Description": "Infrastructure seed files bucket",
      "Type": "String"
    },
    "InfrastructureBucketPath": {
      "Default": "/PICloudFormation",
      "Description": "Infrastructure bucket file path",
      "Type": "String"
    },
    "TagBilling": {
      "Type": "String",
      "Default": "PaymentIntegrity/PrePay"
    },
    "TagBusinessunit": {
      "Type": "String",
      "Default": "IT-Payment Integrity"
    },
    "TagApplicationname": {
      "Type": "String",
      "Default": "prepay"
    },
    "TagAppid": {
      "Type": "String",
      "Default": "555"
    },
    "TagMonitor": {
      "Type": "String",
      "Default": "false",
      "AllowedValues": [
        "true",
        "false"
      ]
    },
    "TagEnvironment": {
      "Type": "String",
      "Description": "One of only: %w(DEV QA CERT TEST NONPROD MGMT DR PROD IMP)",
      "Default": "DEV",
      "AllowedValues": [
        "DEV",
        "QA",
        "CERT",
        "TEST",
        "NONPROD",
        "MGMT",
        "DR",
        "QCI",
        "PROD",
        "IMP"
      ]
    },
    "TagComponent": {
      "Description": "The sub-component piece of the application stack (part of the AWS tag Description)",
      "Type": "String",
      "Default": "cftdev"
    },
    "Vpc": {
      "Description": "VPC ID",
      "Type": "String",
      "Default": "vpc-f216d894"
    },
    "VpcCidr": {
      "Description": "VPC Subnet",
      "Type": "String",
      "Default": "10.224.80.0/20"
    },
    "ChefServerUrl": {
      "Description": "URL for the chef server",
      "Type": "String",
      "Default": "https://internal-prepay-ch-prepayCh-P28D2M95AZEN-863135309.us-east-1.elb.amazonaws.com"
    },
    "ChefServerOrg": {
      "Description": "Initial Chef Server Organization",
      "Default": "tc3",
      "Type": "String"
    },
    "TagOs": {
      "Type": "String",
      "Default": "Windows"
    },
    "TagTeam": {
      "Type": "String",
      "Default": "prepay"
    },
    "ChefClientVersion": {
      "Description": "Chef client version",
      "Default": "12.5.1",
      "Type": "String"
    },
    "DomainTld": {
      "Description": "TLD Top Level Domain-name",
      "Type": "String",
      "Default": ".ad.tc3health.com"
    },
    "DomainNetbiosName": {
      "Description": "domain netbios name",
      "Type": "String",
      "Default": "dev.ad.tc3health.com"
    },
    "ChefEnvironment": {
      "Description": "Chef environment",
      "Default": "development",
      "AllowedValues": [
        "_default",
        "development",
        "implementation",
        "production",
        "certification",
        "qa",
        "dr",
        "qci",
        "test"
      ],
      "Type": "String"
    },
    "TagRole": {
      "Description": "The role of this piece the application stack (part of the AWS tag Name)",
      "Type": "String",
      "Default": "devcft"
    },
    "AppSubnet2": {
      "Type": "String",
      "Default": "subnet-0ae46d27"
    },
    "AllDEVPrivateSG": {
      "Type": "String",
      "Default": "sg-833842f3"
    },
    "PrivateDEVWebSG": {
      "Type": "String",
      "Default": "sg-fa33498a"
    },
    "PrivateDEVAppSG": {
      "Type": "String",
      "Default": "sg-fa33498a"
    },
    "cftdevEc2InstanceKeypair": {
      "Type": "String",
      "Default": "kchowdhury"
    },
    "cftdev01Ec2InstanceHostname": {
      "Type": "String",
      "Default": "pcftdev01"
    },
    "cftdevInstanceSize": {
      "AllowedValues": [
        "m4.2xlarge",
        "m4.xlarge",
        "m4.large",
        "m1.medium",
        "m1.small"
      ],
      "Default": "m4.large",
      "Description": "Size of created instance",
      "Type": "String"
    },
    "cftdevInstanceImageType": {
      "AllowedValues": [ "windows2012R2" ],
      "Default": "windows2012R2",
      "Description": "Instance platform",
      "Type": "String"
    },
    "cftdev01Ec2InstanceChefClientRunList": {
      "Type": "CommaDelimitedList",
      "Description": "Initial chef client run list for cftdev",
      "Default": "recipe[chef-client],role[dev_vm],role[windows_base],role[windows_domain_member]"
    }
  },
  "Mappings": {
    "Platforms": {
      "us-east-1": {
        "windows2012R2": "ami-3d644c47"
      },
      "us-west-1": {
        "windows2012R2": "ami-890af0cd",
        "windows2012R2MSSQL2014Express": "ami-52869d17",
        "windows2012R2MSSQL2014ExpressWitness": "ami-52869d17",
        "amazon201503hvm": "ami-e13ec1a5",
        "rhel6hvm": "ami-3f3ec17b",
        "softnas347hvm": "ami-bf4d35df"
      },
      "us-west-2": {
        "windows2012R2": "ami-dfccd1ef",
        "windows2012R2MSSQL2014Express": "ami-59f2d769",
        "windows2012R2MSSQL2014ExpressWitness": "ami-59f2d769",
        "amazon201503hvm": "ami-c3858df3",
        "rhel6hvm": "ami-41858d71",
        "softnas347hvm": "ami-3045b950"
      }
    }
  },
  "Outputs": {
    "Creator": {
      "Value": {
        "Ref": "Creator"
      }
    },
    "InfrastructureBucket": {
      "Value": {
        "Ref": "InfrastructureBucket"
      }
    },
    "TagBilling": {
      "Value": {
        "Ref": "TagBilling"
      }
    },
    "TagApplicationname": {
      "Value": {
        "Ref": "TagApplicationname"
      }
    },
    "TagAppid": {
      "Value": {
        "Ref": "TagAppid"
      }
    },
    "TagMonitor": {
      "Value": {
        "Ref": "TagMonitor"
      }
    },
    "TagEnvironment": {
      "Value": {
        "Ref": "TagEnvironment"
      }
    },
    "TagComponent": {
      "Value": {
        "Ref": "TagComponent"
      }
    },
    "Vpc": {
      "Value": {
        "Ref": "Vpc"
      }
    },
    "VpcCidr": {
      "Value": {
        "Ref": "VpcCidr"
      }
    },
    "TagRole": {
      "Value": {
        "Ref": "TagRole"
      }
    },
    "cftdev01Ec2InstanceAz": {
      "Description": "Availability Zone of the newly created EC2 instance",
      "Value": {
        "Fn::GetAtt": [
          "cftdev01Ec2Instance",
          "AvailabilityZone"
        ]
      }
    },
    "cftdev01InstanceId": {
      "Description": "InstanceId of the newly created EC2 instance",
      "Value": {
        "Ref": "cftdev01Ec2Instance"
      }
    },
    "cftdev01Ec2InstancePrivateIp": {
      "Description": "Private IP address of the newly created EC2 instance",
      "Value": {
        "Fn::GetAtt": [
          "cftdev01Ec2Instance",
          "PrivateIp"
        ]
      }
    },
    "PrivateDns": {
      "Description": "Private DNSName of the newly created EC2 instance",
      "Value": {
        "Fn::GetAtt": [
          "cftdev01Ec2Instance",
          "PrivateDnsName"
        ]
      }
    }
  },
  "Description": "Standalone stack for developers with dev softwares",
  "Resources": {
    "cftdev01WaitConditionHandle": {
      "Type": "AWS::CloudFormation::WaitConditionHandle"
    },
    "cftdev01WaitCondition": {
      "Type": "AWS::CloudFormation::WaitCondition",
      "Properties": {
        "Count": 1,
        "Handle": {
          "Ref": "cftdev01WaitConditionHandle"
        },
        "Timeout": 28800
      }
    },
    "cftdev01Ec2Instance": {
      "Type": "AWS::EC2::Instance",
      "Properties": {
        "ImageId": {
          "Fn::FindInMap": [
            "Platforms",
            {
              "Ref": "AWS::Region"
            },
            {
              "Ref": "cftdevInstanceImageType"
            }
          ]
        },
        "InstanceType": {
          "Ref": "cftdevInstanceSize"
        },
        "KeyName": {
          "Ref": "cftdevEc2InstanceKeypair"
        },
        "IamInstanceProfile": "PrePay-PiCommandServer",
        "NetworkInterfaces": [
          {
            "DeviceIndex": 0,
            "Description": {
              "Fn::Join": [
                "",
                [
                  {
                    "Ref": "cftdev01Ec2InstanceHostname"
                  },
                  "_eth0"
                ]
              ]
            },
            "DeleteOnTermination": true,
            "SubnetId": {
              "Ref": "AppSubnet2"
            },
            "GroupSet": [
              {
                "Ref": "AllDEVPrivateSG"
              },
              {
                "Ref": "PrivateDEVWebSG"
              },
              {
                "Ref": "PrivateDEVAppSG"

              }
            ]
          }
        ],
        "UserData": {
          "Fn::Base64": {
            "Fn::Join": [
              "",
              [
                "<script>\n",
                "cfn-init.exe -v --configset config -s ",
                {
                  "Ref": "AWS::StackId"
                },
                " --region ",
                {
                  "Ref": "AWS::Region"
                },
                " -r cftdev01Ec2Instance --role ",
                "PrePay-PiCommandServer",
                "\n",
                "</script>"
              ]
            ]
          }
        },
        "Tags": [
          {
            "Key": "Name",
            "Value": {
              "Fn::Join": [
                "",
                [
                  {
                    "Ref": "TagApplicationname"
                  },
                  "-",
                  "pcftdev01",
                  "-",
                  {
                    "Ref": "TagOs"
                  }
                ]
              ]
            }
          },
          {
            "Key": "Billing",
            "Value": {
              "Fn::Join": [
                "",
                [
                  {
                    "Ref": "TagBilling"
                  }
                ]
              ]
            }
          },
          {
            "Key": "Description",
            "Value": {
              "Fn::Join": [
                "",
                [
                  "env=",
                  {
                    "Ref": "TagEnvironment"
                  },
                  "/",
                  "appid=",
                  {
                    "Ref": "TagAppid"
                  },
                  "/",
                  "comp=",
                  {
                    "Ref": "TagComponent"
                  },
                  "/",
                  "monitor=",
                  {
                    "Ref": "TagMonitor"
                  },
                  "team=",
                  {
                    "Ref": "TagTeam"
                  }
                ]
              ]
            }
          }
        ]
      },
      "Metadata": {
        "AWS::CloudFormation::Authentication": {
          "InfrastructureBucketCredentials": {
            "type": "S3",
            "buckets": [
              {
                "Ref": "InfrastructureBucket"
              }
            ],
            "roleName": "PrePay-PiCommandServer"
          },
          "SeedBucketCredentials": {
            "type": "S3",
            "buckets": [
              {
                "Ref": "SeedBucket"
              }
            ],
            "roleName": "PrePay-PiCommandServer"
          }
        },
        "AWS::CloudFormation::Init": {
          "configSets": {
            "config": [
              "cfnsetup",
              "disableautorename",
              "disableuac",
              "dnsserver",
              "rename",
              "sublimetext",
              "firstchefrun",
              "unconditionalsuccess"
            ]
          },
          "cfnsetup": {
            "files": {
              "c:\\cfn\\cfn-hup.conf": {
                "content": {
                  "Fn::Join": [
                    "",
                    [
                      "[main]\n",
                      "stack=",
                      {
                        "Ref": "AWS::StackId"
                      },
                      "\n",
                      "region=",
                      {
                        "Ref": "AWS::Region"
                      },
                      "\n"
                    ]
                  ]
                }
              },
              "c:\\cfn\\hooks.d\\cfn-auto-reloader.conf": {
                "content": {
                  "Fn::Join": [
                    "",
                    [
                      "[cfn-auto-reloader-hook]\n",
                      "triggers=post.update\n",
                      "path=Resources.",
                      "cftdevEc2Instance",
                      ".Metadata.AWS::CloudFormation::Init\n",
                      "action=cfn-init.exe -v -s ",
                      {
                        "Ref": "AWS::StackId"
                      },
                      " --role ",
                      "PrePay-PiCommandServer",
                      " --region ",
                      {
                        "Ref": "AWS::Region"
                      },
                      "\n"
                    ]
                  ]
                }
              }
            },
            "services": {
              "windows": {
                "cfn-hup": {
                  "enabled": true,
                  "ensure_running": true,
                  "files": [
                    "c:\\cfn\\cfn-hup.conf",
                    "c:\\cfn\\hooks.d\\cfn-auto-reloader.conf"
                  ]
                }
              }
            },
            "commands": {
              "00-set-execution-policy": {
                "command": "powershell.exe -command Set-ExecutionPolicy RemoteSigned -Force",
                "waitAfterCompletion": "0"
              }
            }
          },
          "disableautorename": {
            "files": {
              "c:\\cfn\\scripts\\disable_autorename.ps1": {
                "content": {
                  "Fn::Join": [
                    "",
                    [
                      "$xml = [xml](Get-Content \"c:\\program files\\Amazon\\EC2ConfigService\\Settings\\config.xml\")\n",
                      "$update = $xml.Ec2ConfigurationSettings.Plugins.Plugin | where {$_.Name -eq 'Ec2SetComputerName'}\n",
                      "$update.State = 'Disabled'\n",
                      "$xml.Save(\"c:\\program files\\Amazon\\EC2ConfigService\\Settings\\config.xml\")\n"
                    ]
                  ]
                }
              }
            },
            "commands": {
              "00-disable-auto-rename": {
                "command": "powershell.exe -ExecutionPolicy RemoteSigned c:\\cfn\\scripts\\disable_autorename.ps1",
                "waitAfterCompletion": "0"
              }
            }
          },
          "disableuac": {
            "files": {
              "c:\\cfn\\scripts\\disable_uac.ps1": {
                "content": "New-ItemProperty -Path \"HKLM:\\Software\\Microsoft\\Windows\\CurrentVersion\\policies\\system\" -Name EnableLUA -PropertyType DWORD -Value 0 -Force"
              },
              "c:\\cfn\\scripts\\disable_generic_trend_policy.ps1": {
                "content": "& $Env:ProgramFiles\"\\Trend Micro\\Deep Security Agent\\dsa_control\" -r"
              }
            },
            "commands": {
              "00-scheduled-task-disable-uac": {
                "command": "schtasks /create /tn \"disable_uac\" /tr \"powershell.exe -ExecutionPolicy RemoteSigned c:\\cfn\\scripts\\disable_uac.ps1\" /sc ONSTART /ru System",
                "waitAfterCompletion": "0"
              },
              "01-disable-generic-trendmicro-policy": {
                "command": "powershell.exe -ExecutionPolicy RemoteSigned c:\\cfn\\scripts\\disable_generic_trend_policy.ps1",
                "waitAfterCompletion": "0"
              },
              "02-place-disable_uac-scheduled-task-reboot": {
                "command": "SHUTDOWN /r /f /t 5 /c \"Wrote disable_uac scheduled task; rebooting to insert.\"",
                "waitAfterCompletion": "forever"
              },
              "03-disable_uac-takes-effect-reboot": {
                "command": "SHUTDOWN /r /f /t 5 /c \"Implemented disable_uac scheduled task; rebooting to take effect.\"",
                "waitAfterCompletion": "forever"
              }
            }
          },
          "rename": {
            "commands": {
              "00-execute-powershell-script-RenameComputer": {
                "command": {
                  "Fn::Join": [
                    "",
                    [
                      "powershell.exe -Command Rename-Computer -NewName ",
                      {
                        "Ref": "cftdev01Ec2InstanceHostname"
                      },
                      " -Force:$true -Restart:$false"
                    ]
                  ]
                },
                "waitAfterCompletion": "5"
              },
              "01-ensure-computer-rename-reboot": {
                "command": "SHUTDOWN /r /f /t 5 /c \"powershell renamed machine; rebooting to take effect.\"",
                "waitAfterCompletion": "forever"
              }
            }
          },
          "sublimetext": {
            "files": {
              "c:\\cfn\\scripts\\SublimeText3_x64.exe": {
                "source": {
                  "Fn::Join": [
                    "",
                    [
                      "https://",
                      "nexus.emdeon.net",
                      ":8443",
                      "/nexus/content/sites/Emdeon-TC3-Health",
                      "/SublimeText3_x64.exe"
                    ]
                  ]
                }
              }
            },
            "commands": {
              "00-install-sublime-text": {
                "command": "c:\\cfn\\scripts\\SublimeText3_x64.exe /VERYSILENT /SUPPRESSMESSAGEBOXES /NORESTART /TASKS=\"contextentry\"",
                "waitAfterCompletion": "0"
              }
            }
          },
          "dnsserver": {
            "files": {
              "c:\\cfn\\scripts\\set_dnsserver.ps1": {
                "content": {
                  "Fn::Join": [
                    "",
                    [
                      "Set-DnsClientServerAddress -InterfaceAlias \"Ethernet 2\" -ServerAddresses (\"",
                      "10.224.81.10",
                      "\", \"",
                      "10.224.82.82",
                      "\")"
                    ]
                  ]
                }
              }
            },
            "commands": {
              "00-execute-powershell-script-DnsClientServerAddress": {
                "command": "powershell.exe -ExecutionPolicy RemoteSigned c:\\cfn\\scripts\\set_dnsserver.ps1",
                "waitAfterCompletion": "0"
              }
            }
          },
          "firstchefrun": {
            "files": {
              "c:\\Chef\\client.rb": {
                "content": {
                  "Fn::Join": [
                    "",
                    [
                      "current_dir = File.dirname(__FILE__)\n",
                      "log_level :info\n",
                      "log_location ",
                      "\"#{current_dir}\\\\client.log\"\n",
                      "node_name '",
                      {
                        "Ref": "cftdev01Ec2InstanceHostname"
                      },
                      "'\n",
                      "environment '",
                      {
                        "Ref": "ChefEnvironment"
                      },
                      "'\n",
                      "ssl_verify_mode :verify_none\n",
                      "validation_client_name '",
                      {
                        "Ref": "ChefServerOrg"
                      },
                      "-validator'\n",
                      "validation_key ",
                      "\"#{current_dir}\\\\validator.pem\"\n",
                      "chef_server_url '",
                      {
                        "Ref": "ChefServerUrl"
                      },
                      "/organizations/",
                      {
                        "Ref": "ChefServerOrg"
                      },
                      "'\n",
                      "cache_type 'BasicFile'\n",
                      "cache_options( :path => \"#{current_dir}\\\\checksums\" )\n",
                      "cookbook_path \"#{current_dir}\\\\..\\\\cookbooks\"\n",
                      "\nohai.disabled_plugins = [\n# The following plugins are required for Chef to work\n# 'hostname','windows::hostname','windows::platform',\n# and also want the following plugins enabled\n# 'ruby','chef','ohai','platform'\n# 'network','uptime','ohai_time'\n:C,\n:Cloud,\n:Command,\n:Dmi,\n:DmiCommon,\n:Ec2,\n:Eucalyptus,\n:Erlang,\n:GCE,\n:Groovy,\n:IpScopes,\n:Java,\n:Keys,\n:Lua,\n:Mono,\n:NetworkListeners,\n:NetworkRoutes,\n:Passwd,\n:Perl,\n:PHP,\n:Powershell,\n:Python,\n:Rackspace,\n:Softlayer,\n:SSHHostKey,\n:Virtualization,\n:VMware,\n]\n",
                      "\n"
                    ]
                  ]
                },
                "mode": "000644"
              },
              "c:\\Chef\\validator.pem": {
                "source": {
                  "Fn::Join": [
                    "",
                    [
                      "https://",
                      {
                        "Ref": "SeedBucket"
                      },
                      ".s3.amazonaws.com",
                      {
                        "Ref": "InfrastructureBucketPath"
                      },
                      "/validator-DEV.pem"
                    ]
                  ]
                },
                "mode": "000400",
                "authentication": "SeedBucketCredentials"
              },
              "c:\\Chef\\encrypted_data_bag_secret": {
                "source": {
                  "Fn::Join": [
                    "",
                    [
                      "https://",
                      {
                        "Ref": "SeedBucket"
                      },
                      ".s3.amazonaws.com",
                      {
                        "Ref": "InfrastructureBucketPath"
                      },
                      "/encrypted_data_bag_secret-DEV"
                    ]
                  ]
                },
                "mode": "000400",
                "authentication": "SeedBucketCredentials"
              },
              "c:\\Chef\\chef-client-install.msi": {
                "source": {
                  "Fn::Join": [
                    "",
                    [
                      "https://",
                      {
                        "Ref": "InfrastructureBucket"
                      },
                      ".s3.amazonaws.com",
                      {
                        "Ref": "InfrastructureBucketPath"
                      },
                      "/appsoftware/chef/chef-client-",
                      {
                        "Ref": "ChefClientVersion"
                      },
                      "-1-x86.msi"
                    ]
                  ]
                },
                "mode": "000400",
                "owner": "root",
                "group": "root",
                "authentication": "InfrastructureBucketCredentials"
              },
              "c:\\Chef\\first_run.json": {
                "content": {
                  "run_list": {
                    "Ref": "cftdev01Ec2InstanceChefClientRunList"
                  },
                  "chef_client": {
                    "init_style": "windows"
                  },
                  "vpc": {
                    "cidr": {
                      "Ref": "VpcCidr"
                    }
                  },
                  "main": {
                    "s3bucket": {
                      "Ref": "InfrastructureBucket"
                    },
                    "primary_dns": "10.224.81.10",
                    "secondary_dns": "10.224.82.82"
                  }
                },
                "mode": "000644"
              }
            },
            "commands": {
              "01_chef_client_install": {
                "command": "C:\\Chef\\chef-client-install.msi /passive ADDLOCAL=\"ChefClientFeature\" /log \"C:\\Chef\\chef-client-install.log\"",
                "cwd": "C:\\Chef",
                "waitAfterCompletion": "0"
              },
              "02_chef_client_first_run": {
                "command": "C:\\opscode\\chef\\bin\\chef-client -c c:\\chef\\client.rb -j c:\\chef\\first_run.json -l info",
                "cwd": "C:\\Chef",
                "waitAfterCompletion": "30"
              }
            }
          },
          "unconditionalsuccess": {
            "commands": {
              "a-signal-success": {
                "command": {
                  "Fn::Join": [
                    "",
                    [
                      "cfn-signal.exe -e 0 \"",
                      {
                        "Ref": "cftdev01WaitConditionHandle"
                      },
                      "\""
                    ]
                  ]
                }
              }
            }
          }
        }
      }
    },
    "cftdev0101EbsVolume": {
      "Type": "AWS::EC2::Volume",
      "Properties": {
        "AvailabilityZone": {
          "Fn::GetAtt": [
            "cftdev01Ec2Instance",
            "AvailabilityZone"
          ]
        },
        "VolumeType": "gp2",
        "Encrypted": true,
        "Size": 100
      }
    },
    "cftdev0101EbsVolumeAttachment": {
      "Type": "AWS::EC2::VolumeAttachment",
      "Properties": {
        "Device": "xvdf",
        "InstanceId": {
          "Ref": "cftdev01Ec2Instance"
        },
        "VolumeId": {
          "Ref": "cftdev0101EbsVolume"
        }
      }
    }
  }
}