﻿{
    "AWSTemplateFormatVersion": "2010-09-09",
    "Parameters": {
      "Creator": {
        "Default": "picommandserver",
        "Description": "Creator of stack",
        "Type": "String"        
      },
      "InfrastructureBucket": {
        "Default":  "#{InfrastructureBucket}",
        "Description": "Infrastructure files bucket",
        "Type": "String"    
      },
      "SeedBucket": {
        "Default": "#{SeedBucket}",
        "Description": "Infrastructure seed files bucket",
        "Type": "String"
      },
      "InfrastructureBucketPath": {
        "Default": "/#{InfrastructureBucketPath}",
        "Description": "Infrastructure bucket file path",
        "Type": "String"
      },   
       "TagBilling": {
            "Type": "String",
            "Default": "#{TagBilling}"
        },     
      "TagApplicationname": {
        "Type": "String",
        "Default":  "#{TagApplicationname}"
      },
      "TagAppid": {
        "Type": "String",
        "Default": "#{TagAppid}"
      },
      "TagTeam": {
        "Type": "String",
        "Default":  "#{TagTeam}"
      },
      "TagMonitor": {
        "Type": "String",
        "Default": "false",
        "AllowedValues": [
          "true",
          "false"
        ]
      },
      "TagEnvironment": {
        "Type": "String",
        "Description": "One of only: %w(DEV QA CERT TEST NONPROD MGMT DR PROD IMP)",
        "Default": "#{TagEnvironment}"         
      },
      "TagComponent": {
        "Description": "The sub-component piece of the application stack (part of the AWS tag Description)",
        "Type": "String",
        "Default":"#{SqlTagComponent}"
      },
      "Vpc": {
        "Description": "VPC ID",
        "Type": "String",
        "Default": "#{Vpc}"
      },
      "VpcCidr": {
        "Description": "VPC Subnet",
        "Type": "String",
        "Default":  "#{VpcCidr}"
      },
      "ChefServerUrl": {
        "Description": "URL for the chef server",
        "Type": "String",
        "Default": "#{ChefServerUrl}"
      },
      "ChefServerOrg": {
        "Description": "Initial Chef Server Organization",
        "Default":  "#{ChefServerOrg}",
        "Type": "String"
      },
      "TagOs": {
        "Type": "String",
        "Default":  "#{SqlTagOs}"
      },
      "ChefClientVersion": {
        "Description": "Chef client version",
        "Default": "#{ChefClientVersion}",
        "Type": "String"
      },
      "DomainTld": {
        "Description": "TLD Top Level Domain-name",
        "Type": "String",
        "Default": "#{DomainTld}"
      },
      "DomainNetbiosName": {
        "Description": "domain netbios name",
        "Type": "String",
        "Default": "#{DomainNetbiosName}"
      },
      "SqlInstallIsoFilename": {
        "Description": "filename of mssql install iso",
        "Type": "String",
        "Default": "#{SqlInstallIsoFilename}"
      },
      "SqlServiceAccount": {
        "Description": "sql service account",
        "Type": "String",
        "Default": "#{SqlServiceAccount}"
      },
      "ChefEnvironment": {
        "Description": "Chef environment",
        "Default": "#{ChefDefaultEnv}",
        "Type": "String"
      },
      "TagRole": {
        "Description": "The role of this piece the application stack (part of the AWS tag Name)",
        "Type": "String",
        "Default": "#{SqlTagRole}"
      },
      "PrivateSubnetDatabaseA": {
        "Type": "String",
        "Default": "#{DbSubnet1Id}"
      },
      "PrivateSubnetDatabaseB": {
        "Type": "String",
        "Default": "#{DbSubnet2Id}"
      },
      "AllPrivateSG": {
        "Type": "String",       
        "Default": "#{AllPrivateSG}"
      },
      "PrivateDatabaseSG": {
        "Type": "String",       
        "Default": "#{DatabaseSG}"
      },
      "MssqlEc2InstanceKeypair": {
        "Type": "String",
        "Default": "#{SqlEC2Keypair}"
      },
      "Dmssqlcls101Ec2InstanceHostname": {
        "Type": "String",
        "Default": "#{SqlClsInstance101HostName}"
      },
      "MssqlInstanceSize": {       
        "Default": "#{SqlCls1NodeInstanceSize}",
        "Description": "Size of created instance",
        "Type": "String"
      },     
      "WindowsClusterName1": {
        "Description": "windows cluster name",
        "Type": "String",
        "Default": "#{WindowsClusterName1}"
      },
      "Dmssqlcls101PrivateIp1": {
        "Default": "#{SqlCls101PrivateIp1}",
        "Description": "Node primary private IP",
        "Type": "String"
      },
      "Dmssqlcls101PrivateIp2": {
        "Default": "#{SqlCls101PrivateIp2}",
        "Description": "Node primary private IP",
        "Type": "String"
      },
      "Dmssqlcls101PrivateIp3": {
        "Default": "#{SqlCls101PrivateIp3}",
        "Description": "Node primary private IP",
        "Type": "String"
      },     
      "Dmssqlcls102Ec2InstanceHostname": {
        "Type": "String",
        "Default": "#{SqlClsInstance102HostName}"
      },
      "Dmssqlcls102PrivateIp1": {
        "Default": "#{SqlCls102PrivateIp1}",
        "Description": "Node primary private IP",
        "Type": "String"
      },
      "Dmssqlcls102PrivateIp2": {
        "Default": "#{SqlCls102PrivateIp2}",
        "Description": "Node primary private IP",
        "Type": "String"
      },
      "Dmssqlcls102PrivateIp3": {
        "Default": "#{SqlCls102PrivateIp3}",
        "Description": "Node primary private IP",
        "Type": "String"
      }
    },
    "Outputs": {
      "Creator": {
        "Value": {
          "Ref": "Creator"
        }
      },
      "InfrastructureBucket": {
        "Value": {
          "Ref": "InfrastructureBucket"
        }
      },
      "TagBilling": {
            "Value": {
                "Ref": "TagBilling"
            }        
      },
      "TagApplicationname": {
        "Value": {
          "Ref": "TagApplicationname"
        }
      },
      "TagAppid": {
        "Value": {
          "Ref": "TagAppid"
        }
      },
      "TagMonitor": {
        "Value": {
          "Ref": "TagMonitor"
        }
      },
      "TagEnvironment": {
        "Value": {
          "Ref": "TagEnvironment"
        }
      },
      "TagComponent": {
        "Value": {
          "Ref": "TagComponent"
        }
      },
      "Vpc": {
        "Value": {
          "Ref": "Vpc"
        }
      },
      "VpcCidr": {
        "Value": {
          "Ref": "VpcCidr"
        }
      },
      "TagRole": {
        "Value": {
          "Ref": "TagRole"
        }
      },
      "Dmssqlcls101InstanceId": {
        "Description": "InstanceId of the newly created EC2 instance",
        "Value": {
          "Ref": "Dmssqlcls101Ec2Instance"
        }
      },
      "Dmssqlcls101PrivateIp1": {
        "Description": "Private IP address 1",
        "Value": {
          "Ref": "Dmssqlcls101PrivateIp1"
        }
      },
      "Dmssqlcls101PrivateIp2": {
        "Description": "Private IP address 2",
        "Value": {
          "Ref": "Dmssqlcls101PrivateIp2"
        }
      },
      "Dmssqlcls101PrivateIp3": {
        "Description": "Private IP address 3",
        "Value": {
          "Ref": "Dmssqlcls101PrivateIp3"
        }
      },
      "WindowsClusterName1": {
        "Description": "windows cluster name",
        "Value": {
          "Ref": "WindowsClusterName1"
        }
      },
      "Dmssqlcls102InstanceId": {
        "Description": "InstanceId of the newly created EC2 instance",
        "Value": {
          "Ref": "Dmssqlcls102Ec2Instance"
        }
      },
      "Dmssqlcls102PrivateIp1": {
        "Description": "Private IP address 1",
        "Value": {
          "Ref": "Dmssqlcls102PrivateIp1"
        }
      },
      "Dmssqlcls102PrivateIp2": {
        "Description": "Private IP address 2",
        "Value": {
          "Ref": "Dmssqlcls102PrivateIp2"
        }
      },
      "Dmssqlcls102PrivateIp3": {
        "Description": "Private IP address 3",
        "Value": {
          "Ref": "Dmssqlcls102PrivateIp3"
        }
      },
      "CompileState": {
        "Value": "{\"cluster_designation\":1,\"cluster_prefix\":\"mssqlcls1-\",\"cluster_member_count\":2}"
      }
    },   
    "Description": "#{SqlStackDescription}",
    "Resources": {
      "Dmssqlcls101WaitConditionHandle": {
        "Type": "AWS::CloudFormation::WaitConditionHandle"
      },
      "Dmssqlcls101WaitCondition": {
        "Type": "AWS::CloudFormation::WaitCondition",
        "DependsOn" : "Dmssqlcls101Ec2Instance",
        "Properties": {
          "Count": 1,
          "Handle": {
            "Ref": "Dmssqlcls101WaitConditionHandle"
          },
          "Timeout": 28800
        }
      },
      "Dmssqlcls101Ec2Instance": {
        "Type": "AWS::EC2::Instance",
        "Properties": {
          "ImageId": "#{SqlAmiId}",
          "InstanceType": {
            "Ref": "MssqlInstanceSize"
          },
          "KeyName": {
            "Ref": "MssqlEc2InstanceKeypair"
          },
          "EbsOptimized": true,
          "IamInstanceProfile": "#{SqlInstanceRole}",
          "NetworkInterfaces": [
            {
              "DeviceIndex": 0,
              "Description": {
                "Fn::Join": [
                  "",
                  [
                    {
                      "Ref": "Dmssqlcls101Ec2InstanceHostname"
                    },
                    "_eth0"
                  ]
                ]
              },
              "PrivateIpAddresses": [
                {
                  "PrivateIpAddress": {
                    "Ref": "Dmssqlcls101PrivateIp1"
                  },
                  "Primary": true
                },
                {
                  "PrivateIpAddress": {
                    "Ref": "Dmssqlcls101PrivateIp2"
                  },
                  "Primary": false
                },
                {
                  "PrivateIpAddress": {
                    "Ref": "Dmssqlcls101PrivateIp3"
                  },
                  "Primary": false
                }
              ],
              "DeleteOnTermination": true,
              "SubnetId": {
                "Ref": "PrivateSubnetDatabaseA"
              },
              "GroupSet": [
                {
                  "Ref": "AllPrivateSG"
                },
                {
                  "Ref": "PrivateDatabaseSG"
                }
              ]
            }
          ],
          "UserData": {
            "Fn::Base64": {
              "Fn::Join": [
                "",
                [
                  "<script>\n",                  
                  "cfn-init.exe -v --configset config -s ",
                  {
                    "Ref": "AWS::StackId"
                  },
                  " --region ",
                  {
                    "Ref": "AWS::Region"
                  },
                  " -r Dmssqlcls101Ec2Instance --role ",
                  "#{SqlInstanceRole}",
                  "\n",                  
                  "</script>"
                ]
              ]
            }
          },
          "Tags": [
            {
              "Key": "Name",
              "Value": {
                "Fn::Join": [
                  "",
                  [
                    {
                      "Ref": "TagApplicationname"
                    },
                    "-",
                    "#{SqlInstance1Name}",
                    "-",
                    {
                      "Ref": "TagOs"
                    }
                  ]
                ]
              }
            },
            {
                "Key": "AppId",
                "Value": {                                                        
                      "Ref": "TagAppid"                                                                                    
                }
              },
            {
              "Key": "Billing",
              "Value": {
                "Fn::Join": [
                  "",
                  [                    
                    {
                      "Ref": "TagBilling"
                    }
                  ]
                ]
              }
            },
            {
              "Key": "Description",
              "Value": {
                "Fn::Join": [
                  "",
                  [
                    "env=",
                    {
                      "Ref": "TagEnvironment"
                    },
                    "/",
                    "appid=",
                    {
                      "Ref": "TagAppid"
                    },
                    "/",
                    "comp=",
                    {
                      "Ref": "TagComponent"
                    },
                    "/",
                    "monitor=",
                    {
                      "Ref": "TagMonitor"
                    },
                    "/",
                    "team=",
                    {
                        "Ref": "TagTeam"
                    }
                  ]
                ]
              }
            }
          ]
        },
        "Metadata": {
          "AWS::CloudFormation::Authentication": {
            "InfrastructureBucketCredentials": {
              "type": "S3",
              "buckets": [
                {
                  "Ref": "InfrastructureBucket"
                }
              ],
              "roleName": "#{SqlInstanceRole}"
            },
            "SeedBucketCredentials": {
              "type": "S3",
              "buckets": [
                {
                  "Ref": "SeedBucket"
                }
              ],
              "roleName": "#{SqlInstanceRole}"
            }
          },
          "AWS::CloudFormation::Init": {
            "configSets": {
              "config": [
                "cfnsetup",
                "disableautorename",
                "disableuac",                
                "dnsserver",
                "rename",
                "sublimetext",   
                "diskpart",             
                "copydb",
                "firstchefrun",
                "secondchefrun",
                "reboot",
                "thirdchefrun",
                "reboot",
                "fourthchefrun",
                "unconditionalsuccess"
              ]
            },
            "cfnsetup": {
              "files": {
                "c:\\cfn\\cfn-hup.conf": {
                  "content": {
                    "Fn::Join": [
                      "",
                      [
                        "[main]\n",
                        "stack=",
                        {
                          "Ref": "AWS::StackId"
                        },
                        "\n",
                        "region=",
                        {
                          "Ref": "AWS::Region"
                        },
                        "\n"
                      ]
                    ]
                  }
                },
                "c:\\cfn\\hooks.d\\cfn-auto-reloader.conf": {
                  "content": {
                    "Fn::Join": [
                      "",
                      [
                        "[cfn-auto-reloader-hook]\n",
                        "triggers=post.update\n",
                        "path=Resources.",
                        "Dmssqlcls101Ec2Instance",
                        ".Metadata.AWS::CloudFormation::Init\n",
                        "action=cfn-init.exe -v -s ",
                        {
                          "Ref": "AWS::StackId"
                        },
                        " --role ",
                        "#{SqlInstanceRole}",
                        " --region ",
                        {
                          "Ref": "AWS::Region"
                        },
                        "\n"
                      ]
                    ]
                  }
                }
              },
              "services": {
                "windows": {
                  "cfn-hup": {
                    "enabled": true,
                    "ensure_running": true,
                    "files": [
                      "c:\\cfn\\cfn-hup.conf",
                      "c:\\cfn\\hooks.d\\cfn-auto-reloader.conf"
                    ]
                  }
                }
              },
              "commands": {
                "00-set-execution-policy": {
                  "command": "powershell.exe -command Set-ExecutionPolicy RemoteSigned -Force",
                  "waitAfterCompletion": "0"
                }
              }
            },
            "disableautorename": {
              "files": {
                "c:\\cfn\\scripts\\disable_autorename.ps1": {
                  "content": {
                    "Fn::Join": [
                      "",
                      [
                        "$xml = [xml](Get-Content \"c:\\program files\\Amazon\\EC2ConfigService\\Settings\\config.xml\")\n",
                        "$update = $xml.Ec2ConfigurationSettings.Plugins.Plugin | where {$_.Name -eq 'Ec2SetComputerName'}\n",
                        "$update.State = 'Disabled'\n",
                        "$xml.Save(\"c:\\program files\\Amazon\\EC2ConfigService\\Settings\\config.xml\")\n"
                      ]
                    ]
                  }
                }
              },
              "commands": {
                "00-disable-auto-rename": {
                  "command": "powershell.exe -ExecutionPolicy RemoteSigned c:\\cfn\\scripts\\disable_autorename.ps1",
                  "waitAfterCompletion": "0"
                }
              }
            },
            "disableuac": {
              "files": {
                "c:\\cfn\\scripts\\disable_uac.ps1": {
                  "content": "New-ItemProperty -Path \"HKLM:\\Software\\Microsoft\\Windows\\CurrentVersion\\policies\\system\" -Name EnableLUA -PropertyType DWORD -Value 0 -Force"
                },
                "c:\\cfn\\scripts\\disable_generic_trend_policy.ps1": {
                  "content": "& $Env:ProgramFiles\"\\Trend Micro\\Deep Security Agent\\dsa_control\" -r"
                }
              },
              "commands": {
                "00-scheduled-task-disable-uac": {
                  "command": "schtasks /create /tn \"disable_uac\" /tr \"powershell.exe -ExecutionPolicy RemoteSigned c:\\cfn\\scripts\\disable_uac.ps1\" /sc ONSTART /ru System",
                  "waitAfterCompletion": "0"
                },
                "01-disable-generic-trendmicro-policy": {
                  "command": "powershell.exe -ExecutionPolicy RemoteSigned c:\\cfn\\scripts\\disable_generic_trend_policy.ps1",
                  "waitAfterCompletion": "0"
                },
                "02-place-disable_uac-scheduled-task-reboot": {
                  "command": "SHUTDOWN /r /f /t 5 /c \"Wrote disable_uac scheduled task; rebooting to insert.\"",
                  "waitAfterCompletion": "forever"
                },
                "03-disable_uac-takes-effect-reboot": {
                  "command": "SHUTDOWN /r /f /t 5 /c \"Implemented disable_uac scheduled task; rebooting to take effect.\"",
                  "waitAfterCompletion": "forever"
                }
              }
            },            
            "rename": {
              "commands": {
                "00-execute-powershell-script-RenameComputer": {
                  "command": {
                    "Fn::Join": [
                      "",
                      [
                        "powershell.exe -Command Rename-Computer -NewName ",
                        {
                          "Ref": "Dmssqlcls101Ec2InstanceHostname"
                        },
                        " -Force:$true -Restart:$false"
                      ]
                    ]
                  },
                  "waitAfterCompletion": "5"
                },
                "01-ensure-computer-rename-reboot": {
                  "command": "SHUTDOWN /r /f /t 5 /c \"powershell renamed machine; rebooting to take effect.\"",
                  "waitAfterCompletion": "forever"
                }
              }
            },
            "sublimetext": {
              "files": {
                "c:\\cfn\\scripts\\SublimeText3_x64.exe": {
                  "source": {
                    "Fn::Join": [
                      "",
                      [
                        "https://",
                        "nexus.emdeon.net",
                        ":8443",
                        "/nexus/content/sites/Emdeon-TC3-Health",
                        "/SublimeText3_x64.exe"
                      ]
                    ]
                  }
                }
              },
              "commands": {
                "00-install-sublime-text": {
                  "command": "c:\\cfn\\scripts\\SublimeText3_x64.exe /VERYSILENT /SUPPRESSMESSAGEBOXES /NORESTART /TASKS=\"contextentry\"",
                  "waitAfterCompletion": "0"
                }
              }
            },
            "dnsserver": {
              "files": {
                "c:\\cfn\\scripts\\set_dnsserver.ps1": {
                  "content": {
                    "Fn::Join": [
                      "",
                      [
                        "Set-DnsClientServerAddress -InterfaceAlias \"#{DNSInterfaceAlias}\" -ServerAddresses (\"",
                        "#{DNS_Primary}",
                        "\", \"",
                        "#{DNS_Secondary}",
                        "\")"
                      ]
                    ]
                  }
                }
              },
              "commands": {
                "00-execute-powershell-script-DnsClientServerAddress": {
                  "command": "powershell.exe -ExecutionPolicy RemoteSigned c:\\cfn\\scripts\\set_dnsserver.ps1",
                  "waitAfterCompletion": "0"
                }
              }
            },
            "diskpart": {
              "files": {
                "C:\\cfn\\scripts\\ConfigDisks.txt": {
                  "content": {
                    "Fn::Join": [
                      "",
                      [
                        "select disk=1 ",
                        "\n",
                        "offline DISK noerr ",
                        "\n",
                        "select disk=2 ",
                        "\n",
                        "offline DISK noerr ",
                        "\n",
                        "select disk=3 ",
                        "\n",
                        "offline DISK noerr ",
                        "\n",
                        "select disk=4 ",
                        "\n",
                        "offline DISK noerr ",
                        "\n",
                        "select disk=1 ",
                        "\n",
                        "ATTRIBUTES DISK CLEAR READONLY ",
                        "\n",
                        "ONLINE DISK noerr",
                        "\n",
                        "clean",
                        "\n",
                        "create partition primary align=1024 ",
                        "\n",
                        "assign letter=T ",
                        "\n",
                        "format fs=ntfs quick label=\"TEMP\" unit=64k",
                        "\n",
                        "select disk=2 ",
                        "\n",
                        "ATTRIBUTES DISK CLEAR READONLY ",
                        "\n",
                        "ONLINE DISK noerr",
                        "\n",
                        "clean",
                        "\n",
                        "create partition primary align=1024 ",
                        "\n",
                        "assign letter=F ",
                        "\n",
                        "format fs=ntfs quick label=\"LOG Volume\" unit=64k",
                        "\n",
                        "select disk=3 ",
                        "\n",
                        "ATTRIBUTES DISK CLEAR READONLY ",
                        "\n",
                        "ONLINE DISK noerr",
                        "\n",
                        "clean",
                        "\n",
                        "create partition primary align=1024 ",
                        "\n",
                        "assign letter=E ",
                        "\n",
                        "format fs=ntfs quick label=\"DATA Volume\" unit=64k",
                        "\n",
                        "select disk=4 ",
                        "\n",
                        "ATTRIBUTES DISK CLEAR READONLY ",
                        "\n",
                        "ONLINE DISK noerr",
                        "\n",
                        "clean",
                        "\n",
                        "create partition primary align=1024 ",
                        "\n",
                        "assign letter=D ",
                        "\n",
                        "format fs=ntfs quick label=\"TEMPDB Volume\" unit=64k",
                        "\n",
                        "exit",
                        "\n"
                      ]
                    ]
                  }
                },
                "C:\\cfn\\scripts\\ConfigDisks.bat": {
                  "content": {
                    "Fn::Join": [
                      "",
                      [
                        "diskpart /s C:\\cfn\\scripts\\ConfigDisks.txt",
                        "\n"
                      ]
                    ]
                  }
                }
              },
              "commands": {
                "perform-configDisk": {
                  "command": "C:\\cfn\\scripts\\ConfigDisks.bat",
                  "waitAfterCompletion": "0"
                }
              }
            },
            "copydb": {
              "files": {
                "c:\\cfn\\scripts\\AdventureWorks2014.bak": {
                  "source": {
                    "Fn::Join": [
                      "",
                      [
                        "https://",
                        {
                          "Ref": "InfrastructureBucket"
                        },
                        ".s3.amazonaws.com",
                        {
                          "Ref": "InfrastructureBucketPath"
                        },
                        "/dbsoftware/AdventureWorks2014.bak"
                      ]
                    ]
                  }
                }
              }
            },
            "firstchefrun": {
              "files": {
                "c:\\Chef\\client.rb": {
                  "content": {
                    "Fn::Join": [
                      "",
                      [
                        "current_dir = File.dirname(__FILE__)\n",
                        "log_level :info\n",
                        "log_location ",
                        "\"#{current_dir}\\\\client.log\"\n",
                        "node_name '",
                        {
                          "Ref": "Dmssqlcls101Ec2InstanceHostname"
                        },
                        "'\n",
                        "environment '",
                        {
                          "Ref": "ChefEnvironment"
                        },
                        "'\n",
                        "ssl_verify_mode :verify_none\n",
                        "validation_client_name '",
                        {
                          "Ref": "ChefServerOrg"
                        },
                        "-validator'\n",
                        "validation_key ",
                        "\"#{current_dir}\\\\validator.pem\"\n",
                        "chef_server_url '",
                        {
                          "Ref": "ChefServerUrl"
                        },
                        "/organizations/",
                        {
                          "Ref": "ChefServerOrg"
                        },
                        "'\n",                       
                        "cache_type 'BasicFile'\n",
                        "cache_options( :path => \"#{current_dir}\\\\checksums\" )\n",
                        "cookbook_path \"#{current_dir}\\\\..\\\\cookbooks\"\n",
                        "\nohai.disabled_plugins = [\n# The following plugins are required for Chef to work\n# 'hostname','windows::hostname','windows::platform',\n# and also want the following plugins enabled\n# 'ruby','chef','ohai','platform'\n# 'network','uptime','ohai_time'\n:C,\n:Cloud,\n:Command,\n:Dmi,\n:DmiCommon,\n:Ec2,\n:Eucalyptus,\n:Erlang,\n:GCE,\n:Groovy,\n:IpScopes,\n:Java,\n:Keys,\n:Lua,\n:Mono,\n:NetworkListeners,\n:NetworkRoutes,\n:Passwd,\n:Perl,\n:PHP,\n:Powershell,\n:Python,\n:Rackspace,\n:Softlayer,\n:SSHHostKey,\n:Virtualization,\n:VMware,\n]\n",
                        "\n"
                      ]
                    ]
                  },
                  "mode": "000644"
                },
                "c:\\Chef\\validator.pem": {
                  "source": {
                    "Fn::Join": [
                      "",
                      [
                        "https://",
                        {
                          "Ref": "SeedBucket"
                        },
                        ".s3.amazonaws.com",
                        {
                          "Ref": "InfrastructureBucketPath"
                        },
                        "/#{ValidatorKey}"
                      ]
                    ]
                  },
                  "mode": "000400",
                  "authentication": "SeedBucketCredentials"
                },
                "c:\\Chef\\encrypted_data_bag_secret": {
                  "source": {
                    "Fn::Join": [
                      "",
                      [
                        "https://",
                        {
                          "Ref": "SeedBucket"
                        },
                        ".s3.amazonaws.com",
                        {
                          "Ref": "InfrastructureBucketPath"
                        },
                        "/#{EncryptedDataBag}"
                      ]
                    ]
                  },
                  "mode": "000400",
                  "authentication": "SeedBucketCredentials"
                },
                "c:\\Chef\\chef-client-install.msi": {
                  "source": {
                    "Fn::Join": [
                      "",
                      [
                        "https://",
                        {
                          "Ref": "InfrastructureBucket"
                        },
                        ".s3.amazonaws.com",
                        {
                          "Ref": "InfrastructureBucketPath"
                        },
                        "/appsoftware/chef/chef-client-",
                        {
                          "Ref": "ChefClientVersion"
                        },
                        "-1-x86.msi"
                      ]
                    ]
                  },
                  "mode": "000400",
                  "owner": "root",
                  "group": "root",
                  "authentication": "InfrastructureBucketCredentials"
                },
                "c:\\Chef\\first_run.json": {
                  "content": {
                    "run_list": [
                      #{SqlRunListFirst}
                    ],
                    "chef_client": {
                      "init_style": "windows"
                    },
                    "vpc": {
                      "cidr": {
                        "Ref": "VpcCidr"
                      }
                    },
                    "main": {
                      "s3bucket": {
                        "Ref": "InfrastructureBucket"
                      }
                    },
                    "activedirectory": {
                      "netbiosname": {
                        "Ref": "DomainNetbiosName"
                      },
                      "domaintld": {
                        "Ref": "DomainTld"
                      }
                    },
                    "subnet": {
                      "gateway": "#{DefaultGateway1}",
                      "prefixlength": "28"
                    },
                    "cluster": {
                      "hostname": {
                        "Ref": "Dmssqlcls101Ec2InstanceHostname"
                      },
                      "name": {
                        "Ref": "WindowsClusterName1"
                      },
                      "ipaddress": {
                        "Ref": "Dmssqlcls101PrivateIp2"
                      }
                    },
                    "mssql": {
                      "iso": {
                        "filename": {
                          "Ref": "SqlInstallIsoFilename"
                        }
                      }
                    }
                  },
                  "mode": "000644"
                }
              },
              "commands": {
                "01_chef_client_install": {
                  "command": "C:\\Chef\\chef-client-install.msi /passive ADDLOCAL=\"ChefClientFeature\" /log \"C:\\Chef\\chef-client-install.log\"",
                  "cwd": "C:\\Chef",
                  "waitAfterCompletion": "0"
                },
                "02_chef_client_first_run": {
                  "command": "C:\\opscode\\chef\\bin\\chef-client -c c:\\chef\\client.rb -j c:\\chef\\first_run.json -l info",
                  "cwd": "C:\\Chef",
                  "waitAfterCompletion": "30"
                }
              }
            },
            "reboot": {
              "commands": {
                "00-windows-needs-more-reboot": {
                  "command": "SHUTDOWN /r /f /t 5 /c \"Windows can never reboot too many times!\"",
                  "waitAfterCompletion": "forever"
                }
              }
            },
            "secondchefrun": {
              "files": {
                "c:\\Chef\\second_run.json": {
                  "content": {
                    "run_list": [
                      #{SqlRunListSecond}
                    ],
                    "chef_client": {
                      "init_style": "windows"
                    },
                    "vpc": {
                      "cidr": {
                        "Ref": "VpcCidr"
                      }
                    },
                    "subnet": {
                      "gateway": "#{DefaultGateway1}",
                      "prefixlength": "28"
                    },
                    "cluster": {
                      "hostname": {
                        "Ref": "Dmssqlcls101Ec2InstanceHostname"
                      },
                      "name": {
                        "Ref": "WindowsClusterName1"
                      },
                      "ipaddress": {
                        "Ref": "Dmssqlcls101PrivateIp2"
                      }
                    },
                    "mssql": {
                      "iso": {
                        "filename": {
                          "Ref": "SqlInstallIsoFilename"
                        }
                      }
                    }
                  },
                  "mode": "000644"
                }
              },
              "commands": {
                "02_chef_client_second_run": {
                  "command": "C:\\opscode\\chef\\bin\\chef-client -c c:\\chef\\client.rb -j c:\\chef\\second_run.json -l info",
                  "cwd": "C:\\Chef",
                  "waitAfterCompletion": "30"
                }
              }
            },
            "thirdchefrun": {
              "files": {
                "c:\\Chef\\third_run.json": {
                  "content": {
                    "run_list": [
                      #{SqlRunListThirdLeader}
                    ],
                    "chef_client": {
                      "init_style": "windows"
                    },
                    "vpc": {
                      "cidr": {
                        "Ref": "VpcCidr"
                      }
                    },
                    "subnet": {
                      "gateway": "#{DefaultGateway1}",
                      "prefixlength": "28"
                    },
                    "cluster": {
                      "hostname": {
                        "Ref": "Dmssqlcls101Ec2InstanceHostname"
                      },
                      "name": {
                        "Ref": "WindowsClusterName1"
                      },
                      "ipaddress": {
                        "Ref": "Dmssqlcls101PrivateIp2"
                      }
                    },
                    "mssql": {
                      "iso": {
                        "filename": {
                          "Ref": "SqlInstallIsoFilename"
                        }
                      }
                    }
                  },
                  "mode": "000644"
                }
              },
              "commands": {
                "02_chef_client_third_run": {
                  "command": "C:\\opscode\\chef\\bin\\chef-client -c c:\\chef\\client.rb -j c:\\chef\\third_run.json -l info",
                  "cwd": "C:\\Chef",
                  "waitAfterCompletion": "30"
                }
              }
            },
            "fourthchefrun": {
              "files": {
                "c:\\Chef\\fourth_run.json": {
                  "content": {
                    "run_list": [
                      #{SqlRunListFourthLeader}
                    ],
                    "chef_client": {
                      "init_style": "windows"
                    },
                    "vpc": {
                      "cidr": {
                        "Ref": "VpcCidr"
                      }
                    },
                    "subnet": {
                      "gateway": "#{DefaultGateway1}",
                      "prefixlength": "28"
                    },
                    "cluster": {
                      "hostname": {
                        "Ref": "Dmssqlcls101Ec2InstanceHostname"
                      },
                      "name": {
                        "Ref": "WindowsClusterName1"
                      },
                      "ipaddress": {
                        "Ref": "Dmssqlcls101PrivateIp2"
                      }
                    },
                    "mssql": {
                      "iso": {
                        "filename": {
                          "Ref": "SqlInstallIsoFilename"
                        }
                      }
                    }
                  },
                  "mode": "000644"
                }
              },
              "commands": {
                "02_chef_client_fourth_run": {
                  "command": "C:\\opscode\\chef\\bin\\chef-client -c c:\\chef\\client.rb -j c:\\chef\\fourth_run.json -l debug",
                  "cwd": "C:\\Chef",
                  "waitAfterCompletion": "30"
                }
              }
            },
            "unconditionalsuccess": {
              "commands": {
                "a-signal-success": {
                  "command": {
                    "Fn::Join": [
                      "",
                      [
                        "cfn-signal.exe -e 0 \"",
                        {
                          "Ref": "Dmssqlcls101WaitConditionHandle"
                        },
                        "\""
                      ]
                    ]
                  }
                }
              }
            }
          }
        }
      },
      "Dmssqlcls10101EbsVolume": {
        "Type": "AWS::EC2::Volume",
        "Properties": {
          "AvailabilityZone": {
            "Fn::GetAtt": [
              "Dmssqlcls101Ec2Instance",
              "AvailabilityZone"
            ]
          },
          "VolumeType": "gp2",
          "Encrypted": true,
          "Size": 500
        }
      },
      "Dmssqlcls10101EbsVolumeAttachment": {
        "Type": "AWS::EC2::VolumeAttachment",
        "Properties": {
          "Device": "xvdf",
          "InstanceId": {
            "Ref": "Dmssqlcls101Ec2Instance"
          },
          "VolumeId": {
            "Ref": "Dmssqlcls10101EbsVolume"
          }
        }
      },    
      "Dmssqlcls10102EbsVolume": {
        "Type": "AWS::EC2::Volume",
        "Properties": {
          "AvailabilityZone": {
            "Fn::GetAtt": [
              "Dmssqlcls101Ec2Instance",
              "AvailabilityZone"
            ]
          },
          "VolumeType": "gp2",
          "Encrypted": true,
          "Size": 500
        }
      },
      "Dmssqlcls10102EbsVolumeAttachment": {
        "Type": "AWS::EC2::VolumeAttachment",
        "Properties": {
          "Device": "xvdg",
          "InstanceId": {
            "Ref": "Dmssqlcls101Ec2Instance"
          },
          "VolumeId": {
            "Ref": "Dmssqlcls10102EbsVolume"
          }
        }
      },
      "Dmssqlcls10103EbsVolume": {
        "Type": "AWS::EC2::Volume",
        "Properties": {
          "AvailabilityZone": {
            "Fn::GetAtt": [
              "Dmssqlcls101Ec2Instance",
              "AvailabilityZone"
            ]
          },
          "VolumeType": "gp2",
          "Encrypted": true,
          "Size": 500
        }
      },
      "Dmssqlcls10103EbsVolumeAttachment": {
        "Type": "AWS::EC2::VolumeAttachment",
        "Properties": {
          "Device": "xvdh",
          "InstanceId": {
            "Ref": "Dmssqlcls101Ec2Instance"
          },
          "VolumeId": {
            "Ref": "Dmssqlcls10103EbsVolume"
          }
        }
      },
      "Dmssqlcls10104EbsVolume": {
        "Type": "AWS::EC2::Volume",
        "Properties": {
          "AvailabilityZone": {
            "Fn::GetAtt": [
              "Dmssqlcls101Ec2Instance",
              "AvailabilityZone"
            ]
          },
          "VolumeType": "gp2",
          "Encrypted": true,
          "Size": 500
        }
      },
      "Dmssqlcls10104EbsVolumeAttachment": {
        "Type": "AWS::EC2::VolumeAttachment",
        "Properties": {
          "Device": "xvdi",
          "InstanceId": {
            "Ref": "Dmssqlcls101Ec2Instance"
          },
          "VolumeId": {
            "Ref": "Dmssqlcls10104EbsVolume"
          }
        }
      },
      "Dmssqlcls102WaitConditionHandle": {
        "Type": "AWS::CloudFormation::WaitConditionHandle"
      },
      "Dmssqlcls102WaitCondition": {
        "Type": "AWS::CloudFormation::WaitCondition",
        "DependsOn" : "Dmssqlcls102Ec2Instance",
        "Properties": {
          "Count": 1,
          "Handle": {
            "Ref": "Dmssqlcls102WaitConditionHandle"
          },
          "Timeout": 28800
        }
      },
      "Dmssqlcls102Ec2Instance": {
        "Type": "AWS::EC2::Instance",
        "Properties": {          
          "ImageId": "#{SqlAmiId}",          
          "InstanceType": {
            "Ref": "MssqlInstanceSize"
          },
          "KeyName": {
            "Ref": "MssqlEc2InstanceKeypair"
          },
          "EbsOptimized": true,
          "IamInstanceProfile": "#{SqlInstanceRole}",
          "NetworkInterfaces": [
            {
              "DeviceIndex": 0,
              "Description": {
                "Fn::Join": [
                  "",
                  [
                    {
                      "Ref": "Dmssqlcls102Ec2InstanceHostname"
                    },
                    "_eth0"
                  ]
                ]
              },
              "PrivateIpAddresses": [
                {
                  "PrivateIpAddress": {
                    "Ref": "Dmssqlcls102PrivateIp1"
                  },
                  "Primary": true
                },
                {
                  "PrivateIpAddress": {
                    "Ref": "Dmssqlcls102PrivateIp2"
                  },
                  "Primary": false
                },
                {
                  "PrivateIpAddress": {
                    "Ref": "Dmssqlcls102PrivateIp3"
                  },
                  "Primary": false
                }
              ],
              "DeleteOnTermination": true,
              "SubnetId": {
                "Ref": "PrivateSubnetDatabaseB"
              },
              "GroupSet": [
                {
                  "Ref": "AllPrivateSG"
                },
                {
                  "Ref": "PrivateDatabaseSG"
                }
              ]
            }
          ],
          "UserData": {
            "Fn::Base64": {
              "Fn::Join": [
                "",
                [
                  "<script>\n",                 
                  "cfn-init.exe -v --configset config -s ",
                  {
                    "Ref": "AWS::StackId"
                  },
                  " --region ",
                  {
                    "Ref": "AWS::Region"
                  },
                  " -r Dmssqlcls102Ec2Instance --role ",
                  "#{SqlInstanceRole}",
                  "\n",                  
                  "</script>"
                ]
              ]
            }
          },
          "Tags": [
            {
              "Key": "Name",
              "Value": {
                "Fn::Join": [
                  "",
                  [
                    {
                      "Ref": "TagApplicationname"
                    },
                    "-",
                    "#{SqlInstance2Name}",
                    "-",
                    {
                      "Ref": "TagOs"
                    }
                  ]
                ]
              }
            },
            {
                "Key": "AppId",
                "Value": {                                                        
                      "Ref": "TagAppid"                                                                                    
                }
              },
            {
              "Key": "Billing",
              "Value": {
                "Fn::Join": [
                  "",
                  [
                    {
                        "Ref": "TagBilling"
                    }
                  ]
                ]
              }
            },
            {
              "Key": "Description",
              "Value": {
                "Fn::Join": [
                  "",
                  [
                    "env=",
                    {
                      "Ref": "TagEnvironment"
                    },
                    "/",
                    "appid=",
                    {
                      "Ref": "TagAppid"
                    },
                    "/",
                    "comp=",
                    {
                      "Ref": "TagComponent"
                    },
                    "/",
                    "monitor=",
                    {
                      "Ref": "TagMonitor"
                    },
                    "/",
                    "team=",
                    {
                        "Ref": "TagTeam"
                    }

                  ]
                ]
              }
            }
          ]
        },
        "Metadata": {
          "AWS::CloudFormation::Authentication": {
            "InfrastructureBucketCredentials": {
              "type": "S3",
              "buckets": [
                {
                  "Ref": "InfrastructureBucket"
                }
              ],
              "roleName": "#{SqlInstanceRole}"
            },
            "SeedBucketCredentials": {
              "type": "S3",
              "buckets": [
                {
                  "Ref": "SeedBucket"
                }
              ],
              "roleName": "#{SqlInstanceRole}"
            }
          },
          "AWS::CloudFormation::Init": {
            "configSets": {
              "config": [
                "cfnsetup",
                "disableautorename",
                "disableuac",                
                "dnsserver",
                "rename",
                "sublimetext", 
                "diskpart",               
                "copydb",
                "firstchefrun",
                "secondchefrun",
                "reboot",
                "thirdchefrun",
                "reboot",
                "fourthchefrun",
                "unconditionalsuccess"
              ]
            },
            "cfnsetup": {
              "files": {
                "c:\\cfn\\cfn-hup.conf": {
                  "content": {
                    "Fn::Join": [
                      "",
                      [
                        "[main]\n",
                        "stack=",
                        {
                          "Ref": "AWS::StackId"
                        },
                        "\n",
                        "region=",
                        {
                          "Ref": "AWS::Region"
                        },
                        "\n"
                      ]
                    ]
                  }
                },
                "c:\\cfn\\hooks.d\\cfn-auto-reloader.conf": {
                  "content": {
                    "Fn::Join": [
                      "",
                      [
                        "[cfn-auto-reloader-hook]\n",
                        "triggers=post.update\n",
                        "path=Resources.",
                        "Dmssqlcls102Ec2Instance",
                        ".Metadata.AWS::CloudFormation::Init\n",
                        "action=cfn-init.exe -v -s ",
                        {
                          "Ref": "AWS::StackId"
                        },
                        " --role ",
                        "#{SqlInstanceRole}",
                        " --region ",
                        {
                          "Ref": "AWS::Region"
                        },
                        "\n"
                      ]
                    ]
                  }
                }
              },
              "services": {
                "windows": {
                  "cfn-hup": {
                    "enabled": true,
                    "ensure_running": true,
                    "files": [
                      "c:\\cfn\\cfn-hup.conf",
                      "c:\\cfn\\hooks.d\\cfn-auto-reloader.conf"
                    ]
                  }
                }
              },
              "commands": {
                "00-set-execution-policy": {
                  "command": "powershell.exe -command Set-ExecutionPolicy RemoteSigned -Force",
                  "waitAfterCompletion": "0"
                }
              }
            },
            "disableautorename": {
              "files": {
                "c:\\cfn\\scripts\\disable_autorename.ps1": {
                  "content": {
                    "Fn::Join": [
                      "",
                      [
                        "$xml = [xml](Get-Content \"c:\\program files\\Amazon\\EC2ConfigService\\Settings\\config.xml\")\n",
                        "$update = $xml.Ec2ConfigurationSettings.Plugins.Plugin | where {$_.Name -eq 'Ec2SetComputerName'}\n",
                        "$update.State = 'Disabled'\n",
                        "$xml.Save(\"c:\\program files\\Amazon\\EC2ConfigService\\Settings\\config.xml\")\n"
                      ]
                    ]
                  }
                }
              },
              "commands": {
                "00-disable-auto-rename": {
                  "command": "powershell.exe -ExecutionPolicy RemoteSigned c:\\cfn\\scripts\\disable_autorename.ps1",
                  "waitAfterCompletion": "0"
                }
              }
            },
            "disableuac": {
              "files": {
                "c:\\cfn\\scripts\\disable_uac.ps1": {
                  "content": "New-ItemProperty -Path \"HKLM:\\Software\\Microsoft\\Windows\\CurrentVersion\\policies\\system\" -Name EnableLUA -PropertyType DWORD -Value 0 -Force"
                },
                "c:\\cfn\\scripts\\disable_generic_trend_policy.ps1": {
                  "content": "& $Env:ProgramFiles\"\\Trend Micro\\Deep Security Agent\\dsa_control\" -r"
                }
              },
              "commands": {
                "00-scheduled-task-disable-uac": {
                  "command": "schtasks /create /tn \"disable_uac\" /tr \"powershell.exe -ExecutionPolicy RemoteSigned c:\\cfn\\scripts\\disable_uac.ps1\" /sc ONSTART /ru System",
                  "waitAfterCompletion": "0"
                },
                "01-disable-generic-trendmicro-policy": {
                  "command": "powershell.exe -ExecutionPolicy RemoteSigned c:\\cfn\\scripts\\disable_generic_trend_policy.ps1",
                  "waitAfterCompletion": "0"
                },
                "02-place-disable_uac-scheduled-task-reboot": {
                  "command": "SHUTDOWN /r /f /t 5 /c \"Wrote disable_uac scheduled task; rebooting to insert.\"",
                  "waitAfterCompletion": "forever"
                },
                "03-disable_uac-takes-effect-reboot": {
                  "command": "SHUTDOWN /r /f /t 5 /c \"Implemented disable_uac scheduled task; rebooting to take effect.\"",
                  "waitAfterCompletion": "forever"
                }
              }
            },            
            "rename": {
              "commands": {
                "00-execute-powershell-script-RenameComputer": {
                  "command": {
                    "Fn::Join": [
                      "",
                      [
                        "powershell.exe -Command Rename-Computer -NewName ",
                        {
                          "Ref": "Dmssqlcls102Ec2InstanceHostname"
                        },
                        " -Force:$true -Restart:$false"
                      ]
                    ]
                  },
                  "waitAfterCompletion": "5"
                },
                "01-ensure-computer-rename-reboot": {
                  "command": "SHUTDOWN /r /f /t 5 /c \"powershell renamed machine; rebooting to take effect.\"",
                  "waitAfterCompletion": "forever"
                }
              }
            },
            "sublimetext": {
              "files": {
                "c:\\cfn\\scripts\\SublimeText3_x64.exe": {
                  "source": {
                    "Fn::Join": [
                      "",
                      [
                        "https://",
                        "nexus.emdeon.net",
                        ":8443",
                        "/nexus/content/sites/Emdeon-TC3-Health",
                        "/SublimeText3_x64.exe"
                      ]
                    ]
                  }
                }
              },
              "commands": {
                "00-install-sublime-text": {
                  "command": "c:\\cfn\\scripts\\SublimeText3_x64.exe /VERYSILENT /SUPPRESSMESSAGEBOXES /NORESTART /TASKS=\"contextentry\"",
                  "waitAfterCompletion": "0"
                }
              }
            },
            "dnsserver": {
              "files": {
                "c:\\cfn\\scripts\\set_dnsserver.ps1": {
                  "content": {
                    "Fn::Join": [
                      "",
                      [
                        "Set-DnsClientServerAddress -InterfaceAlias \"#{DNSInterfaceAlias}\" -ServerAddresses (\"",
                        "#{DNS_Primary}",
                        "\", \"",
                        "#{DNS_Secondary}",
                        "\")"
                      ]
                    ]
                  }
                }
              },
              "commands": {
                "00-execute-powershell-script-DnsClientServerAddress": {
                  "command": "powershell.exe -ExecutionPolicy RemoteSigned c:\\cfn\\scripts\\set_dnsserver.ps1",
                  "waitAfterCompletion": "0"
                }
              }
            },
            "diskpart": {
              "files": {
                "C:\\cfn\\scripts\\ConfigDisks.txt": {
                  "content": {
                    "Fn::Join": [
                      "",
                      [
                        "select disk=1 ",
                        "\n",
                        "offline DISK noerr ",
                        "\n",
                        "select disk=2 ",
                        "\n",
                        "offline DISK noerr ",
                        "\n",
                        "select disk=3 ",
                        "\n",
                        "offline DISK noerr ",
                        "\n",
                        "select disk=4 ",
                        "\n",
                        "offline DISK noerr ",
                        "\n",
                        "select disk=1 ",
                        "\n",
                        "ATTRIBUTES DISK CLEAR READONLY ",
                        "\n",
                        "ONLINE DISK noerr",
                        "\n",
                        "clean",
                        "\n",
                        "create partition primary align=1024 ",
                        "\n",
                        "assign letter=T ",
                        "\n",
                        "format fs=ntfs quick label=\"TEMP\" unit=64k",
                        "\n",
                        "select disk=2 ",
                        "\n",
                        "ATTRIBUTES DISK CLEAR READONLY ",
                        "\n",
                        "ONLINE DISK noerr",
                        "\n",
                        "clean",
                        "\n",
                        "create partition primary align=1024 ",
                        "\n",
                        "assign letter=F ",
                        "\n",
                        "format fs=ntfs quick label=\"LOG Volume\" unit=64k",
                        "\n",
                        "select disk=3 ",
                        "\n",
                        "ATTRIBUTES DISK CLEAR READONLY ",
                        "\n",
                        "ONLINE DISK noerr",
                        "\n",
                        "clean",
                        "\n",
                        "create partition primary align=1024 ",
                        "\n",
                        "assign letter=E ",
                        "\n",
                        "format fs=ntfs quick label=\"DATA Volume\" unit=64k",
                        "\n",
                        "select disk=4 ",
                        "\n",
                        "ATTRIBUTES DISK CLEAR READONLY ",
                        "\n",
                        "ONLINE DISK noerr",
                        "\n",
                        "clean",
                        "\n",
                        "create partition primary align=1024 ",
                        "\n",
                        "assign letter=D ",
                        "\n",
                        "format fs=ntfs quick label=\"TEMPDB Volume\" unit=64k",
                        "\n",
                        "exit",
                        "\n"
                      ]
                    ]
                  }
                },
                "C:\\cfn\\scripts\\ConfigDisks.bat": {
                  "content": {
                    "Fn::Join": [
                      "",
                      [
                        "diskpart /s C:\\cfn\\scripts\\ConfigDisks.txt",
                        "\n"
                      ]
                    ]
                  }
                }
              },
              "commands": {
                "perform-configDisk": {
                  "command": "C:\\cfn\\scripts\\ConfigDisks.bat",
                  "waitAfterCompletion": "0"
                }
              }
            },
            "copydb": {
              "files": {
                "c:\\cfn\\scripts\\AdventureWorks2014.bak": {
                  "source": {
                    "Fn::Join": [
                      "",
                      [
                        "https://",
                        {
                          "Ref": "InfrastructureBucket"
                        },
                        ".s3.amazonaws.com",
                        {
                          "Ref": "InfrastructureBucketPath"
                        },
                        "/dbsoftware/AdventureWorks2014.bak"
                      ]
                    ]
                  }
                }
              }
            },
            "firstchefrun": {
              "files": {
                "c:\\Chef\\client.rb": {
                  "content": {
                    "Fn::Join": [
                      "",
                      [
                        "current_dir = File.dirname(__FILE__)\n",
                        "log_level :info\n",
                        "log_location ",
                        "\"#{current_dir}\\\\client.log\"\n",
                        "node_name '",
                        {
                          "Ref": "Dmssqlcls102Ec2InstanceHostname"
                        },
                        "'\n",
                        "environment '",
                        {
                          "Ref": "ChefEnvironment"
                        },
                        "'\n",
                        "ssl_verify_mode :verify_none\n",
                        "validation_client_name '",
                        {
                          "Ref": "ChefServerOrg"
                        },
                        "-validator'\n",
                        "validation_key ",
                        "\"#{current_dir}\\\\validator.pem\"\n",
                        "chef_server_url '",
                        {
                          "Ref": "ChefServerUrl"
                        },
                        "/organizations/",
                        {
                          "Ref": "ChefServerOrg"
                        },
                        "'\n",                        
                        "cache_type 'BasicFile'\n",
                        "cache_options( :path => \"#{current_dir}\\\\checksums\" )\n",
                        "cookbook_path \"#{current_dir}\\\\..\\\\cookbooks\"\n",
                        "\nohai.disabled_plugins = [\n# The following plugins are required for Chef to work\n# 'hostname','windows::hostname','windows::platform',\n# and also want the following plugins enabled\n# 'ruby','chef','ohai','platform'\n# 'network','uptime','ohai_time'\n:C,\n:Cloud,\n:Command,\n:Dmi,\n:DmiCommon,\n:Ec2,\n:Eucalyptus,\n:Erlang,\n:GCE,\n:Groovy,\n:IpScopes,\n:Java,\n:Keys,\n:Lua,\n:Mono,\n:NetworkListeners,\n:NetworkRoutes,\n:Passwd,\n:Perl,\n:PHP,\n:Powershell,\n:Python,\n:Rackspace,\n:Softlayer,\n:SSHHostKey,\n:Virtualization,\n:VMware,\n]\n",
                        "\n"
                      ]
                    ]
                  },
                  "mode": "000644"
                },
                "c:\\Chef\\validator.pem": {
                  "source": {
                    "Fn::Join": [
                      "",
                      [
                        "https://",
                        {
                          "Ref": "SeedBucket"
                        },
                        ".s3.amazonaws.com",
                        {
                          "Ref": "InfrastructureBucketPath"
                        },
                        "/#{ValidatorKey}"
                      ]
                    ]
                  },
                  "mode": "000400",
                  "authentication": "SeedBucketCredentials"
                },
                "c:\\Chef\\encrypted_data_bag_secret": {
                  "source": {
                    "Fn::Join": [
                      "",
                      [
                        "https://",
                        {
                          "Ref": "SeedBucket"
                        },
                        ".s3.amazonaws.com",
                        {
                          "Ref": "InfrastructureBucketPath"
                        },
                        "/#{EncryptedDataBag}"
                      ]
                    ]
                  },
                  "mode": "000400",
                  "authentication": "SeedBucketCredentials"
                },
                "c:\\Chef\\chef-client-install.msi": {
                  "source": {
                    "Fn::Join": [
                      "",
                      [
                        "https://",
                        {
                          "Ref": "InfrastructureBucket"
                        },
                        ".s3.amazonaws.com",
                        {
                          "Ref": "InfrastructureBucketPath"
                        },
                        "/appsoftware/chef/chef-client-",
                        {
                          "Ref": "ChefClientVersion"
                        },
                        "-1-x86.msi"
                      ]
                    ]
                  },
                  "mode": "000400",
                  "owner": "root",
                  "group": "root",
                  "authentication": "InfrastructureBucketCredentials"
                },
                "c:\\Chef\\first_run.json": {
                  "content": {
                    "run_list": [
                        #{SqlRunListFirst}
                    ],
                    "chef_client": {
                      "init_style": "windows"
                    },
                    "vpc": {
                      "cidr": {
                        "Ref": "VpcCidr"
                      }
                    },
                    "main": {
                      "s3bucket": {
                        "Ref": "InfrastructureBucket"
                      }
                    },
                    "activedirectory": {
                      "netbiosname": {
                        "Ref": "DomainNetbiosName"
                      },
                      "domaintld": {
                        "Ref": "DomainTld"
                      }
                    },
                    "subnet": {
                      "gateway": "#{DefaultGateway2}",
                      "prefixlength": "28"
                    },
                    "cluster": {
                      "hostname": {
                        "Ref": "Dmssqlcls102Ec2InstanceHostname"
                      },
                      "name": {
                        "Ref": "WindowsClusterName1"
                      },
                      "ipaddress": {
                        "Ref": "Dmssqlcls102PrivateIp2"
                      }
                    },
                    "mssql": {
                      "iso": {
                        "filename": {
                          "Ref": "SqlInstallIsoFilename"
                        }
                      }
                    }
                  },
                  "mode": "000644"
                }
              },
              "commands": {
                "01_chef_client_install": {
                  "command": "C:\\Chef\\chef-client-install.msi /passive ADDLOCAL=\"ChefClientFeature\" /log \"C:\\Chef\\chef-client-install.log\"",
                  "cwd": "C:\\Chef",
                  "waitAfterCompletion": "0"
                },
                "02_chef_client_first_run": {
                  "command": "C:\\opscode\\chef\\bin\\chef-client -c c:\\chef\\client.rb -j c:\\chef\\first_run.json -l info",
                  "cwd": "C:\\Chef",
                  "waitAfterCompletion": "30"
                }
              }
            },
            "reboot": {
              "commands": {
                "00-windows-needs-more-reboot": {
                  "command": "SHUTDOWN /r /f /t 5 /c \"Windows can never reboot too many times!\"",
                  "waitAfterCompletion": "forever"
                }
              }
            },
            "secondchefrun": {
              "files": {
                "c:\\Chef\\second_run.json": {
                  "content": {
                    "run_list": [
                      #{SqlRunListSecond}
                    ],
                    "chef_client": {
                      "init_style": "windows"
                    },
                    "vpc": {
                      "cidr": {
                        "Ref": "VpcCidr"
                      }
                    },
                    "subnet": {
                      "gateway": "#{DefaultGateway2}",
                      "prefixlength": "28"
                    },
                    "cluster": {
                      "hostname": {
                        "Ref": "Dmssqlcls102Ec2InstanceHostname"
                      },
                      "name": {
                        "Ref": "WindowsClusterName1"
                      },
                      "ipaddress": {
                        "Ref": "Dmssqlcls102PrivateIp2"
                      }
                    },
                    "mssql": {
                      "iso": {
                        "filename": {
                          "Ref": "SqlInstallIsoFilename"
                        }
                      }
                    }
                  },
                  "mode": "000644"
                }
              },
              "commands": {
                "02_chef_client_second_run": {
                  "command": "C:\\opscode\\chef\\bin\\chef-client -c c:\\chef\\client.rb -j c:\\chef\\second_run.json -l info",
                  "cwd": "C:\\Chef",
                  "waitAfterCompletion": "30"
                }
              }
            },
            "thirdchefrun": {
              "files": {
                "c:\\Chef\\third_run.json": {
                  "content": {
                    "run_list": [
                      #{SqlRunListThirdMember}
                    ],
                    "chef_client": {
                      "init_style": "windows"
                    },
                    "vpc": {
                      "cidr": {
                        "Ref": "VpcCidr"
                      }
                    },
                    "subnet": {
                      "gateway": "#{DefaultGateway2}",
                      "prefixlength": "28"
                    },
                    "cluster": {
                      "hostname": {
                        "Ref": "Dmssqlcls102Ec2InstanceHostname"
                      },
                      "name": {
                        "Ref": "WindowsClusterName1"
                      },
                      "ipaddress": {
                        "Ref": "Dmssqlcls102PrivateIp2"
                      }
                    },
                    "mssql": {
                      "iso": {
                        "filename": {
                          "Ref": "SqlInstallIsoFilename"
                        }
                      }
                    }
                  },
                  "mode": "000644"
                }
              },
              "commands": {
                "02_chef_client_third_run": {
                  "command": "C:\\opscode\\chef\\bin\\chef-client -c c:\\chef\\client.rb -j c:\\chef\\third_run.json -l info",
                  "cwd": "C:\\Chef",
                  "waitAfterCompletion": "30"
                }
              }
            },
            "fourthchefrun": {
              "files": {
                "c:\\Chef\\fourth_run.json": {
                  "content": {
                    "run_list": [
                      #{SqlRunListFourthMember}
                    ],
                    "chef_client": {
                      "init_style": "windows"
                    },
                    "vpc": {
                      "cidr": {
                        "Ref": "VpcCidr"
                      }
                    },
                    "subnet": {
                      "gateway": "#{DefaultGateway2}",
                      "prefixlength": "28"
                    },
                    "cluster": {
                      "hostname": {
                        "Ref": "Dmssqlcls102Ec2InstanceHostname"
                      },
                      "name": {
                        "Ref": "WindowsClusterName1"
                      },
                      "ipaddress": {
                        "Ref": "Dmssqlcls102PrivateIp2"
                      }
                    },
                    "mssql": {
                      "iso": {
                        "filename": {
                          "Ref": "SqlInstallIsoFilename"
                        }
                      }
                    }
                  },
                  "mode": "000644"
                }
              },
              "commands": {
                "02_chef_client_fourth_run": {
                  "command": "C:\\opscode\\chef\\bin\\chef-client -c c:\\chef\\client.rb -j c:\\chef\\fourth_run.json -l debug",
                  "cwd": "C:\\Chef",
                  "waitAfterCompletion": "30"
                }
              }
            },
            "unconditionalsuccess": {
              "commands": {
                "a-signal-success": {
                  "command": {
                    "Fn::Join": [
                      "",
                      [
                        "cfn-signal.exe -e 0 \"",
                        {
                          "Ref": "Dmssqlcls102WaitConditionHandle"
                        },
                        "\""
                      ]
                    ]
                  }
                }
              }
            }
          }
        }
      },
      "Dmssqlcls10201EbsVolume": {
        "Type": "AWS::EC2::Volume",
        "Properties": {
          "AvailabilityZone": {
            "Fn::GetAtt": [
              "Dmssqlcls102Ec2Instance",
              "AvailabilityZone"
            ]
          },
          "VolumeType": "gp2",
          "Encrypted": true,
          "Size": 500
        }
      },
      "Dmssqlcls10201EbsVolumeAttachment": {
        "Type": "AWS::EC2::VolumeAttachment",
        "Properties": {
          "Device": "xvdf",
          "InstanceId": {
            "Ref": "Dmssqlcls102Ec2Instance"
          },
          "VolumeId": {
            "Ref": "Dmssqlcls10201EbsVolume"
          }
        }
      },    
      "Dmssqlcls10202EbsVolume": {
        "Type": "AWS::EC2::Volume",
        "Properties": {
          "AvailabilityZone": {
            "Fn::GetAtt": [
              "Dmssqlcls102Ec2Instance",
              "AvailabilityZone"
            ]
          },
          "VolumeType": "gp2",
          "Encrypted": true,
          "Size": 500
        }
      },
      "Dmssqlcls10202EbsVolumeAttachment": {
        "Type": "AWS::EC2::VolumeAttachment",
        "Properties": {
          "Device": "xvdg",
          "InstanceId": {
            "Ref": "Dmssqlcls102Ec2Instance"
          },
          "VolumeId": {
            "Ref": "Dmssqlcls10202EbsVolume"
          }
        }
      },
      "Dmssqlcls10203EbsVolume": {
        "Type": "AWS::EC2::Volume",
        "Properties": {
          "AvailabilityZone": {
            "Fn::GetAtt": [
              "Dmssqlcls102Ec2Instance",
              "AvailabilityZone"
            ]
          },
          "VolumeType": "gp2",
          "Encrypted": true,
          "Size": 500
        }
      },
      "Dmssqlcls10203EbsVolumeAttachment": {
        "Type": "AWS::EC2::VolumeAttachment",
        "Properties": {
          "Device": "xvdh",
          "InstanceId": {
            "Ref": "Dmssqlcls102Ec2Instance"
          },
          "VolumeId": {
            "Ref": "Dmssqlcls10203EbsVolume"
          }
        }
      },
      "Dmssqlcls10204EbsVolume": {
        "Type": "AWS::EC2::Volume",
        "Properties": {
          "AvailabilityZone": {
            "Fn::GetAtt": [
              "Dmssqlcls102Ec2Instance",
              "AvailabilityZone"
            ]
          },
          "VolumeType": "gp2",
          "Encrypted": true,
          "Size": 500
        }
      },
      "Dmssqlcls10204EbsVolumeAttachment": {
        "Type": "AWS::EC2::VolumeAttachment",
        "Properties": {
          "Device": "xvdi",
          "InstanceId": {
            "Ref": "Dmssqlcls102Ec2Instance"
          },
          "VolumeId": {
            "Ref": "Dmssqlcls10204EbsVolume"
          }
        }
      }
    }      
  } 

