{
  "AWSTemplateFormatVersion": "2010-09-09",
  "Parameters": {
    "Creator": {
      "Default": "ec2-user",
      "Description": "Creator of stack",
      "Type": "String"
    },
    "InfrastructureBucket": {
      "Default": "#{InfrastructureBucket}",
      "Description": "Infrastructure files bucket",
      "Type": "String"
    },
    "SeedBucket": {
      "Default": "#{SeedBucket}",
      "Description": "Infrastructure seed files bucket",
      "Type": "String"
    },
    "InfrastructureBucketPath": {
      "Default": "#{InfrastructureBucketPath}",
      "Description": "Infrastructure bucket file path",
      "Type": "String"
    },
  "TagBilling": {
      "Type": "String",
      "Default": "#{TagBilling}"
     }, 
    "TagPercent": {
      "Type": "String",
      "Default": "100"
    },
    "TagApplicationname": {
      "Type": "String",
      "Default": "#{TagApplicationname}"
    },
    "TagAppid": {
      "Type": "String",
      "Default": "#{TagAppid}"
    },
   "TagTeam": {
      "Type": "String",
      "Default": "#{TagTeam}"
    },
    "TagMonitor": {
      "Type": "String",
      "Default": "#{TagMonitor}",
      "AllowedValues": [
        "true",
        "false"
      ]
    },
    "TagEnvironment": {
      "Type": "String",
      "Description": "One of only: %w(DEV QA CERT TEST NONPROD MGMT DR PROD IMP)",
      "Default": "#{TagEnvironment}",
      "AllowedValues": [
        "DEV",
        "QA",
        "CERT",
        "TEST",
        "NONPROD",
        "MGMT",
        "DR",
        "PROD",
        "IMP",
        "QCI"
      ]
    },
    "TagComponent": {
      "Description": "The sub-component piece of the application stack (part of the AWS tag Description)",
      "Type": "String",
      "Default": "#{PasswordTagComponent}"
    },
  "subnetid": {
      "Description": "subnet ID",
      "Type": "String",
      "Default": "#{AppSubnet1}"
    },
    "Vpcid": {
      "Description": "VPC ID",
      "Type": "String",
      "Default": "#{Vpcid}"
    },
    "VpcCidr": {
      "Description": "VPC Subnet",
      "Type": "String",
      "Default": "#{VpcCidr}"
    },
    "ChefServerUrl": {
      "Description": "URL for the chef server",
      "Type": "String",
    "Default": "#{ChefServerUrl}"
    },
    "ChefServerOrg": {
      "Description": "Initial Chef Server Organization",
      "Default": "#{ChefServerOrg}",
      "Type": "String"
    },
    "TagOs": {
      "Type": "String",
      "Default": "#{TagOs}"
    },
    "ChefClientVersion": {
      "Description": "Chef client version",
      "Default": "#{ChefClientVersion}",
      "Type": "String"
    },
    "DomainTld": {
      "Description": "TLD Top Level Domain-name",
      "Type": "String",
      "Default": "#{DomainTld}"
    },
    "DomainNetbiosName": {
      "Description": "domain netbios name",
      "Type": "String",
      "Default": "#{DomainNetbiosName}"
    },
    "ChefEnvironment": {
      "Description": "Chef environment",
      "Default": "#{ChefEnvironment}",
      "AllowedValues": [
        "_default",
        "development",
        "implementation",
        "production",
        "certification",
        "qa",
        "dr",
        "test"
      ],
      "Type": "String"
    },
    "TagRole": {
      "Description": "The role of this piece the application stack (part of the AWS tag Name)",
      "Type": "String",
      "Default": "#{PasswdTagRole}"
    },  
    "PrivateSubnetCoreInfraB": {
      "Type": "String",
      "Default": "subnet-12345678"
    },
    "PrivateSubnetCoreInfraA": {
      "Type": "String",
      "Default": "subnet-12345678"
    },
    "AllPrivateSG": {
      "Type": "String",
      "Default": "#{AllPrivateSG}"
    },
    "PasswdEc2InstanceKeypair": {
      "Type": "String",
      "Default": "#{PasswdEc2InstanceKeypair}"
    },
    "Dpasswd03Ec2InstanceHostname": {
      "Type": "String",
      "Default": "#{Dpasswd03Ec2InstanceHostname}"
    },
    "PasswdInstanceSize": {
      "AllowedValues": [
        "m4.2xlarge",
        "m4.xlarge",
        "m4.large",
        "m1.medium",
        "m1.small"
      ],
      "Default": "#{PasswdInstanceSize}",
      "Description": "Size of created instance",
      "Type": "String"
    },
    "PasswdInstanceImageType": {
      "AllowedValues": [
        "windows2012R2",
        "windows2012R2pass",
        "windows2012R2MSSQL2014Express",
        "clusterMemberMSSQL2014"
      ],
      "Default": "#{PasswdInstanceImageType}",
      "Description": "Instance platform",
      "Type": "String"
    },
    "dpasswd03Ec2InstanceChefClientRunList": {
      "Type": "CommaDelimitedList",
      "Description": "Initial chef client run list for dpasswd03",
      "Default": "#{dpasswd03Ec2InstanceChefClientRunList}"
    }
  },
  "Outputs": {
    "Creator": {
      "Value": {
        "Ref": "Creator"
      }
    },
    "InfrastructureBucket": {
      "Value": {
        "Ref": "InfrastructureBucket"
      }
    },
    "TagPercent": {
      "Value": {
        "Ref": "TagPercent"
      }
    },
    "TagApplicationname": {
      "Value": {
        "Ref": "TagApplicationname"
      }
    },
    "TagAppid": {
      "Value": {
        "Ref": "TagAppid"
      }
    },
    "TagMonitor": {
      "Value": {
        "Ref": "TagMonitor"
      }
    },
    "TagEnvironment": {
      "Value": {
        "Ref": "TagEnvironment"
      }
    },
    "TagComponent": {
      "Value": {
        "Ref": "TagComponent"
      }
    },
    "Vpcid": {
      "Value": {
        "Ref": "Vpcid"
      }
    },
    "VpcCidr": {
      "Value": {
        "Ref": "VpcCidr"
      }
    },
    "TagRole": {
      "Value": {
        "Ref": "TagRole"
      }
    },
        "Dpasswd03Ec2InstanceAz": {
            "Description": "Availability Zone of the newly created EC2 instance",
            "Value": {
                "Fn::GetAtt": [
                    "Dpasswd03Ec2Instance",
                    "AvailabilityZone"
                ]
            }
        },
        "Dpasswd03InstanceId": {
            "Description": "InstanceId of the newly created EC2 instance",
            "Value": {
                "Ref": "Dpasswd03Ec2Instance"
            }
        },
        "Dpasswd03Ec2InstancePrivateIp": {
            "Description": "Private IP passwddress of the newly created EC2 instance",
            "Value": {
                "Fn::GetAtt": [
                    "Dpasswd03Ec2Instance",
                    "PrivateIp"
                ]
            }
        },
        "PrivateDns": {
            "Description": "Private DNSName of the newly created EC2 instance",
            "Value": {
                "Fn::GetAtt": [
                    "Dpasswd03Ec2Instance",
                    "PrivateDnsName"
                ]
            }
        }
    },
    "Mappings": {
        "Platforms": {
            "us-east-1": {
                "windows2012R2": "#{passwd-ami}"
            }
        }
    },
    "Description": "Password Stack",
    "Resources": {
        "Dpasswd03Ec2Instance": {
            "Type": "AWS::EC2::Instance",
            "Properties": {
                "ImageId": {
                    "Fn::FindInMap": [
                        "Platforms",
                        {
                            "Ref": "AWS::Region"
                        },
                        {
                            "Ref": "PasswdInstanceImageType"
                        }
                    ]
                },
                "InstanceType": {
                    "Ref": "PasswdInstanceSize"
                },
                "KeyName": {
                    "Ref": "PasswdEc2InstanceKeypair"
                },
                "IamInstanceProfile": "#{IamInstanceProfile}",
                "NetworkInterfaces": [
                    {
                        "DeviceIndex": 0,
                        "Description": {
                            "Fn::Join": [
                                "",
                                [
                                    {
                                        "Ref": "Dpasswd03Ec2InstanceHostname"
                                    },
                                    "_eth0"
                                ]
                            ]
                        },
                        "AssociatePublicIpAddress": false,
                        "DeleteOnTermination": true,
                        "SubnetId": {
                            "Ref": "subnetid"
                        },
                        "GroupSet": [
                            {
                                "Ref": "AllPrivateSG"
                            },
                            {
                                "Ref": "AllPrivateSG"
                            }
                        ]
                    }
                ],
                "UserData": {
                    "Fn::Base64": {
                        "Fn::Join": [
                            "",
                            [  
                                "<script>\n",
                                "cfn-init.exe -v --configset config -s ",
                                {
                                    "Ref": "AWS::StackId"
                                },
                                " --region ",
                                {
                                    "Ref": "AWS::Region"
                                },
                                " -r Dpasswd03Ec2Instance --role ",
                                "PrePay-PiCommandServer",
                                "\n",
                                "</script>"
                            ]
                        ]
                    }
                },
                "Tags": [
                    {
                        "Key": "Name",
                        "Value": {
                            "Fn::Join": [
                                "",
                                [
                                    {
                                        "Ref": "TagApplicationname"
                                    },
                                    "-",
                                    "Dpasswd03",
                                    "-",
                                    {
                                        "Ref": "TagOs"
                                    }
                                ]
                            ]
                        }
                    },
                    {
                        "Key": "Billing",
                        "Value": {
                            "Fn::Join": [
                                "",
                                [
                                    {
                                        "Ref": "TagBilling"
                                    }
                                ]
                            ]
                        }
                    },
                    {
                        "Key": "Description",
                        "Value": {
                            "Fn::Join": [
                                "",
                                [
                                    "env=",
                                    {
                                        "Ref": "TagEnvironment"
                                    },
                                    "/",
                                    "appid=",
                                    {
                                        "Ref": "TagAppid"
                                    },
                                    "/",
                                    "comp=",
                                    {
                                        "Ref": "TagComponent"
                                    },
                                    "/",
                                    "monitor=",
                                    {
                                        "Ref": "TagMonitor"
                                    },
                                    "/",
                                    "team=",
                                    {
                                        "Ref": "TagTeam"
                                    }
                                ]
                            ]
                        }
                    }
                ]
            },
            "Metadata": {
                "AWS::CloudFormation::Authentication": {
                    "InfrastructureBucketCredentials": {
                        "type": "S3",
                        "buckets": [
                            {
                                "Ref": "InfrastructureBucket"
                            }
                        ],
                        "roleName": "#{IamInstanceProfile}"
                    },
                    "SeedBucketCredentials": {
                        "type": "S3",
                        "buckets": [
                            {
                                "Ref": "SeedBucket"
                            }
                        ],
                        "roleName": "#{IamInstanceProfile}"
                    }
                },
                "AWS::CloudFormation::Init": {
                    "configSets": {
                        "config": [
                            "cfnsetup",
                            "disableautorename",
                            "disableuac",
                            "rename",
                            "sublimetext",
                            "firstchefrun"
                        ]
                    },
                    "cfnsetup": {
                        "files": {
                            "c:\\cfn\\cfn-hup.conf": {
                                "content": {
                                    "Fn::Join": [
                                        "",
                                        [
                                            "[main]\n",
                                            "stack=",
                                            {
                                                "Ref": "AWS::StackId"
                                            },
                                            "\n",
                                            "region=",
                                            {
                                                "Ref": "AWS::Region"
                                            },
                                            "\n"
                                        ]
                                    ]
                                }
                            },
                            "c:\\cfn\\hooks.d\\cfn-auto-relopasswder.conf": {
                                "content": {
                                    "Fn::Join": [
                                        "",
                                        [
                                            "[cfn-auto-relopasswder-hook]\n",
                                            "triggers=post.update\n",
                                            "path=Resources.",
                                            "Dpasswd03Ec2Instance",
                                            ".Metpasswdata.AWS::CloudFormation::Init\n",
                                            "action=cfn-init.exe -v -s ",
                                            {
                                                "Ref": "AWS::StackId"
                                            },
                                            " --role ",
                                            "PrePay-PiCommandServer",
                                            " --region ",
                                            {
                                                "Ref": "AWS::Region"
                                            },
                                            "\n"
                                        ]
                                    ]
                                }
                            }
                        },
                        "services": {
                            "windows": {
                                "cfn-hup": {
                                    "enabled": true,
                                    "ensure_running": true,
                                    "files": [
                                        "c:\\cfn\\cfn-hup.conf",
                                        "c:\\cfn\\hooks.d\\cfn-auto-relopasswder.conf"
                                    ]
                                }
                            }
                        },
                        "commands": {
                            "00-set-execution-policy": {
                                "command": "powershell.exe -command Set-ExecutionPolicy RemoteSigned -Force",
                                "waitAfterCompletion": "0"
                            }
                        }
                    },
                    "disableautorename": {
                        "files": {
                            "c:\\cfn\\scripts\\disable_autorename.ps1": {
                                "content": {
                                    "Fn::Join": [
                                        "",
                                        [
                                            "$xml = [xml](Get-Content \"c:\\program files\\Amazon\\EC2ConfigService\\Settings\\config.xml\")\n",
                                            "$update = $xml.Ec2ConfigurationSettings.Plugins.Plugin | where {$_.Name -eq 'Ec2SetComputerName'}\n",
                                            "$update.State = 'Disabled'\n",
                                            "$xml.Save(\"c:\\program files\\Amazon\\EC2ConfigService\\Settings\\config.xml\")\n"
                                        ]
                                    ]
                                }
                            }
                        },
                        "commands": {
                            "00-disable-auto-rename": {
                                "command": "powershell.exe -ExecutionPolicy RemoteSigned c:\\cfn\\scripts\\disable_autorename.ps1",
                                "waitAfterCompletion": "0"
                            }
                        }
                    },
                    "disableuac": {
                        "files": {
                            "c:\\cfn\\scripts\\disable_uac.ps1": {
                                "content": "New-ItemProperty -Path \"HKLM:\\Software\\Microsoft\\Windows\\CurrentVersion\\policies\\system\" -Name EnableLUA -PropertyType DWORD -Value 0 -Force"
                            },
                            "c:\\cfn\\scripts\\disable_generic_trend_policy.ps1": {
                                "content": "& $Env:ProgramFiles\"\\Trend Micro\\Deep Security Agent\\dsa_control\" -r"
                            }
                        },
                        "commands": {
                            "00-scheduled-task-disable-uac": {
                                "command": "schtasks /create /tn \"disable_uac\" /tr \"powershell.exe -ExecutionPolicy RemoteSigned c:\\cfn\\scripts\\disable_uac.ps1\" /sc ONSTART /ru System",
                                "waitAfterCompletion": "0"
                            },
                            "01-disable-generic-trendmicro-policy": {
                                "command": "powershell.exe -ExecutionPolicy RemoteSigned c:\\cfn\\scripts\\disable_generic_trend_policy.ps1",
                                "waitAfterCompletion": "0"
                            },
                            "02-place-disable_uac-scheduled-task-reboot": {
                                "command": "SHUTDOWN /r /f /t 5 /c \"Wrote disable_uac scheduled task; rebooting to insert.\"",
                                "waitAfterCompletion": "forever"
                            },
                            "03-disable_uac-takes-effect-reboot": {
                                "command": "SHUTDOWN /r /f /t 5 /c \"Implemented disable_uac scheduled task; rebooting to take effect.\"",
                                "waitAfterCompletion": "forever"
                            }
                        }
                    },
                    "rename": {
                        "commands": {
                            "00-execute-powershell-script-RenameComputer": {
                                "command": {
                                    "Fn::Join": [
                                        "",
                                        [
                                            "powershell.exe -Command Rename-Computer -NewName ",
                                            {
                                                "Ref": "Dpasswd03Ec2InstanceHostname"
                                            },
                                            " -Force:$true -Restart:$false"
                                        ]
                                    ]
                                },
                                "waitAfterCompletion": "5"
                            },
                            "01-ensure-computer-rename-reboot": {
                                "command": "SHUTDOWN /r /f /t 5 /c \"powershell renamed machine; rebooting to take effect.\"",
                                "waitAfterCompletion": "forever"
                            }
                        }
                    },
                    "sublimetext": {
                        "files": {
                            "c:\\cfn\\scripts\\SublimeText3_x64.exe": {
                                "source": {
                                    "Fn::Join": [
                                        "",
                                        [
                                            "https://",
                                            "nexus.emdeon.net",
                                            ":8443",
                                            "/nexus/content/sites/Emdeon-TC3-Health",
                                            "/SublimeText3_x64.exe"
                                        ]
                                    ]
                                }
                            }
                        },
                        "commands": {
                            "00-install-sublime-text": {
                                "command": "c:\\cfn\\scripts\\SublimeText3_x64.exe /VERYSILENT /SUPPRESSMESSAGEBOXES /NORESTART /TASKS=\"contextentry\"",
                                "waitAfterCompletion": "0"
                            }
                        }
                    },
                  "dnsserver":{  
                  "files":{  
                     "c:\\cfn\\scripts\\set_dnsserver.ps1":{  
                        "content":{  
                           "Fn::Join":[  
                              "",
                              [  
                                 "Set-DnsClientServerAddress -InterfaceAlias \"Ethernet 2\" -ServerAddresses (\"",
                                 "#{primary_dns}",
                                 "\", \"",
                                 "#{secondary_dns}",
                                 "\")"
                              ]
                           ]
                        }
                     }
                  },
                  "commands":{  
                     "00-execute-powershell-script-DnsClientServerAddress":{  
                        "command":"powershell.exe -ExecutionPolicy RemoteSigned c:\\cfn\\scripts\\set_dnsserver.ps1",
                        "waitAfterCompletion":"0"
                     }
                  }
               },
                    "firstchefrun": {
                        "files": {
                            "c:\\Chef\\client.rb": {
                                "content": {
                                    "Fn::Join": [
                                        "",
                                        [
                                            "current_dir = File.dirname(__FILE__)\n",
                                            "log_level :info\n",
                                            "log_location ",
                                            "\"#{current_dir}\\\\client.log\"\n",
                                            "node_name '",
                                            {
                                                "Ref": "Dpasswd03Ec2InstanceHostname"
                                            },
                                            "'\n",
                                            "environment '",
                                            {
                                                "Ref": "ChefEnvironment"
                                            },
                                            "'\n",
                                            "ssl_verify_mode :verify_none\n",
                                            "validation_client_name '",
                                            {
                                                "Ref": "ChefServerOrg"
                                            },
                                            "-validator'\n",
                                            "validation_key ",
                                            "\"#{current_dir}\\\\validator.pem\"\n",
                                            "chef_server_url '",
                                            {
                                                "Ref": "ChefServerUrl"
                                            },
                                            "/organizations/",
                                            {
                                                "Ref": "ChefServerOrg"
                                            },
                                            "'\n",
                                            "cache_type 'BasicFile'\n",
                                            "cache_options( :path => \"#{current_dir}\\\\checksums\" )\n",
                                            "cookbook_path \"#{current_dir}\\\\..\\\\cookbooks\"\n",
                                            "\nohai.disabled_plugins = [\n# The following plugins are required for Chef to work\n# 'hostname','windows::hostname','windows::platform',\n# and also want the following plugins enabled\n# 'ruby','chef','ohai','platform'\n# 'network','uptime','ohai_time'\n:C,\n:Cloud,\n:Command,\n:Dmi,\n:DmiCommon,\n:Ec2,\n:Eucalyptus,\n:Erlang,\n:GCE,\n:Groovy,\n:IpScopes,\n:Java,\n:Keys,\n:Lua,\n:Mono,\n:NetworkListeners,\n:NetworkRoutes,\n:passwd,\n:Perl,\n:PHP,\n:Powershell,\n:Python,\n:Rackspace,\n:Softlayer,\n:SSHHostKey,\n:Virtualization,\n:VMware,\n]\n",
                                            "\n"
                                        ]
                                    ]
                                },
                                "mode": "000644"
                            },
                            "c:\\Chef\\validator.pem": {
                                "source": {
                                    "Fn::Join": [
                                        "",
                                        [
                                            "https://",
                                            {
                                                "Ref": "SeedBucket"
                                            },
                                            ".s3.amazonaws.com",
                                            {
                                                "Ref": "InfrastructureBucketPath"
                                            },
                                            "/validator-DEV.pem"
                                        ]
                                    ]
                                },
                                "mode": "000400",
                                "authentication": "SeedBucketCredentials"
                            },
                            "c:\\Chef\\encrypted_data_bag_secret": {
                                "source": {
                                    "Fn::Join": [
                                        "",
                                        [
                                            "https://",
                                            {
                                                "Ref": "SeedBucket"
                                            },
                                            ".s3.amazonaws.com",
                                            {
                                                "Ref": "InfrastructureBucketPath"
                                            },
                                            "#{EncryptedDataBag}"
                                        ]
                                    ]
                                },
                                "mode": "000400",
                                "authentication": "SeedBucketCredentials"
                            },
                            "c:\\Chef\\chef-client-install.msi": {
                                "source": {
                                    "Fn::Join": [
                                        "",
                                        [
                                            "https://",
                                            {
                                                "Ref": "InfrastructureBucket"
                                            },
                                            ".s3.amazonaws.com",
                                            {
                                                "Ref": "InfrastructureBucketPath"
                                            },
                                            "/appsoftware/chef/chef-client-",
                                            {
                                                "Ref": "ChefClientVersion"
                                            },
                                            "-1-x86.msi"
                                        ]
                                    ]
                                },
                                "mode": "000400",
                                "owner": "root",
                                "group": "root",
                                "authentication": "InfrastructureBucketCredentials"
                            },
                            "c:\\Chef\\first_run.json": {
                                "content": {
                                    "run_list": [
                                        "role[windows_base]",
                                        "role[windows_domain_member]",
                                        "role[windows_base_passwd]"
                                    ],
                                    "Ref": "Dpasswd03Ec2InstanceChefClientRunList"
                                },
                                "chef_client": {
                                    "init_style": "windows"
                                },
                                "vpc": {
                                    "cidr": {
                                        "Ref": "VpcCidr"
                                    },
                                    "main": {
                                        "s3bucket": {
                                            "Ref": "InfrastructureBucket"
                                        }
                                    },
                                    "mode": "000644"
                                }
                            },
                            "commands": {
                                "01_chef_client_install": {
                                    "command": "C:\\Chef\\chef-client-install.msi /passive passwdDLOCAL=\"ChefClientFeature\" /log \"C:\\Chef\\chef-client-install.log\"",
                                    "cwd": "C:\\Chef",
                                    "waitAfterCompletion": "0"
                                },
                                "02_chef_client_first_run": {
                                    "command": "C:\\opscode\\chef\\bin\\chef-client -c c:\\chef\\client.rb -j c:\\chef\\first_run.json -l info",
                                    "cwd": "C:\\Chef",
                                    "waitAfterCompletion": "30"
                                }
                            }
                        },
                        "unconditionalsuccess": {
                            "commands": {
                                "a-signal-success": {
                                    "command": {
                                        "Fn::Join": [
                                            "",
                                            [
                                                "cfn-signal.exe -e 0 \"",
                                                "\""
                                            ]
                                        ]
                                    }
                                }
                            }
                        }
                    }
                }
            }
        }
    }
}
