{
  "AWSTemplateFormatVersion": "2010-09-09",
  "Parameters": {
    "Creator": {
      "Default": "prepaydeployer",
      "Description": "Creator of stack",
      "Type": "String"
    },      
    "TagBusinessunit": {
      "Type": "String",
      "Default": "IT-Payment Integrity"
    },
    "TagDepartment": {
      "Type": "String",
      "Default": "AB1-PI IT TC3"
    },
    "TagProduct": {
      "Type": "String",
      "Default": "Payment Integrity: Pre-Pay"
    },
    "TagPercent": {
      "Type": "String",
      "Default": "100"
    },
    "TagApplicationname": {
      "Type": "String",
      "Default": "prepay"
    },
    "TagAppid": {
      "Type": "String",
      "Default": "555"
    },
    "TagMonitor": {
      "Type": "String",
      "Default": "false",
      "AllowedValues": [
        "true",
        "false"
      ]
    },
    "TagEnvironment": {
      "Type": "String",
      "Description": "One of only: %w(DEV QA CERT TEST NONPROD MGMT DR PROD IMP)",
      "Default": "IMP",
      "AllowedValues": [
        "DEV",
        "QA",
        "CERT",
        "TEST",
        "NONPROD",
        "MGMT",
        "DR",
        "PROD",
        "IMP"
      ]
    },
    "TagComponent": {
      "Description": "The sub-component piece of the application stack (part of the AWS tag Description)",
      "Type": "String",
      "Default": "AWSVPC"
    },
    "Vpc": {
      "Description": "VPC ID",
      "Type": "String",
      "Default": "vpc-ca75e4ac"
    },
    "VpcCidr": {
      "Description": "VPC Subnet",
      "Type": "String",
      "Default": "10.223.96.0/20"
    }
  },
  "Outputs": {
    "Creator": {
      "Value": {
        "Ref": "Creator"
      }
    },
    "TagBusinessunit": {
      "Value": {
        "Ref": "TagBusinessunit"
      }
    },
    "TagDepartment": {
      "Value": {
        "Ref": "TagDepartment"
      }
    },
    "TagProduct": {
      "Value": {
        "Ref": "TagProduct"
      }
    },
    "TagPercent": {
      "Value": {
        "Ref": "TagPercent"
      }
    },
    "TagApplicationname": {
      "Value": {
        "Ref": "TagApplicationname"
      }
    },
    "TagAppid": {
      "Value": {
        "Ref": "TagAppid"
      }
    },
    "TagMonitor": {
      "Value": {
        "Ref": "TagMonitor"
      }
    },
    "TagEnvironment": {
      "Value": {
        "Ref": "TagEnvironment"
      }
    },
    "TagComponent": {
      "Value": {
        "Ref": "TagComponent"
      }
    },
    "Vpc": {
      "Value": {
        "Ref": "Vpc"
      }
    },
    "VpcCidr": {
      "Value": {
        "Ref": "VpcCidr"
      }
    }         
  },
  "Description": "IMP SecurityGroups and Firewall Rules",
  "Resources": {
    "prepayPrivateIMPFTPSG": {
      "Type": "AWS::EC2::SecurityGroup",
      "Properties": {
        "GroupDescription": "Security Group Rules for access to PrivateIMPFTPSG",
        "VpcId": {
          "Ref": "Vpc"
        },
        "Tags": [
          {
            "Key": "Name",
            "Value": {
              "Fn::Join": [
                "",
                [
                  {
                    "Ref": "TagApplicationname"
                  },
                  "-",
                  "prepayPrivateIMPFTPSG",
                  "-",
                  "aws"
                ]
              ]
            }
          },
          {
            "Key": "Billing",
            "Value": {
              "Fn::Join": [
                "",
                [
                  {
                    "Ref": "TagBusinessunit"
                  },
                  ".",
                  {
                    "Ref": "TagDepartment"
                  },
                  ".",
                  {
                    "Ref": "TagProduct"
                  },
                  ".",
                  {
                    "Ref": "TagPercent"
                  }
                ]
              ]
            }
          },
          {
            "Key": "Description",
            "Value": {
              "Fn::Join": [
                "",
                [
                  "env=",
                  {
                    "Ref": "TagEnvironment"
                  },
                  "/",
                  "appid=",
                  {
                    "Ref": "TagAppid"
                  },
                  "/",
                  "comp=",
                  {
                    "Ref": "TagComponent"
                  },
                  "/",
                  "monitor=",
                  {
                    "Ref": "TagMonitor"
                  }
                ]
              ]
            }
          }
        ]
      }
    }, 
     "PrivateIMPFTPSGIngress0": {
      "Type": "AWS::EC2::SecurityGroupIngress",
      "Properties": {
        "GroupId": {
          "Ref": "prepayPrivateIMPFTPSG"
        },
        "IpProtocol": "ICMP",
        "FromPort": -1,
        "ToPort": -1,
        "SourceSecurityGroupId": {
          "Ref": "prepayALLIMPPrivateSG"
        },
        "Tags": [
          {
            "Key": "Comment",
            "Value": "Internal TC3: All ICMP traffic to itself"
          }
        ]
      }
    },
    "PrivateIMPFTPSGIngress1": {
      "Type": "AWS::EC2::SecurityGroupIngress",
      "Properties": {
        "GroupId": {
          "Ref": "prepayPrivateIMPFTPSG"
        },
        "IpProtocol": "TCP",
        "FromPort": 1,
        "ToPort": 65535,
        "SourceSecurityGroupId": {
          "Ref": "prepayPrivateIMPFTPSG"
        },
        "Tags": [
          {
            "Key": "Comment",
            "Value": "Internal TC3: All IP traffic to itself"
          }
        ]
      }
    },
    "PrivateIMPFTPSGIngress2": {
      "Type": "AWS::EC2::SecurityGroupIngress",
      "Properties": {
        "GroupId": {
          "Ref": "prepayPrivateIMPFTPSG"
        },
        "IpProtocol": "UDP",
        "FromPort": 1,
        "ToPort": 65535,
        "SourceSecurityGroupId": {
          "Ref": "prepayPrivateIMPFTPSG"
        },
        "Tags": [
          {
            "Key": "Comment",
            "Value": "Internal TC3: All IP traffic to itself"
          }
        ]
      }
    },
    "PrivateIMPFTPSGIngress3": {
      "Type": "AWS::EC2::SecurityGroupIngress",
      "Properties": {
        "GroupId": {
          "Ref": "prepayPrivateIMPFTPSG"
        },
        "IpProtocol": "ICMP",
        "FromPort": -1,
        "ToPort": -1,
        "SourceSecurityGroupId": {
          "Ref": "prepayPrivateIMPLoadBalancerSG"
        },
        "Tags": [
          {
            "Key": "Comment",
            "Value": "Internal TC3 Loadbalancer: ICMP for healthcheck"
          }
        ]
      }
    },
    "PrivateIMPFTPSGIngress4": {
      "Type": "AWS::EC2::SecurityGroupIngress",
      "Properties": {
        "GroupId": {
          "Ref": "prepayPrivateIMPFTPSG"
        },
        "IpProtocol": "TCP",
        "FromPort": 443,
        "ToPort": 443,
        "SourceSecurityGroupId": {
          "Ref": "prepayPrivateIMPLoadBalancerSG"
        },
        "Tags": [
          {
            "Key": "Comment",
            "Value": "Internal TC3 Loadbalancer: HTTPS for web traffic"
          }
        ]
      }
    },
    "PrivateIMPFTPSGIngress5": {
      "Type": "AWS::EC2::SecurityGroupIngress",
      "Properties": {
        "GroupId": {
          "Ref": "prepayPrivateIMPFTPSG"
        },
        "IpProtocol": "UDP",
        "FromPort": 443,
        "ToPort": 443,
        "SourceSecurityGroupId": {
          "Ref": "prepayPrivateIMPLoadBalancerSG"
        },
        "Tags": [
          {
            "Key": "Comment",
            "Value": "Internal TC3 Loadbalancer: HTTPS for web traffic"
          }
        ]
      }
    },
    "PrivateIMPFTPSGIngress6": {
      "Type": "AWS::EC2::SecurityGroupIngress",
      "Properties": {
        "GroupId": {
          "Ref": "prepayPrivateIMPFTPSG"
        },
        "IpProtocol": "TCP",
        "FromPort": 22,
        "ToPort": 22,
        "SourceSecurityGroupId": {
          "Ref": "prepayPrivateIMPLoadBalancerSG"
        },
        "Tags": [
          {
            "Key": "Comment",
            "Value": "Internal TC3 Loadbalancer: SSH for SFTP"
          }
        ]
      }
    },
    "PrivateIMPFTPSGIngress7": {
      "Type": "AWS::EC2::SecurityGroupIngress",
      "Properties": {
        "GroupId": {
          "Ref": "prepayPrivateIMPFTPSG"
        },
        "IpProtocol": "UDP",
        "FromPort": 22,
        "ToPort": 22,
        "SourceSecurityGroupId": {
          "Ref": "prepayPrivateIMPLoadBalancerSG"
        },
        "Tags": [
          {
            "Key": "Comment",
            "Value": "Internal TC3 Loadbalancer: SSH for SFTP"
          }
        ]
      }
    },
    "PrivateIMPFTPSGIngress8": {
      "Type": "AWS::EC2::SecurityGroupIngress",
      "Properties": {
        "GroupId": {
          "Ref": "prepayPrivateIMPFTPSG"
        },
        "IpProtocol": "TCP",
        "FromPort": 10933,
        "ToPort": 10933,
        "CidrIp": "10.201.12.104/32",
        "Tags": [
          {
            "Key": "Comment",
            "Value": "Internal CH Corp: Octopus Tentacle Listener"
          }
        ]
      }
    },
    "prepayPrivateIMPWebSG": {
      "Type": "AWS::EC2::SecurityGroup",
      "Properties": {
        "GroupDescription": "Security Group Rules for access to PrivateIMPWebSG",
        "VpcId": {
          "Ref": "Vpc"
        },
        "Tags": [
          {
            "Key": "Name",
            "Value": {
              "Fn::Join": [
                "",
                [
                  {
                    "Ref": "TagApplicationname"
                  },
                  "-",
                  "prepayPrivateIMPWebSG",
                  "-",
                  "aws"
                ]
              ]
            }
          },
          {
            "Key": "Billing",
            "Value": {
              "Fn::Join": [
                "",
                [
                  {
                    "Ref": "TagBusinessunit"
                  },
                  ".",
                  {
                    "Ref": "TagDepartment"
                  },
                  ".",
                  {
                    "Ref": "TagProduct"
                  },
                  ".",
                  {
                    "Ref": "TagPercent"
                  }
                ]
              ]
            }
          },
          {
            "Key": "Description",
            "Value": {
              "Fn::Join": [
                "",
                [
                  "env=",
                  {
                    "Ref": "TagEnvironment"
                  },
                  "/",
                  "appid=",
                  {
                    "Ref": "TagAppid"
                  },
                  "/",
                  "comp=",
                  {
                    "Ref": "TagComponent"
                  },
                  "/",
                  "monitor=",
                  {
                    "Ref": "TagMonitor"
                  }
                ]
              ]
            }
          }
        ]
      }
    },   
    "PrivateIMPWebSGIngress0": {
      "Type": "AWS::EC2::SecurityGroupIngress",
      "Properties": {
        "GroupId": {
          "Ref": "prepayPrivateIMPWebSG"
        },
        "IpProtocol": "ICMP",
        "FromPort": -1,
        "ToPort": -1,
        "SourceSecurityGroupId": {
          "Ref": "prepayALLIMPPrivateSG"
        },
        "Tags": [
          {
            "Key": "Comment",
            "Value": "Internal TC3: All ICMP traffic to itself"
          }
        ]
      }
    },
    "PrivateIMPWebSGIngress1": {
      "Type": "AWS::EC2::SecurityGroupIngress",
      "Properties": {
        "GroupId": {
          "Ref": "prepayPrivateIMPWebSG"
        },
        "IpProtocol": "TCP",
        "FromPort": 1,
        "ToPort": 65535,
        "SourceSecurityGroupId": {
          "Ref": "prepayPrivateIMPWebSG"
        },
        "Tags": [
          {
            "Key": "Comment",
            "Value": "Internal TC3: All IP traffic to itself"
          }
        ]
      }
    },
    "PrivateIMPWebSGIngress2": {
      "Type": "AWS::EC2::SecurityGroupIngress",
      "Properties": {
        "GroupId": {
          "Ref": "prepayPrivateIMPWebSG"
        },
        "IpProtocol": "UDP",
        "FromPort": 1,
        "ToPort": 65535,
        "SourceSecurityGroupId": {
          "Ref": "prepayPrivateIMPWebSG"
        },
        "Tags": [
          {
            "Key": "Comment",
            "Value": "Internal TC3: All IP traffic to itself"
          }
        ]
      }
    },
    "PrivateIMPWebSGIngress3": {
      "Type": "AWS::EC2::SecurityGroupIngress",
      "Properties": {
        "GroupId": {
          "Ref": "prepayPrivateIMPWebSG"
        },
        "IpProtocol": "TCP",
        "FromPort": 80,
        "ToPort": 80,
        "SourceSecurityGroupId": {
          "Ref": "prepayALLIMPPrivateSG"
        },
        "Tags": [
          {
            "Key": "Comment",
            "Value": "Internal TC3 HTTP for test application web traffic"
          }
        ]
      }
    },
    "PrivateIMPWebSGIngress4": {
      "Type": "AWS::EC2::SecurityGroupIngress",
      "Properties": {
        "GroupId": {
          "Ref": "prepayPrivateIMPWebSG"
        },
        "IpProtocol": "TCP",
        "FromPort": 443,
        "ToPort": 443,
        "SourceSecurityGroupId": {
          "Ref": "prepayALLIMPPrivateSG"
        },
        "Tags": [
          {
            "Key": "Comment",
            "Value": "Internal TC3 HTTPS for test application web traffic"
          }
        ]
      }
    },
    "PrivateIMPWebSGIngress6": {
      "Type": "AWS::EC2::SecurityGroupIngress",
      "Properties": {
        "GroupId": {
          "Ref": "prepayPrivateIMPWebSG"
        },
        "IpProtocol": "TCP",
        "FromPort": 443,
        "ToPort": 443,
        "SourceSecurityGroupId": {
          "Ref": "prepayPrivateIMPLoadBalancerSG"
        },
        "Tags": [
          {
            "Key": "Comment",
            "Value": "Internal TC3 Loadbalancer: HTTPS for chef web traffic"
          }
        ]
      }
    },
    "PrivateIMPWebSGIngress7": {
      "Type": "AWS::EC2::SecurityGroupIngress",
      "Properties": {
        "GroupId": {
          "Ref": "prepayPrivateIMPWebSG"
        },
        "IpProtocol": "TCP",
        "FromPort": 443,
        "ToPort": 443,
        "CidrIp": "10.165.104.0/22",
        "Tags": [
          {
            "Key": "Comment",
            "Value": "Emdeon VDI segment: HTTPS for application web traffic"
          }
        ]
      }
    },
    "PrivateIMPWebSGIngress8": {
      "Type": "AWS::EC2::SecurityGroupIngress",
      "Properties": {
        "GroupId": {
          "Ref": "prepayPrivateIMPWebSG"
        },
        "IpProtocol": "TCP",
        "FromPort": 443,
        "ToPort": 443,
        "CidrIp": "10.165.43.0/24",
        "Tags": [
          {
            "Key": "Comment",
            "Value": "Emdeon VPN segment: HTTPS for application web traffic"
          }
        ]
      }
    },
    "PrivateIMPWebSGIngress9": {
      "Type": "AWS::EC2::SecurityGroupIngress",
      "Properties": {
        "GroupId": {
          "Ref": "prepayPrivateIMPWebSG"
        },
        "IpProtocol": "TCP",
        "FromPort": 4018,
        "ToPort": 4019,
        "CidrIp": "10.165.104.0/22",
        "Tags": [
          {
            "Key": "Comment",
            "Value": "Emdeon VDI segment: VisualStudio Remote Debugger"
          }
        ]
      }
    },
    "PrivateIMPWebSGIngress10": {
      "Type": "AWS::EC2::SecurityGroupIngress",
      "Properties": {
        "GroupId": {
          "Ref": "prepayPrivateIMPWebSG"
        },
        "IpProtocol": "TCP",
        "FromPort": 8443,
        "ToPort": 8449,
        "SourceSecurityGroupId": {
          "Ref": "prepayALLIMPPrivateSG"
        },
        "Tags": [
          {
            "Key": "Comment",
            "Value": "Internal TC3 HTTPS for application web traffic"
          }
        ]
      }
    },
    "PrivateIMPWebSGIngress12": {
      "Type": "AWS::EC2::SecurityGroupIngress",
      "Properties": {
        "GroupId": {
          "Ref": "prepayPrivateIMPWebSG"
        },
        "IpProtocol": "TCP",
        "FromPort": 8443,
        "ToPort": 8449,
        "SourceSecurityGroupId": {
          "Ref": "prepayPrivateIMPLoadBalancerSG"
        },
        "Tags": [
          {
            "Key": "Comment",
            "Value": "Internal TC3 Loadbalancer: TC3 HTTPS for application web traffic"
          }
        ]
      }
    },
    "PrivateIMPWebSGIngress13": {
      "Type": "AWS::EC2::SecurityGroupIngress",
      "Properties": {
        "GroupId": {
          "Ref": "prepayPrivateIMPWebSG"
        },
        "IpProtocol": "TCP",
        "FromPort": 8443,
        "ToPort": 8449,
        "CidrIp": "10.165.104.0/22",
        "Tags": [
          {
            "Key": "Comment",
            "Value": "Emdeon VDI segment: TC3 HTTPS for application web traffic"
          }
        ]
      }
    },
    "PrivateIMPWebSGIngress14": {
      "Type": "AWS::EC2::SecurityGroupIngress",
      "Properties": {
        "GroupId": {
          "Ref": "prepayPrivateIMPWebSG"
        },
        "IpProtocol": "TCP",
        "FromPort": 8443,
        "ToPort": 8449,
        "CidrIp": "10.165.43.0/24",
        "Tags": [
          {
            "Key": "Comment",
            "Value": "Emdeon VPN segment: TC3 HTTPS for application web traffic"
          }
        ]
      }
    },
    "PrivateIMPWebSGIngress15": {
      "Type": "AWS::EC2::SecurityGroupIngress",
      "Properties": {
        "GroupId": {
          "Ref": "prepayPrivateIMPWebSG"
        },
        "IpProtocol": "TCP",
        "FromPort": 10933,
        "ToPort": 10933,
        "CidrIp": "10.201.12.104/32",
        "Tags": [
          {
            "Key": "Comment",
            "Value": "Internal CH Corp: Octopus Tentacle Listener"
          }
        ]
      }
    },
    "PrivateIMPWebSGIngress16": {
      "Type": "AWS::EC2::SecurityGroupIngress",
      "Properties": {
        "GroupId": {
          "Ref": "prepayPrivateIMPWebSG"
        },
        "IpProtocol": "TCP",
        "FromPort": 18443,
        "ToPort": 18446,
        "SourceSecurityGroupId": {
          "Ref": "prepayALLIMPPrivateSG"
        },
        "Tags": [
          {
            "Key": "Comment",
            "Value": "Internal TC3 HTTPS for application web traffic"
          }
        ]
      }
    },
    "PrivateIMPWebSGIngress18": {
      "Type": "AWS::EC2::SecurityGroupIngress",
      "Properties": {
        "GroupId": {
          "Ref": "prepayPrivateIMPWebSG"
        },
        "IpProtocol": "TCP",
        "FromPort": 18443,
        "ToPort": 18446,
        "SourceSecurityGroupId": {
          "Ref": "prepayPrivateIMPLoadBalancerSG"
        },
        "Tags": [
          {
            "Key": "Comment",
            "Value": "Internal TC3 Loadbalancer: TC3 HTTPS for application web traffic"
          }
        ]
      }
    },
    "PrivateIMPWebSGIngress19": {
      "Type": "AWS::EC2::SecurityGroupIngress",
      "Properties": {
        "GroupId": {
          "Ref": "prepayPrivateIMPWebSG"
        },
        "IpProtocol": "TCP",
        "FromPort": 18443,
        "ToPort": 18446,
        "CidrIp": "10.165.104.0/22",
        "Tags": [
          {
            "Key": "Comment",
            "Value": "Emdeon VDI segment: TC3 HTTPS for application web traffic"
          }
        ]
      }
    },
    "PrivateIMPWebSGIngress20": {
      "Type": "AWS::EC2::SecurityGroupIngress",
      "Properties": {
        "GroupId": {
          "Ref": "prepayPrivateIMPWebSG"
        },
        "IpProtocol": "TCP",
        "FromPort": 18443,
        "ToPort": 18446,
        "CidrIp": "10.165.43.0/24",
        "Tags": [
          {
            "Key": "Comment",
            "Value": "Emdeon VPN segment: TC3 HTTPS for application web traffic"
          }
        ]
      }
    },
    "prepayPrivateIMPAppSG": {
      "Type": "AWS::EC2::SecurityGroup",
      "Properties": {
        "GroupDescription": "Security Group Rules for access to PrivateIMPAppSG",
        "VpcId": {
          "Ref": "Vpc"
        },
        "Tags": [
          {
            "Key": "Name",
            "Value": {
              "Fn::Join": [
                "",
                [
                  {
                    "Ref": "TagApplicationname"
                  },
                  "-",
                  "prepayPrivateIMPAppSG",
                  "-",
                  "aws"
                ]
              ]
            }
          },
          {
            "Key": "Billing",
            "Value": {
              "Fn::Join": [
                "",
                [
                  {
                    "Ref": "TagBusinessunit"
                  },
                  ".",
                  {
                    "Ref": "TagDepartment"
                  },
                  ".",
                  {
                    "Ref": "TagProduct"
                  },
                  ".",
                  {
                    "Ref": "TagPercent"
                  }
                ]
              ]
            }
          },
          {
            "Key": "Description",
            "Value": {
              "Fn::Join": [
                "",
                [
                  "env=",
                  {
                    "Ref": "TagEnvironment"
                  },
                  "/",
                  "appid=",
                  {
                    "Ref": "TagAppid"
                  },
                  "/",
                  "comp=",
                  {
                    "Ref": "TagComponent"
                  },
                  "/",
                  "monitor=",
                  {
                    "Ref": "TagMonitor"
                  }
                ]
              ]
            }
          }
        ]
      }
    },   
     "PrivateIMPAppSGIngress0": {
      "Type": "AWS::EC2::SecurityGroupIngress",
      "Properties": {
        "GroupId": {
          "Ref": "prepayPrivateIMPAppSG"
        },
        "IpProtocol": "ICMP",
        "FromPort": -1,
        "ToPort": -1,
        "SourceSecurityGroupId": {
          "Ref": "prepayALLIMPPrivateSG"
        },
        "Tags": [
          {
            "Key": "Comment",
            "Value": "Internal TC3: All ICMP traffic to itself"
          }
        ]
      }
    },
    "PrivateIMPAppSGIngress1": {
      "Type": "AWS::EC2::SecurityGroupIngress",
      "Properties": {
        "GroupId": {
          "Ref": "prepayPrivateIMPAppSG"
        },
        "IpProtocol": "TCP",
        "FromPort": 1,
        "ToPort": 65535,
        "SourceSecurityGroupId": {
          "Ref": "prepayPrivateIMPAppSG"
        },
        "Tags": [
          {
            "Key": "Comment",
            "Value": "Internal TC3: All IP traffic to itself"
          }
        ]
      }
    },
    "PrivateIMPAppSGIngress2": {
      "Type": "AWS::EC2::SecurityGroupIngress",
      "Properties": {
        "GroupId": {
          "Ref": "prepayPrivateIMPAppSG"
        },
        "IpProtocol": "UDP",
        "FromPort": 1,
        "ToPort": 65535,
        "SourceSecurityGroupId": {
          "Ref": "prepayPrivateIMPAppSG"
        },
        "Tags": [
          {
            "Key": "Comment",
            "Value": "Internal TC3: All IP traffic to itself"
          }
        ]
      }
    },
    "PrivateIMPAppSGIngress3": {
      "Type": "AWS::EC2::SecurityGroupIngress",
      "Properties": {
        "GroupId": {
          "Ref": "prepayPrivateIMPAppSG"
        },
        "IpProtocol": "TCP",
        "FromPort": 80,
        "ToPort": 80,
        "SourceSecurityGroupId": {
          "Ref": "prepayALLIMPPrivateSG"
        },
        "Tags": [
          {
            "Key": "Comment",
            "Value": "Internal TC3 HTTP for test application web traffic"
          }
        ]
      }
    },
    "PrivateIMPAppSGIngress4": {
      "Type": "AWS::EC2::SecurityGroupIngress",
      "Properties": {
        "GroupId": {
          "Ref": "prepayPrivateIMPAppSG"
        },
        "IpProtocol": "TCP",
        "FromPort": 443,
        "ToPort": 443,
        "SourceSecurityGroupId": {
          "Ref": "prepayALLIMPPrivateSG"
        },
        "Tags": [
          {
            "Key": "Comment",
            "Value": "Internal TC3 HTTPS for test application web traffic"
          }
        ]
      }
    },
    "PrivateIMPAppSGIngress6": {
      "Type": "AWS::EC2::SecurityGroupIngress",
      "Properties": {
        "GroupId": {
          "Ref": "prepayPrivateIMPAppSG"
        },
        "IpProtocol": "TCP",
        "FromPort": 443,
        "ToPort": 443,
        "SourceSecurityGroupId": {
          "Ref": "prepayPrivateIMPLoadBalancerSG"
        },
        "Tags": [
          {
            "Key": "Comment",
            "Value": "Internal TC3 Loadbalancer: HTTPS for chef web traffic"
          }
        ]
      }
    },
    "PrivateIMPAppSGIngress7": {
      "Type": "AWS::EC2::SecurityGroupIngress",
      "Properties": {
        "GroupId": {
          "Ref": "prepayPrivateIMPAppSG"
        },
        "IpProtocol": "TCP",
        "FromPort": 443,
        "ToPort": 443,
        "CidrIp": "10.165.104.0/22",
        "Tags": [
          {
            "Key": "Comment",
            "Value": "Emdeon VDI segment: HTTPS for application web traffic"
          }
        ]
      }
    },
    "PrivateIMPAppSGIngress8": {
      "Type": "AWS::EC2::SecurityGroupIngress",
      "Properties": {
        "GroupId": {
          "Ref": "prepayPrivateIMPAppSG"
        },
        "IpProtocol": "TCP",
        "FromPort": 443,
        "ToPort": 443,
        "CidrIp": "10.165.43.0/24",
        "Tags": [
          {
            "Key": "Comment",
            "Value": "Emdeon VPN segment: HTTPS for application web traffic"
          }
        ]
      }
    },
    "PrivateIMPAppSGIngress9": {
      "Type": "AWS::EC2::SecurityGroupIngress",
      "Properties": {
        "GroupId": {
          "Ref": "prepayPrivateIMPAppSG"
        },
        "IpProtocol": "TCP",
        "FromPort": 10933,
        "ToPort": 10933,
        "CidrIp": "10.201.12.104/32",
        "Tags": [
          {
            "Key": "Comment",
            "Value": "Internal CH Corp: Octopus Tentacle Listener"
          }
        ]
      }
    },
    "PrivateIMPAppSGIngress10": {
      "Type": "AWS::EC2::SecurityGroupIngress",
      "Properties": {
        "GroupId": {
          "Ref": "prepayPrivateIMPAppSG"
        },
        "IpProtocol": "TCP",
        "FromPort": 5050,
        "ToPort": 5060,
        "CidrIp": "10.165.204.25/30",
        "Tags": [
          {
            "Key": "Comment",
            "Value": "Internal CH Corp IdentityIQ Enterprise Access Controls"
          }
        ]
      }
    },
    "PrivateIMPAppSGIngress11": {
      "Type": "AWS::EC2::SecurityGroupIngress",
      "Properties": {
        "GroupId": {
          "Ref": "prepayPrivateIMPAppSG"
        },
        "IpProtocol": "TCP",
        "FromPort": 3389,
        "ToPort": 3389,
        "CidrIp": "10.160.88.169/32",
        "Tags": [
          {
            "Key": "Comment",
            "Value": "Internal CH Corp IdentityIQ IAM Terminal Server"
          }
        ]
      }
    },
    "PrivateIMPAppSGIngress12": {
      "Type": "AWS::EC2::SecurityGroupIngress",
      "Properties": {
        "GroupId": {
          "Ref": "prepayPrivateIMPAppSG"
        },
        "IpProtocol": "TCP",
        "FromPort": 4018,
        "ToPort": 4019,
        "CidrIp": "10.165.104.0/22",
        "Tags": [
          {
            "Key": "Comment",
            "Value": "Emdeon VDI segment: VisualStudio Remote Debugger"
          }
        ]
      }
    },
    "PrivateIMPAppSGIngress13": {
      "Type": "AWS::EC2::SecurityGroupIngress",
      "Properties": {
        "GroupId": {
          "Ref": "prepayPrivateIMPAppSG"
        },
        "IpProtocol": "TCP",
        "FromPort": 8888,
        "ToPort": 8888,
        "CidrIp": "10.165.24.0/24",
        "Tags": [
          {
            "Key": "Comment",
            "Value": "Internal CH Self Password "
          }
        ]
      }
    },
    "PrivateIMPAppSGIngress14": {
      "Type": "AWS::EC2::SecurityGroupIngress",
      "Properties": {
        "GroupId": {
          "Ref": "prepayPrivateIMPAppSG"
        },
        "IpProtocol": "TCP",
        "FromPort": 8888,
        "ToPort": 8888,
        "CidrIp": "10.165.104.0/22",
        "Tags": [
          {
            "Key": "Comment",
            "Value": "Emdeon VDI segment: Internal CH Self Password "
          }
        ]
      }
    },
    "PrivateIMPAppSGIngress15": {
      "Type": "AWS::EC2::SecurityGroupIngress",
      "Properties": {
        "GroupId": {
          "Ref": "prepayPrivateIMPAppSG"
        },
        "IpProtocol": "TCP",
        "FromPort": 8888,
        "ToPort": 8888,
        "SourceSecurityGroupId": {
          "Ref": "prepayALLIMPPrivateSG"
        },
        "Tags": [
          {
            "Key": "Comment",
            "Value": "Internal TC3: CH Self Service Password tool"
          }
        ]
      }
    },
    "PrivateIMPAppSGIngress16": {
      "Type": "AWS::EC2::SecurityGroupIngress",
      "Properties": {
        "GroupId": {
          "Ref": "prepayPrivateIMPAppSG"
        },
        "IpProtocol": "TCP",
        "FromPort": 22233,
        "ToPort": 22236,
        "SourceSecurityGroupId": {
          "Ref": "prepayPrivateIMPWebSG"
        },
        "Tags": [
          {
            "Key": "Comment",
            "Value": "Web Server Caching: MS AppFabric"
          }
        ]
      }
    },
    "prepayPrivateIMPDatabaseSG": {
      "Type": "AWS::EC2::SecurityGroup",
      "Properties": {
        "GroupDescription": "Security Group Rules for access to PrivateIMPDatabaseSG",
        "VpcId": {
          "Ref": "Vpc"
        },
        "Tags": [
          {
            "Key": "Name",
            "Value": {
              "Fn::Join": [
                "",
                [
                  {
                    "Ref": "TagApplicationname"
                  },
                  "-",
                  "prepayPrivateIMPDatabaseSG",
                  "-",
                  "aws"
                ]
              ]
            }
          },
          {
            "Key": "Billing",
            "Value": {
              "Fn::Join": [
                "",
                [
                  {
                    "Ref": "TagBusinessunit"
                  },
                  ".",
                  {
                    "Ref": "TagDepartment"
                  },
                  ".",
                  {
                    "Ref": "TagProduct"
                  },
                  ".",
                  {
                    "Ref": "TagPercent"
                  }
                ]
              ]
            }
          },
          {
            "Key": "Description",
            "Value": {
              "Fn::Join": [
                "",
                [
                  "env=",
                  {
                    "Ref": "TagEnvironment"
                  },
                  "/",
                  "appid=",
                  {
                    "Ref": "TagAppid"
                  },
                  "/",
                  "comp=",
                  {
                    "Ref": "TagComponent"
                  },
                  "/",
                  "monitor=",
                  {
                    "Ref": "TagMonitor"
                  }
                ]
              ]
            }
          }
        ]
      }
    },
    "PrivateIMPDatabaseSGIngress0": {
      "Type": "AWS::EC2::SecurityGroupIngress",
      "Properties": {
        "GroupId": {
          "Ref": "prepayPrivateIMPDatabaseSG"
        },
        "IpProtocol": "ICMP",
        "FromPort": -1,
        "ToPort": -1,
        "SourceSecurityGroupId": {
          "Ref": "prepayALLIMPPrivateSG"
        },
        "Tags": [
          {
            "Key": "Comment",
            "Value": "Internal TC3: All ICMP traffic to itself"
          }
        ]
      }
    },
    "PrivateIMPDatabaseSGIngress1": {
      "Type": "AWS::EC2::SecurityGroupIngress",
      "Properties": {
        "GroupId": {
          "Ref": "prepayPrivateIMPDatabaseSG"
        },
        "IpProtocol": "TCP",
        "FromPort": 1,
        "ToPort": 65535,
        "SourceSecurityGroupId": {
          "Ref": "prepayPrivateIMPDatabaseSG"
        },
        "Tags": [
          {
            "Key": "Comment",
            "Value": "Internal TC3: All IP traffic to itself"
          }
        ]
      }
    },
    "PrivateIMPDatabaseSGIngress2": {
      "Type": "AWS::EC2::SecurityGroupIngress",
      "Properties": {
        "GroupId": {
          "Ref": "prepayPrivateIMPDatabaseSG"
        },
        "IpProtocol": "UDP",
        "FromPort": 1,
        "ToPort": 65535,
        "SourceSecurityGroupId": {
          "Ref": "prepayPrivateIMPDatabaseSG"
        },
        "Tags": [
          {
            "Key": "Comment",
            "Value": "Internal TC3: All IP traffic to itself"
          }
        ]
      }
    },
    "PrivateIMPDatabaseSGIngress3": {
      "Type": "AWS::EC2::SecurityGroupIngress",
      "Properties": {
        "GroupId": {
          "Ref": "prepayPrivateIMPDatabaseSG"
        },
        "IpProtocol": "TCP",
        "FromPort": 135,
        "ToPort": 135,
        "SourceSecurityGroupId": {
          "Ref": "prepayPrivateIMPDatabaseSG"
        },
        "Tags": [
          {
            "Key": "Comment",
            "Value": "Internal TC3 Database Tier: WSFC DCOM RPC"
          }
        ]
      }
    },
    "PrivateIMPDatabaseSGIngress4": {
      "Type": "AWS::EC2::SecurityGroupIngress",
      "Properties": {
        "GroupId": {
          "Ref": "prepayPrivateIMPDatabaseSG"
        },
        "IpProtocol": "UDP",
        "FromPort": 135,
        "ToPort": 135,
        "SourceSecurityGroupId": {
          "Ref": "prepayPrivateIMPDatabaseSG"
        },
        "Tags": [
          {
            "Key": "Comment",
            "Value": "Internal TC3 Database Tier: WSFC DCOM RPC"
          }
        ]
      }
    },  
     "PrivateIMPDatabaseSGIngress5": {
      "Type": "AWS::EC2::SecurityGroupIngress",
      "Properties": {
        "GroupId": {
          "Ref": "prepayPrivateIMPDatabaseSG"
        },
        "IpProtocol": "TCP",
        "FromPort": 137,
        "ToPort": 139,
        "SourceSecurityGroupId": {
          "Ref": "prepayPrivateIMPDatabaseSG"
        },
        "Tags": [
          {
            "Key": "Comment",
            "Value": "Internal TC3 Database Tier: WSFC Netbios name service"
          }
        ]
      }
    },
    "PrivateIMPDatabaseSGIngress6": {
      "Type": "AWS::EC2::SecurityGroupIngress",
      "Properties": {
        "GroupId": {
          "Ref": "prepayPrivateIMPDatabaseSG"
        },
        "IpProtocol": "UDP",
        "FromPort": 137,
        "ToPort": 139,
        "SourceSecurityGroupId": {
          "Ref": "prepayPrivateIMPDatabaseSG"
        },
        "Tags": [
          {
            "Key": "Comment",
            "Value": "Internal TC3 Database Tier: WSFC Netbios name service"
          }
        ]
      }
    },
    "PrivateIMPDatabaseSGIngress7": {
      "Type": "AWS::EC2::SecurityGroupIngress",
      "Properties": {
        "GroupId": {
          "Ref": "prepayPrivateIMPDatabaseSG"
        },
        "IpProtocol": "TCP",
        "FromPort": 445,
        "ToPort": 445,
        "SourceSecurityGroupId": {
          "Ref": "prepayPrivateIMPDatabaseSG"
        },
        "Tags": [
          {
            "Key": "Comment",
            "Value": "Internal TC3 Database Tier: WSFC MS Directory Services"
          }
        ]
      }
    },
    "PrivateIMPDatabaseSGIngress8": {
      "Type": "AWS::EC2::SecurityGroupIngress",
      "Properties": {
        "GroupId": {
          "Ref": "prepayPrivateIMPDatabaseSG"
        },
        "IpProtocol": "TCP",
        "FromPort": 1433,
        "ToPort": 1434,
        "SourceSecurityGroupId": {
          "Ref": "prepayPrivateIMPDatabaseSG"
        },
        "Tags": [
          {
            "Key": "Comment",
            "Value": "Internal TC3 Database Tier: WSFC MSSQL Server"
          }
        ]
      }
    },
    "PrivateIMPDatabaseSGIngress9": {
      "Type": "AWS::EC2::SecurityGroupIngress",
      "Properties": {
        "GroupId": {
          "Ref": "prepayPrivateIMPDatabaseSG"
        },
        "IpProtocol": "TCP",
        "FromPort": 3343,
        "ToPort": 3343,
        "SourceSecurityGroupId": {
          "Ref": "prepayPrivateIMPDatabaseSG"
        },
        "Tags": [
          {
            "Key": "Comment",
            "Value": "Internal TC3 Database Tier: WSFC Cluster"
          }
        ]
      }
    },
    "PrivateIMPDatabaseSGIngress10": {
      "Type": "AWS::EC2::SecurityGroupIngress",
      "Properties": {
        "GroupId": {
          "Ref": "prepayPrivateIMPDatabaseSG"
        },
        "IpProtocol": "UDP",
        "FromPort": 3343,
        "ToPort": 3343,
        "SourceSecurityGroupId": {
          "Ref": "prepayPrivateIMPDatabaseSG"
        },
        "Tags": [
          {
            "Key": "Comment",
            "Value": "Internal TC3 Database Tier: WSFC Cluster"
          }
        ]
      }
    },
    "PrivateIMPDatabaseSGIngress11": {
      "Type": "AWS::EC2::SecurityGroupIngress",
      "Properties": {
        "GroupId": {
          "Ref": "prepayPrivateIMPDatabaseSG"
        },
        "IpProtocol": "TCP",
        "FromPort": 5000,
        "ToPort": 5100,
        "SourceSecurityGroupId": {
          "Ref": "prepayPrivateIMPDatabaseSG"
        },
        "Tags": [
          {
            "Key": "Comment",
            "Value": "Internal TC3 Database Tier: MSSQL DTC RPC"
          }
        ]
      }
    },
    "PrivateIMPDatabaseSGIngress12": {
      "Type": "AWS::EC2::SecurityGroupIngress",
      "Properties": {
        "GroupId": {
          "Ref": "prepayPrivateIMPDatabaseSG"
        },
        "IpProtocol": "TCP",
        "FromPort": 5022,
        "ToPort": 5022,
        "SourceSecurityGroupId": {
          "Ref": "prepayPrivateIMPDatabaseSG"
        },
        "Tags": [
          {
            "Key": "Comment",
            "Value": "Internal TC3 Database Tier: MSSQL AlwaysOn Availability Group Endpoint"
          }
        ]
      }
    },
    "PrivateIMPDatabaseSGIngress13": {
      "Type": "AWS::EC2::SecurityGroupIngress",
      "Properties": {
        "GroupId": {
          "Ref": "prepayPrivateIMPDatabaseSG"
        },
        "IpProtocol": "TCP",
        "FromPort": 5985,
        "ToPort": 5985,
        "SourceSecurityGroupId": {
          "Ref": "prepayPrivateIMPDatabaseSG"
        },
        "Tags": [
          {
            "Key": "Comment",
            "Value": "Internal TC3 Database Tier: MSSQL WinRM"
          }
        ]
      }
    },
    "PrivateIMPDatabaseSGIngress14": {
      "Type": "AWS::EC2::SecurityGroupIngress",
      "Properties": {
        "GroupId": {
          "Ref": "prepayPrivateIMPDatabaseSG"
        },
        "IpProtocol": "TCP",
        "FromPort": 1433,
        "ToPort": 1433,
        "SourceSecurityGroupId": {
          "Ref": "prepayPrivateIMPWebSG"
        },
        "Tags": [
          {
            "Key": "Comment",
            "Value": "Internal TC3 Web Tier: WSFC MSSQL Server"
          }
        ]
      }
    },
    "PrivateIMPDatabaseSGIngress15": {
      "Type": "AWS::EC2::SecurityGroupIngress",
      "Properties": {
        "GroupId": {
          "Ref": "prepayPrivateIMPDatabaseSG"
        },
        "IpProtocol": "TCP",
        "FromPort": 1433,
        "ToPort": 1433,
        "SourceSecurityGroupId": {
          "Ref": "prepayPrivateIMPAppSG"
        },
        "Tags": [
          {
            "Key": "Comment",
            "Value": "Internal TC3 Application Tier: WSFC MSSQL Server"
          }
        ]
      }
    },
    "PrivateIMPDatabaseSGIngress16": {
      "Type": "AWS::EC2::SecurityGroupIngress",
      "Properties": {
        "GroupId": {
          "Ref": "prepayPrivateIMPDatabaseSG"
        },
        "IpProtocol": "TCP",
        "FromPort": 1433,
        "ToPort": 1433,
        "CidrIp": "10.201.12.104/32",
        "Tags": [
          {
            "Key": "Comment",
            "Value": "Internal CH Corp: Octopus MSSQL Deployment"
          }
        ]
      }
    },
    "PrivateIMPDatabaseSGIngress17": {
      "Type": "AWS::EC2::SecurityGroupIngress",
      "Properties": {
        "GroupId": {
          "Ref": "prepayPrivateIMPDatabaseSG"
        },
        "IpProtocol": "TCP",
        "FromPort": 10933,
        "ToPort": 10933,
        "CidrIp": "10.201.12.104/32",
        "Tags": [
          {
            "Key": "Comment",
            "Value": "Internal CH Corp: Octopus Tentacle Listener"
          }
        ]
      }
    },
    "PrivateIMPDatabaseSGIngress18": {
      "Type": "AWS::EC2::SecurityGroupIngress",
      "Properties": {
        "GroupId": {
          "Ref": "prepayPrivateIMPDatabaseSG"
        },
        "IpProtocol": "TCP",
        "FromPort": 80,
        "ToPort": 80,
        "SourceSecurityGroupId": {
          "Ref": "prepayPrivateIMPWebSG"
        },
        "Tags": [
          {
            "Key": "Comment",
            "Value": "Internal TC3 Web Tier: MSSQL Server Report Server"
          }
        ]
      }
    },
    "PrivateIMPDatabaseSGIngress19": {
      "Type": "AWS::EC2::SecurityGroupIngress",
      "Properties": {
        "GroupId": {
          "Ref": "prepayPrivateIMPDatabaseSG"
        },
        "IpProtocol": "TCP",
        "FromPort": 80,
        "ToPort": 80,
        "SourceSecurityGroupId": {
          "Ref": "prepayPrivateIMPAppSG"
        },
        "Tags": [
          {
            "Key": "Comment",
            "Value": "Internal TC3 App Tier: MSSQL Server Report Server"
          }
        ]
      }
    },
    "PrivateIMPDatabaseSGIngress20": {
      "Type": "AWS::EC2::SecurityGroupIngress",
      "Properties": {
        "GroupId": {
          "Ref": "prepayPrivateIMPDatabaseSG"
        },
        "IpProtocol": "TCP",
        "FromPort": 80,
        "ToPort": 80,
        "CidrIp": "10.165.43.0/24",
        "Tags": [
          {
            "Key": "Comment",
            "Value": "Emdeon VPN segment: HTTP for testing MSSQL ReportServer"
          }
        ]
      }
    },
     "PrivateIMPDatabaseSGIngress21": {
      "Type": "AWS::EC2::SecurityGroupIngress",
      "Properties": {
        "GroupId": {
          "Ref": "prepayPrivateIMPDatabaseSG"
        },
        "IpProtocol": "TCP",
        "FromPort": 80,
        "ToPort": 80,
        "CidrIp": "10.165.104.0/22",
        "Tags": [
          {
            "Key": "Comment",
            "Value": "Emdeon VDI segment: HTTP for testing MSSQL ReportServer"
          }
        ]
      }
    },
    "PrivateIMPDatabaseSGIngress22": {
      "Type": "AWS::EC2::SecurityGroupIngress",
      "Properties": {
        "GroupId": {
          "Ref": "prepayPrivateIMPDatabaseSG"
        },
        "IpProtocol": "TCP",
        "FromPort": 80,
        "ToPort": 80,
        "CidrIp": "10.165.24.0/24",
        "Tags": [
          {
            "Key": "Comment",
            "Value": "Emdeon PE desktop segment: HTTP for testing MSSQL ReportServer"
          }
        ]
      }
    },
    "PrivateIMPDatabaseSGIngress23": {
      "Type": "AWS::EC2::SecurityGroupIngress",
      "Properties": {
        "GroupId": {
          "Ref": "prepayPrivateIMPDatabaseSG"
        },
        "IpProtocol": "TCP",
        "FromPort": 80,
        "ToPort": 80,
        "CidrIp": "10.120.42.0/24",
        "Tags": [
          {
            "Key": "Comment",
            "Value": "TC3 internal workstation segment: HTTP for MSSQL ReportServer"
          }
        ]
      }
    },
    "PrivateIMPDatabaseSGIngress24": {
      "Type": "AWS::EC2::SecurityGroupIngress",
      "Properties": {
        "GroupId": {
          "Ref": "prepayPrivateIMPDatabaseSG"
        },
        "IpProtocol": "TCP",
        "FromPort": 80,
        "ToPort": 80,
        "CidrIp": "10.120.44.0/24",
        "Tags": [
          {
            "Key": "Comment",
            "Value": "TC3 internal workstation segment: HTTP for MSSQL ReportServer"
          }
        ]
      }
    },
    "PrivateIMPDatabaseSGIngress25": {
      "Type": "AWS::EC2::SecurityGroupIngress",
      "Properties": {
        "GroupId": {
          "Ref": "prepayPrivateIMPDatabaseSG"
        },
        "IpProtocol": "TCP",
        "FromPort": 80,
        "ToPort": 80,
        "CidrIp": "10.160.0.0/16",
        "Tags": [
          {
            "Key": "Comment",
            "Value": "TC3 internal workstation segment: HTTP for MSSQL ReportServer"
          }
        ]
      }
    },
    "PrivateIMPDatabaseSGIngress26": {
      "Type": "AWS::EC2::SecurityGroupIngress",
      "Properties": {
        "GroupId": {
          "Ref": "prepayPrivateIMPDatabaseSG"
        },
        "IpProtocol": "TCP",
        "FromPort": 80,
        "ToPort": 80,
        "CidrIp": "192.168.70.0/24",
        "Tags": [
          {
            "Key": "Comment",
            "Value": "TC3 internal workstation segment: HTTP for MSSQL ReportServer"
          }
        ]
      }
    },
    "PrivateIMPDatabaseSGIngress27": {
      "Type": "AWS::EC2::SecurityGroupIngress",
      "Properties": {
        "GroupId": {
          "Ref": "prepayPrivateIMPDatabaseSG"
        },
        "IpProtocol": "TCP",
        "FromPort": 80,
        "ToPort": 80,
        "CidrIp": "10.255.92.0/24",
        "Tags": [
          {
            "Key": "Comment",
            "Value": "TC3 internal workstation segment: HTTP for MSSQL ReportServer"
          }
        ]
      }
    },
    "prepayPrivateIMPCoreInfraSG": {
      "Type": "AWS::EC2::SecurityGroup",
      "Properties": {
        "GroupDescription": "Security Group Rules for access to PrivateIMPCoreInfraSG",
        "VpcId": {
          "Ref": "Vpc"
        },
        "Tags": [
          {
            "Key": "Name",
            "Value": {
              "Fn::Join": [
                "",
                [
                  {
                    "Ref": "TagApplicationname"
                  },
                  "-",
                  "prepayPrivateIMPCoreInfraSG",
                  "-",
                  "aws"
                ]
              ]
            }
          },
          {
            "Key": "Billing",
            "Value": {
              "Fn::Join": [
                "",
                [
                  {
                    "Ref": "TagBusinessunit"
                  },
                  ".",
                  {
                    "Ref": "TagDepartment"
                  },
                  ".",
                  {
                    "Ref": "TagProduct"
                  },
                  ".",
                  {
                    "Ref": "TagPercent"
                  }
                ]
              ]
            }
          },
          {
            "Key": "Description",
            "Value": {
              "Fn::Join": [
                "",
                [
                  "env=",
                  {
                    "Ref": "TagEnvironment"
                  },
                  "/",
                  "appid=",
                  {
                    "Ref": "TagAppid"
                  },
                  "/",
                  "comp=",
                  {
                    "Ref": "TagComponent"
                  },
                  "/",
                  "monitor=",
                  {
                    "Ref": "TagMonitor"
                  }
                ]
              ]
            }
          }
        ]
      }
    },
     "PrivateIMPCoreInfraSGIngress0": {
      "Type": "AWS::EC2::SecurityGroupIngress",
      "Properties": {
        "GroupId": {
          "Ref": "prepayPrivateIMPCoreInfraSG"
        },
        "IpProtocol": "ICMP",
        "FromPort": -1,
        "ToPort": -1,
        "SourceSecurityGroupId": {
          "Ref": "prepayALLIMPPrivateSG"
        },
        "Tags": [
          {
            "Key": "Comment",
            "Value": "Internal TC3: All ICMP traffic to itself"
          }
        ]
      }
    },
    "PrivateIMPCoreInfraSGIngress1": {
      "Type": "AWS::EC2::SecurityGroupIngress",
      "Properties": {
        "GroupId": {
          "Ref": "prepayPrivateIMPCoreInfraSG"
        },
        "IpProtocol": "ICMP",
        "FromPort": -1,
        "ToPort": -1,
        "CidrIp": "10.205.80.45/32",
        "Tags": [
          {
            "Key": "Comment",
            "Value": "Internal CH Corp SoftNAS FileServer"
          }
        ]
      }
    },
    "PrivateIMPCoreInfraSGIngress2": {
      "Type": "AWS::EC2::SecurityGroupIngress",
      "Properties": {
        "GroupId": {
          "Ref": "prepayPrivateIMPCoreInfraSG"
        },
        "IpProtocol": "TCP",
        "FromPort": 1,
        "ToPort": 65535,
        "SourceSecurityGroupId": {
          "Ref": "prepayPrivateIMPCoreInfraSG"
        },
        "Tags": [
          {
            "Key": "Comment",
            "Value": "Internal TC3: All IP traffic to itself"
          }
        ]
      }
    },
    "PrivateIMPCoreInfraSGIngress3": {
      "Type": "AWS::EC2::SecurityGroupIngress",
      "Properties": {
        "GroupId": {
          "Ref": "prepayPrivateIMPCoreInfraSG"
        },
        "IpProtocol": "UDP",
        "FromPort": 1,
        "ToPort": 65535,
        "SourceSecurityGroupId": {
          "Ref": "prepayPrivateIMPCoreInfraSG"
        },
        "Tags": [
          {
            "Key": "Comment",
            "Value": "Internal TC3: All IP traffic to itself"
          }
        ]
      }
    },
    "PrivateIMPCoreInfraSGIngress4": {
      "Type": "AWS::EC2::SecurityGroupIngress",
      "Properties": {
        "GroupId": {
          "Ref": "prepayPrivateIMPCoreInfraSG"
        },
        "IpProtocol": "TCP",
        "FromPort": 1,
        "ToPort": 65535,
        "CidrIp": "10.205.80.45/32",
        "Tags": [
          {
            "Key": "Comment",
            "Value": "Internal CH Corp SoftNAS FileServer"
          }
        ]
      }
    },
    "PrivateIMPCoreInfraSGIngress5": {
      "Type": "AWS::EC2::SecurityGroupIngress",
      "Properties": {
        "GroupId": {
          "Ref": "prepayPrivateIMPCoreInfraSG"
        },
        "IpProtocol": "UDP",
        "FromPort": 1,
        "ToPort": 65535,
        "CidrIp": "10.205.80.45/32",
        "Tags": [
          {
            "Key": "Comment",
            "Value": "Internal CH Corp SoftNAS FileServer"
          }
        ]
      }
    },
    "PrivateIMPCoreInfraSGIngress6": {
      "Type": "AWS::EC2::SecurityGroupIngress",
      "Properties": {
        "GroupId": {
          "Ref": "prepayPrivateIMPCoreInfraSG"
        },
        "IpProtocol": "TCP",
        "FromPort": 53,
        "ToPort": 53,
        "SourceSecurityGroupId": {
          "Ref": "prepayALLIMPPrivateSG"
        },
        "Tags": [
          {
            "Key": "Comment",
            "Value": "Internal TC3 VPC: DNS"
          }
        ]
      }
    },
    "PrivateIMPCoreInfraSGIngress7": {
      "Type": "AWS::EC2::SecurityGroupIngress",
      "Properties": {
        "GroupId": {
          "Ref": "prepayPrivateIMPCoreInfraSG"
        },
        "IpProtocol": "UDP",
        "FromPort": 53,
        "ToPort": 53,
        "SourceSecurityGroupId": {
          "Ref": "prepayALLIMPPrivateSG"
        },
        "Tags": [
          {
            "Key": "Comment",
            "Value": "Internal TC3 VPC: DNS"
          }
        ]
      }
    },
    "PrivateIMPCoreInfraSGIngress8": {
      "Type": "AWS::EC2::SecurityGroupIngress",
      "Properties": {
        "GroupId": {
          "Ref": "prepayPrivateIMPCoreInfraSG"
        },
        "IpProtocol": "TCP",
        "FromPort": 53,
        "ToPort": 53,
        "CidrIp": "10.140.191.8/29",
        "Tags": [
          {
            "Key": "Comment",
            "Value": "Internal CH InfoBlox DNS Servers"
          }
        ]
      }
    },
    "PrivateIMPCoreInfraSGIngress9": {
      "Type": "AWS::EC2::SecurityGroupIngress",
      "Properties": {
        "GroupId": {
          "Ref": "prepayPrivateIMPCoreInfraSG"
        },
        "IpProtocol": "UDP",
        "FromPort": 53,
        "ToPort": 53,
        "CidrIp": "10.140.191.8/29",
        "Tags": [
          {
            "Key": "Comment",
            "Value": "Internal CH InfoBlox DNS Servers"
          }
        ]
      }
    },
    "PrivateIMPCoreInfraSGIngress10": {
      "Type": "AWS::EC2::SecurityGroupIngress",
      "Properties": {
        "GroupId": {
          "Ref": "prepayPrivateIMPCoreInfraSG"
        },
        "IpProtocol": "TCP",
        "FromPort": 53,
        "ToPort": 53,
        "CidrIp": "10.160.191.8/29",
        "Tags": [
          {
            "Key": "Comment",
            "Value": "Internal CH InfoBlox DNS Servers"
          }
        ]
      }
    },
    "PrivateIMPCoreInfraSGIngress11": {
      "Type": "AWS::EC2::SecurityGroupIngress",
      "Properties": {
        "GroupId": {
          "Ref": "prepayPrivateIMPCoreInfraSG"
        },
        "IpProtocol": "UDP",
        "FromPort": 53,
        "ToPort": 53,
        "CidrIp": "10.160.191.8/29",
        "Tags": [
          {
            "Key": "Comment",
            "Value": "Internal CH InfoBlox DNS Servers"
          }
        ]
      }
    },
    "PrivateIMPCoreInfraSGIngress12": {
      "Type": "AWS::EC2::SecurityGroupIngress",
      "Properties": {
        "GroupId": {
          "Ref": "prepayPrivateIMPCoreInfraSG"
        },
        "IpProtocol": "TCP",
        "FromPort": 53,
        "ToPort": 53,
        "CidrIp": "10.165.104.0/22",
        "Tags": [
          {
            "Key": "Comment",
            "Value": "Internal TC3 VDI: DNS"
          }
        ]
      }
    },
    "PrivateIMPCoreInfraSGIngress13": {
      "Type": "AWS::EC2::SecurityGroupIngress",
      "Properties": {
        "GroupId": {
          "Ref": "prepayPrivateIMPCoreInfraSG"
        },
        "IpProtocol": "UDP",
        "FromPort": 53,
        "ToPort": 53,
        "CidrIp": "10.165.104.0/22",
        "Tags": [
          {
            "Key": "Comment",
            "Value": "Internal TC3 VDI: DNS"
          }
        ]
      }
    },
    "PrivateIMPCoreInfraSGIngress14": {
      "Type": "AWS::EC2::SecurityGroupIngress",
      "Properties": {
        "GroupId": {
          "Ref": "prepayPrivateIMPCoreInfraSG"
        },
        "IpProtocol": "TCP",
        "FromPort": 88,
        "ToPort": 88,
        "SourceSecurityGroupId": {
          "Ref": "prepayALLIMPPrivateSG"
        },
        "Tags": [
          {
            "Key": "Comment",
            "Value": "Internal TC3 Private All: AD Kerberos"
          }
        ]
      }
    },
    "PrivateIMPCoreInfraSGIngress15": {
      "Type": "AWS::EC2::SecurityGroupIngress",
      "Properties": {
        "GroupId": {
          "Ref": "prepayPrivateIMPCoreInfraSG"
        },
        "IpProtocol": "UDP",
        "FromPort": 88,
        "ToPort": 88,
        "SourceSecurityGroupId": {
          "Ref": "prepayALLIMPPrivateSG"
        },
        "Tags": [
          {
            "Key": "Comment",
            "Value": "Internal TC3 Private All: AD Kerberos"
          }
        ]
      }
    },
    "PrivateIMPCoreInfraSGIngress16": {
      "Type": "AWS::EC2::SecurityGroupIngress",
      "Properties": {
        "GroupId": {
          "Ref": "prepayPrivateIMPCoreInfraSG"
        },
        "IpProtocol": "UDP",
        "FromPort": 123,
        "ToPort": 123,
        "SourceSecurityGroupId": {
          "Ref": "prepayALLIMPPrivateSG"
        },
        "Tags": [
          {
            "Key": "Comment",
            "Value": "Internal TC3 Private All: AD NTP"
          }
        ]
      }
    },
    "PrivateIMPCoreInfraSGIngress17": {
      "Type": "AWS::EC2::SecurityGroupIngress",
      "Properties": {
        "GroupId": {
          "Ref": "prepayPrivateIMPCoreInfraSG"
        },
        "IpProtocol": "TCP",
        "FromPort": 135,
        "ToPort": 135,
        "SourceSecurityGroupId": {
          "Ref": "prepayALLIMPPrivateSG"
        },
        "Tags": [
          {
            "Key": "Comment",
            "Value": "Internal TC3 Private All: WSFC DCOM RPC"
          }
        ]
      }
    },
    "PrivateIMPCoreInfraSGIngress18": {
      "Type": "AWS::EC2::SecurityGroupIngress",
      "Properties": {
        "GroupId": {
          "Ref": "prepayPrivateIMPCoreInfraSG"
        },
        "IpProtocol": "TCP",
        "FromPort": 137,
        "ToPort": 139,
        "SourceSecurityGroupId": {
          "Ref": "prepayALLIMPPrivateSG"
        },
        "Tags": [
          {
            "Key": "Comment",
            "Value": "Internal TC3 Private All: WSFC Netbios NS, datagram, session"
          }
        ]
      }
    },
    "PrivateIMPCoreInfraSGIngress19": {
      "Type": "AWS::EC2::SecurityGroupIngress",
      "Properties": {
        "GroupId": {
          "Ref": "prepayPrivateIMPCoreInfraSG"
        },
        "IpProtocol": "UDP",
        "FromPort": 137,
        "ToPort": 139,
        "SourceSecurityGroupId": {
          "Ref": "prepayALLIMPPrivateSG"
        },
        "Tags": [
          {
            "Key": "Comment",
            "Value": "Internal TC3 Private All: WSFC Netbios NS, datagram, session"
          }
        ]
      }
    },
    "PrivateIMPCoreInfraSGIngress20": {
      "Type": "AWS::EC2::SecurityGroupIngress",
      "Properties": {
        "GroupId": {
          "Ref": "prepayPrivateIMPCoreInfraSG"
        },
        "IpProtocol": "TCP",
        "FromPort": 389,
        "ToPort": 389,
        "SourceSecurityGroupId": {
          "Ref": "prepayALLIMPPrivateSG"
        },
        "Tags": [
          {
            "Key": "Comment",
            "Value": "Internal TC3 Private All: AD LDAP"
          }
        ]
      }
    },
     "PrivateIMPCoreInfraSGIngress21": {
      "Type": "AWS::EC2::SecurityGroupIngress",
      "Properties": {
        "GroupId": {
          "Ref": "prepayPrivateIMPCoreInfraSG"
        },
        "IpProtocol": "UDP",
        "FromPort": 389,
        "ToPort": 389,
        "SourceSecurityGroupId": {
          "Ref": "prepayALLIMPPrivateSG"
        },
        "Tags": [
          {
            "Key": "Comment",
            "Value": "Internal TC3 Private All: AD LDAP"
          }
        ]
      }
    },
    "PrivateIMPCoreInfraSGIngress22": {
      "Type": "AWS::EC2::SecurityGroupIngress",
      "Properties": {
        "GroupId": {
          "Ref": "prepayPrivateIMPCoreInfraSG"
        },
        "IpProtocol": "TCP",
        "FromPort": 445,
        "ToPort": 445,
        "SourceSecurityGroupId": {
          "Ref": "prepayALLIMPPrivateSG"
        },
        "Tags": [
          {
            "Key": "Comment",
            "Value": "Internal TC3 Private All: MS SMB Directory Services"
          }
        ]
      }
    },
    "PrivateIMPCoreInfraSGIngress23": {
      "Type": "AWS::EC2::SecurityGroupIngress",
      "Properties": {
        "GroupId": {
          "Ref": "prepayPrivateIMPCoreInfraSG"
        },
        "IpProtocol": "UDP",
        "FromPort": 445,
        "ToPort": 445,
        "SourceSecurityGroupId": {
          "Ref": "prepayALLIMPPrivateSG"
        },
        "Tags": [
          {
            "Key": "Comment",
            "Value": "Internal TC3 Private All: MS SMB Directory Services"
          }
        ]
      }
    },
    "PrivateIMPCoreInfraSGIngress24": {
      "Type": "AWS::EC2::SecurityGroupIngress",
      "Properties": {
        "GroupId": {
          "Ref": "prepayPrivateIMPCoreInfraSG"
        },
        "IpProtocol": "TCP",
        "FromPort": 464,
        "ToPort": 464,
        "SourceSecurityGroupId": {
          "Ref": "prepayALLIMPPrivateSG"
        },
        "Tags": [
          {
            "Key": "Comment",
            "Value": "Internal TC3 Private All: MS Kerberos Directory Services"
          }
        ]
      }
    },
    "PrivateIMPCoreInfraSGIngress25": {
      "Type": "AWS::EC2::SecurityGroupIngress",
      "Properties": {
        "GroupId": {
          "Ref": "prepayPrivateIMPCoreInfraSG"
        },
        "IpProtocol": "UDP",
        "FromPort": 464,
        "ToPort": 464,
        "SourceSecurityGroupId": {
          "Ref": "prepayALLIMPPrivateSG"
        },
        "Tags": [
          {
            "Key": "Comment",
            "Value": "Internal TC3 Private All: MS Kerberos Directory Services"
          }
        ]
      }
    },
    "PrivateIMPCoreInfraSGIngress26": {
      "Type": "AWS::EC2::SecurityGroupIngress",
      "Properties": {
        "GroupId": {
          "Ref": "prepayPrivateIMPCoreInfraSG"
        },
        "IpProtocol": "TCP",
        "FromPort": 636,
        "ToPort": 636,
        "SourceSecurityGroupId": {
          "Ref": "prepayALLIMPPrivateSG"
        },
        "Tags": [
          {
            "Key": "Comment",
            "Value": "Internal TC3 Private All: AD LDAPS"
          }
        ]
      }
    },
    "PrivateIMPCoreInfraSGIngress27": {
      "Type": "AWS::EC2::SecurityGroupIngress",
      "Properties": {
        "GroupId": {
          "Ref": "prepayPrivateIMPCoreInfraSG"
        },
        "IpProtocol": "TCP",
        "FromPort": 3268,
        "ToPort": 3269,
        "SourceSecurityGroupId": {
          "Ref": "prepayALLIMPPrivateSG"
        },
        "Tags": [
          {
            "Key": "Comment",
            "Value": "Internal TC3 Private All: AD Global Catalog"
          }
        ]
      }
    },
    "PrivateIMPCoreInfraSGIngress28": {
      "Type": "AWS::EC2::SecurityGroupIngress",
      "Properties": {
        "GroupId": {
          "Ref": "prepayPrivateIMPCoreInfraSG"
        },
        "IpProtocol": "UDP",
        "FromPort": 5355,
        "ToPort": 5355,
        "SourceSecurityGroupId": {
          "Ref": "prepayALLIMPPrivateSG"
        },
        "Tags": [
          {
            "Key": "Comment",
            "Value": "Internal TC3 Private All: MS Network Discovery"
          }
        ]
      }
    },
    "PrivateIMPCoreInfraSGIngress29": {
      "Type": "AWS::EC2::SecurityGroupIngress",
      "Properties": {
        "GroupId": {
          "Ref": "prepayPrivateIMPCoreInfraSG"
        },
        "IpProtocol": "TCP",
        "FromPort": 5722,
        "ToPort": 5722,
        "SourceSecurityGroupId": {
          "Ref": "prepayALLIMPPrivateSG"
        },
        "Tags": [
          {
            "Key": "Comment",
            "Value": "Internal TC3 Private All: AD RPC DFSR File Replication"
          }
        ]
      }
    },
    "PrivateIMPCoreInfraSGIngress30": {
      "Type": "AWS::EC2::SecurityGroupIngress",
      "Properties": {
        "GroupId": {
          "Ref": "prepayPrivateIMPCoreInfraSG"
        },
        "IpProtocol": "TCP",
        "FromPort": 9389,
        "ToPort": 9389,
        "SourceSecurityGroupId": {
          "Ref": "prepayALLIMPPrivateSG"
        },
        "Tags": [
          {
            "Key": "Comment",
            "Value": "Internal TC3 Private All: AD DS Web Services"
          }
        ]
      }
    },
    "PrivateIMPCoreInfraSGIngress31": {
      "Type": "AWS::EC2::SecurityGroupIngress",
      "Properties": {
        "GroupId": {
          "Ref": "prepayPrivateIMPCoreInfraSG"
        },
        "IpProtocol": "TCP",
        "FromPort": 49152,
        "ToPort": 65535,
        "SourceSecurityGroupId": {
          "Ref": "prepayALLIMPPrivateSG"
        },
        "Tags": [
          {
            "Key": "Comment",
            "Value": "Internal TC3 Private All: Active Directory"
          }
        ]
      }
    },
    "PrivateIMPCoreInfraSGIngress32": {
      "Type": "AWS::EC2::SecurityGroupIngress",
      "Properties": {
        "GroupId": {
          "Ref": "prepayPrivateIMPCoreInfraSG"
        },
        "IpProtocol": "UDP",
        "FromPort": 49152,
        "ToPort": 65535,
        "SourceSecurityGroupId": {
          "Ref": "prepayALLIMPPrivateSG"
        },
        "Tags": [
          {
            "Key": "Comment",
            "Value": "Internal TC3 Private All: Active Directory"
          }
        ]
      }
    },
    "PrivateIMPCoreInfraSGIngress33": {
      "Type": "AWS::EC2::SecurityGroupIngress",
      "Properties": {
        "GroupId": {
          "Ref": "prepayPrivateIMPCoreInfraSG"
        },
        "IpProtocol": "TCP",
        "FromPort": 10933,
        "ToPort": 10933,
        "CidrIp": "10.201.12.104/32",
        "Tags": [
          {
            "Key": "Comment",
            "Value": "Internal CH Corp: Octopus Tentacle Listener"
          }
        ]
      }
    },
    "PrivateIMPCoreInfraSGIngress34": {
      "Type": "AWS::EC2::SecurityGroupIngress",
      "Properties": {
        "GroupId": {
          "Ref": "prepayPrivateIMPCoreInfraSG"
        },
        "IpProtocol": "TCP",
        "FromPort": 2525,
        "ToPort": 2525,
        "CidrIp": "10.120.44.0/24",
        "Tags": [
          {
            "Key": "Comment",
            "Value": "Test"
          }
        ]
      }
    },
    "PrivateIMPCoreInfraSGIngress35": {
      "Type": "AWS::EC2::SecurityGroupIngress",
      "Properties": {
        "GroupId": {
          "Ref": "prepayPrivateIMPCoreInfraSG"
        },
        "IpProtocol": "TCP",
        "FromPort": 389,
        "ToPort": 389,
        "CidrIp": "10.165.204.0/22",
        "Tags": [
          {
            "Key": "Comment",
            "Value": "Internal LDAP Manager access"
          }
        ]
      }
    },
    "PrivateIMPCoreInfraSGIngress36": {
      "Type": "AWS::EC2::SecurityGroupIngress",
      "Properties": {
        "GroupId": {
          "Ref": "prepayPrivateIMPCoreInfraSG"
        },
        "IpProtocol": "UDP",
        "FromPort": 389,
        "ToPort": 389,
        "CidrIp": "10.165.204.0/22",
        "Tags": [
          {
            "Key": "Comment",
            "Value": "Internal LDAP Manager access"
          }
        ]
      }
    },
    "PrivateIMPCoreInfraSGIngress37": {
      "Type": "AWS::EC2::SecurityGroupIngress",
      "Properties": {
        "GroupId": {
          "Ref": "prepayPrivateIMPCoreInfraSG"
        },
        "IpProtocol": "TCP",
        "FromPort": 389,
        "ToPort": 389,
        "CidrIp": "10.160.204.0/22",
        "Tags": [
          {
            "Key": "Comment",
            "Value": "Internal LDAP Manager access"
          }
        ]
      }
    },
    "PrivateIMPCoreInfraSGIngress38": {
      "Type": "AWS::EC2::SecurityGroupIngress",
      "Properties": {
        "GroupId": {
          "Ref": "prepayPrivateIMPCoreInfraSG"
        },
        "IpProtocol": "UDP",
        "FromPort": 389,
        "ToPort": 389,
        "CidrIp": "10.160.204.0/22",
        "Tags": [
          {
            "Key": "Comment",
            "Value": "Internal LDAP Manager access"
          }
        ]
      }
    },
    "PrivateIMPCoreInfraSGIngress39": {
      "Type": "AWS::EC2::SecurityGroupIngress",
      "Properties": {
        "GroupId": {
          "Ref": "prepayPrivateIMPCoreInfraSG"
        },
        "IpProtocol": "TCP",
        "FromPort": 389,
        "ToPort": 389,
        "CidrIp": "10.140.204.0/22",
        "Tags": [
          {
            "Key": "Comment",
            "Value": "Internal LDAP Manager access"
          }
        ]
      }
    },
    "PrivateIMPCoreInfraSGIngress40": {
      "Type": "AWS::EC2::SecurityGroupIngress",
      "Properties": {
        "GroupId": {
          "Ref": "prepayPrivateIMPCoreInfraSG"
        },
        "IpProtocol": "UDP",
        "FromPort": 389,
        "ToPort": 389,
        "CidrIp": "10.140.204.0/22",
        "Tags": [
          {
            "Key": "Comment",
            "Value": "Internal LDAP Manager access"
          }
        ]
      }
    },
    "prepayPrivateIMPLoadBalancerSG": {
      "Type": "AWS::EC2::SecurityGroup",
      "Properties": {
        "GroupDescription": "Security Group Rules for access to PrivateIMPLoadBalancerSG",
        "VpcId": {
          "Ref": "Vpc"
        },
        "Tags": [
          {
            "Key": "Name",
            "Value": {
              "Fn::Join": [
                "",
                [
                  {
                    "Ref": "TagApplicationname"
                  },
                  "-",
                  "prepayPrivateIMPLoadBalancerSG",
                  "-",
                  "aws"
                ]
              ]
            }
          },
          {
            "Key": "Billing",
            "Value": {
              "Fn::Join": [
                "",
                [
                  {
                    "Ref": "TagBusinessunit"
                  },
                  ".",
                  {
                    "Ref": "TagDepartment"
                  },
                  ".",
                  {
                    "Ref": "TagProduct"
                  },
                  ".",
                  {
                    "Ref": "TagPercent"
                  }
                ]
              ]
            }
          },
          {
            "Key": "Description",
            "Value": {
              "Fn::Join": [
                "",
                [
                  "env=",
                  {
                    "Ref": "TagEnvironment"
                  },
                  "/",
                  "appid=",
                  {
                    "Ref": "TagAppid"
                  },
                  "/",
                  "comp=",
                  {
                    "Ref": "TagComponent"
                  },
                  "/",
                  "monitor=",
                  {
                    "Ref": "TagMonitor"
                  }
                ]
              ]
            }
          }
        ]
      }
    },
    "PrivateIMPLoadBalancerSGIngress0": {
      "Type": "AWS::EC2::SecurityGroupIngress",
      "Properties": {
        "GroupId": {
          "Ref": "prepayPrivateIMPLoadBalancerSG"
        },
        "IpProtocol": "ICMP",
        "FromPort": -1,
        "ToPort": -1,
        "SourceSecurityGroupId": {
          "Ref": "prepayALLIMPPrivateSG"
        },
        "Tags": [
          {
            "Key": "Comment",
            "Value": "Internal TC3 VPC: ICMP health check"
          }
        ]
      }
    },
    "PrivateIMPLoadBalancerSGIngress1": {
      "Type": "AWS::EC2::SecurityGroupIngress",
      "Properties": {
        "GroupId": {
          "Ref": "prepayPrivateIMPLoadBalancerSG"
        },
        "IpProtocol": "ICMP",
        "FromPort": -1,
        "ToPort": -1,
        "CidrIp": "10.165.104.0/22",
        "Tags": [
          {
            "Key": "Comment",
            "Value": "Emdeon VDI segment: ICMP health check"
          }
        ]
      }
    },
    "PrivateIMPLoadBalancerSGIngress2": {
      "Type": "AWS::EC2::SecurityGroupIngress",
      "Properties": {
        "GroupId": {
          "Ref": "prepayPrivateIMPLoadBalancerSG"
        },
        "IpProtocol": "TCP",
        "FromPort": 443,
        "ToPort": 443,
        "SourceSecurityGroupId": {
          "Ref": "prepayALLIMPPrivateSG"
        },
        "Tags": [
          {
            "Key": "Comment",
            "Value": "Internal TC3 VPC: HTTPS for chef web traffic"
          }
        ]
      }
    },
    "PrivateIMPLoadBalancerSGIngress3": {
      "Type": "AWS::EC2::SecurityGroupIngress",
      "Properties": {
        "GroupId": {
          "Ref": "prepayPrivateIMPLoadBalancerSG"
        },
        "IpProtocol": "TCP",
        "FromPort": 443,
        "ToPort": 443,
        "CidrIp": "1.1.1.1/32",
        "Tags": [
          {
            "Key": "Comment",
            "Value": "Emdeon Datacenter loadbalancer: HTTPS for web traffic"
          }
        ]
      }
    },
    "PrivateIMPLoadBalancerSGIngress4": {
      "Type": "AWS::EC2::SecurityGroupIngress",
      "Properties": {
        "GroupId": {
          "Ref": "prepayPrivateIMPLoadBalancerSG"
        },
        "IpProtocol": "TCP",
        "FromPort": 22,
        "ToPort": 22,
        "CidrIp": "1.1.1.1/32",
        "Tags": [
          {
            "Key": "Comment",
            "Value": "Emdeon Datacenter loadbalancer: SSH for SFTP"
          }
        ]
      }
    },
    "PrivateIMPLoadBalancerSGIngress5": {
      "Type": "AWS::EC2::SecurityGroupIngress",
      "Properties": {
        "GroupId": {
          "Ref": "prepayPrivateIMPLoadBalancerSG"
        },
        "IpProtocol": "TCP",
        "FromPort": 8443,
        "ToPort": 8449,
        "SourceSecurityGroupId": {
          "Ref": "prepayALLIMPPrivateSG"
        },
        "Tags": [
          {
            "Key": "Comment",
            "Value": "Internal TC3 HTTPS for application web traffic"
          }
        ]
      }
    },
    "PrivateIMPLoadBalancerSGIngress7": {
      "Type": "AWS::EC2::SecurityGroupIngress",
      "Properties": {
        "GroupId": {
          "Ref": "prepayPrivateIMPLoadBalancerSG"
        },
        "IpProtocol": "TCP",
        "FromPort": 18443,
        "ToPort": 18446,
        "SourceSecurityGroupId": {
          "Ref": "prepayALLIMPPrivateSG"
        },
        "Tags": [
          {
            "Key": "Comment",
            "Value": "Internal TC3 HTTPS for application web traffic"
          }
        ]
      }
    },
    "PrivateIMPLoadBalancerSGIngress9": {
      "Type": "AWS::EC2::SecurityGroupIngress",
      "Properties": {
        "GroupId": {
          "Ref": "prepayPrivateIMPLoadBalancerSG"
        },
        "IpProtocol": "TCP",
        "FromPort": 18443,
        "ToPort": 18446,
        "CidrIp": "10.0.0.0/8",
        "Tags": [
          {
            "Key": "Comment",
            "Value": "ALL CHC Internal: TC3 HTTPS for application web traffic"
          }
        ]
      }
    },
    "PrivateIMPLoadBalancerSGIngress10": {
      "Type": "AWS::EC2::SecurityGroupIngress",
      "Properties": {
        "GroupId": {
          "Ref": "prepayPrivateIMPLoadBalancerSG"
        },
        "IpProtocol": "TCP",
        "FromPort": 443,
        "ToPort": 443,
        "CidrIp": "10.0.0.0/8",
        "Tags": [
          {
            "Key": "Comment",
            "Value": "ALL CHC Internal: TC3 HTTPS for application web traffic"
          }
        ]
      }
    },
    "PrivateIMPLoadBalancerSGIngress11": {
      "Type": "AWS::EC2::SecurityGroupIngress",
      "Properties": {
        "GroupId": {
          "Ref": "prepayPrivateIMPLoadBalancerSG"
        },
        "IpProtocol": "TCP",
        "FromPort": 8443,
        "ToPort": 8449,
        "CidrIp": "10.0.0.0/8",
        "Tags": [
          {
            "Key": "Comment",
            "Value": "ALL CHC Internal: TC3 HTTPS for application web traffic"
          }
        ]
      }
    },
    "prepayALLIMPPrivateSG": {
      "Type": "AWS::EC2::SecurityGroup",
      "Properties": {
        "GroupDescription": "Security Group Rules for access to ALLIMPPrivateSG",
        "VpcId": {
          "Ref": "Vpc"
        },
        "Tags": [
          {
            "Key": "Name",
            "Value": {
              "Fn::Join": [
                "",
                [
                  {
                    "Ref": "TagApplicationname"
                  },
                  "-",
                  "prepayALLIMPPrivateSG",
                  "-",
                  "aws"
                ]
              ]
            }
          },
          {
            "Key": "Billing",
            "Value": {
              "Fn::Join": [
                "",
                [
                  {
                    "Ref": "TagBusinessunit"
                  },
                  ".",
                  {
                    "Ref": "TagDepartment"
                  },
                  ".",
                  {
                    "Ref": "TagProduct"
                  },
                  ".",
                  {
                    "Ref": "TagPercent"
                  }
                ]
              ]
            }
          },
          {
            "Key": "Description",
            "Value": {
              "Fn::Join": [
                "",
                [
                  "env=",
                  {
                    "Ref": "TagEnvironment"
                  },
                  "/",
                  "appid=",
                  {
                    "Ref": "TagAppid"
                  },
                  "/",
                  "comp=",
                  {
                    "Ref": "TagComponent"
                  },
                  "/",
                  "monitor=",
                  {
                    "Ref": "TagMonitor"
                  }
                ]
              ]
            }
          }
        ]
      }
    },    
     "ALLIMPPrivateSGIngress0": {
      "Type": "AWS::EC2::SecurityGroupIngress",
      "Properties": {
        "GroupId": {
          "Ref": "prepayALLIMPPrivateSG"
        },
        "IpProtocol": "ICMP",
        "FromPort": -1,
        "ToPort": -1,
        "CidrIp": "10.165.104.0/22",
        "Tags": [
          {
            "Key": "Comment",
            "Value": "Emdeon VDI segment: ICMP for test and administration"
          }
        ]
      }
    },
    "ALLIMPPrivateSGIngress1": {
      "Type": "AWS::EC2::SecurityGroupIngress",
      "Properties": {
        "GroupId": {
          "Ref": "prepayALLIMPPrivateSG"
        },
        "IpProtocol": "TCP",
        "FromPort": 22,
        "ToPort": 22,
        "CidrIp": "10.165.104.0/22",
        "Tags": [
          {
            "Key": "Comment",
            "Value": "Emdeon VDI segment: SSH for test and administration"
          }
        ]
      }
    },
    "ALLIMPPrivateSGIngress2": {
      "Type": "AWS::EC2::SecurityGroupIngress",
      "Properties": {
        "GroupId": {
          "Ref": "prepayALLIMPPrivateSG"
        },
        "IpProtocol": "TCP",
        "FromPort": 443,
        "ToPort": 443,
        "CidrIp": "10.165.104.0/22",
        "Tags": [
          {
            "Key": "Comment",
            "Value": "Emdeon VDI segment: HTTPS for test"
          }
        ]
      }
    },
    "ALLIMPPrivateSGIngress3": {
      "Type": "AWS::EC2::SecurityGroupIngress",
      "Properties": {
        "GroupId": {
          "Ref": "prepayALLIMPPrivateSG"
        },
        "IpProtocol": "TCP",
        "FromPort": 1433,
        "ToPort": 1433,
        "CidrIp": "10.165.104.0/22",
        "Tags": [
          {
            "Key": "Comment",
            "Value": "Emdeon VDI segment: MSSQL for test"
          }
        ]
      }
    },
    "ALLIMPPrivateSGIngress4": {
      "Type": "AWS::EC2::SecurityGroupIngress",
      "Properties": {
        "GroupId": {
          "Ref": "prepayALLIMPPrivateSG"
        },
        "IpProtocol": "TCP",
        "FromPort": 3389,
        "ToPort": 3389,
        "CidrIp": "10.165.104.0/22",
        "Tags": [
          {
            "Key": "Comment",
            "Value": "Emdeon VDI segment: RDP for test and administration"
          }
        ]
      }
    },
    "ALLIMPPrivateSGIngress5": {
      "Type": "AWS::EC2::SecurityGroupIngress",
      "Properties": {
        "GroupId": {
          "Ref": "prepayALLIMPPrivateSG"
        },
        "IpProtocol": "TCP",
        "FromPort": 135,
        "ToPort": 135,
        "CidrIp": "10.165.104.0/22",
        "Tags": [
          {
            "Key": "Comment",
            "Value": "Emdeon VDI segment: DCOM RPC"
          }
        ]
      }
    },
    "ALLIMPPrivateSGIngress6": {
      "Type": "AWS::EC2::SecurityGroupIngress",
      "Properties": {
        "GroupId": {
          "Ref": "prepayALLIMPPrivateSG"
        },
        "IpProtocol": "TCP",
        "FromPort": 139,
        "ToPort": 139,
        "CidrIp": "10.165.104.0/22",
        "Tags": [
          {
            "Key": "Comment",
            "Value": "Emdeon VDI segment: Netbios NS, datagram, session for administration"
          }
        ]
      }
    },
    "ALLIMPPrivateSGIngress7": {
      "Type": "AWS::EC2::SecurityGroupIngress",
      "Properties": {
        "GroupId": {
          "Ref": "prepayALLIMPPrivateSG"
        },
        "IpProtocol": "TCP",
        "FromPort": 445,
        "ToPort": 445,
        "CidrIp": "10.165.104.0/22",
        "Tags": [
          {
            "Key": "Comment",
            "Value": "Emdeon VDI segment: MS SMB Directory Services"
          }
        ]
      }
    },
    "ALLIMPPrivateSGIngress8": {
      "Type": "AWS::EC2::SecurityGroupIngress",
      "Properties": {
        "GroupId": {
          "Ref": "prepayALLIMPPrivateSG"
        },
        "IpProtocol": "TCP",
        "FromPort": 22,
        "ToPort": 22,
        "CidrIp": "10.255.100.15/32",
        "Tags": [
          {
            "Key": "Comment",
            "Value": "Emdeon cmmercdev01: SSH for test and administration"
          }
        ]
      }
    },
    "ALLIMPPrivateSGIngress9": {
      "Type": "AWS::EC2::SecurityGroupIngress",
      "Properties": {
        "GroupId": {
          "Ref": "prepayALLIMPPrivateSG"
        },
        "IpProtocol": "TCP",
        "FromPort": 443,
        "ToPort": 443,
        "CidrIp": "10.255.100.15/32",
        "Tags": [
          {
            "Key": "Comment",
            "Value": "Emdeon cmmercdev01: HTTPS for test"
          }
        ]
      }
    },
    "ALLIMPPrivateSGIngress10": {
      "Type": "AWS::EC2::SecurityGroupIngress",
      "Properties": {
        "GroupId": {
          "Ref": "prepayALLIMPPrivateSG"
        },
        "IpProtocol": "TCP",
        "FromPort": 3389,
        "ToPort": 3389,
        "CidrIp": "10.255.100.15/32",
        "Tags": [
          {
            "Key": "Comment",
            "Value": "Emdeon cmmercdev01: RDP for test and administration"
          }
        ]
      }
    },
    "ALLIMPPrivateSGIngress11": {
      "Type": "AWS::EC2::SecurityGroupIngress",
      "Properties": {
        "GroupId": {
          "Ref": "prepayALLIMPPrivateSG"
        },
        "IpProtocol": "TCP",
        "FromPort": 22,
        "ToPort": 22,
        "CidrIp": "10.255.81.13/32",
        "Tags": [
          {
            "Key": "Comment",
            "Value": "Emdeon irv01wtxsvr01: SSH for test and administration"
          }
        ]
      }
    },
    "ALLIMPPrivateSGIngress12": {
      "Type": "AWS::EC2::SecurityGroupIngress",
      "Properties": {
        "GroupId": {
          "Ref": "prepayALLIMPPrivateSG"
        },
        "IpProtocol": "TCP",
        "FromPort": 443,
        "ToPort": 443,
        "CidrIp": "10.255.81.13/32",
        "Tags": [
          {
            "Key": "Comment",
            "Value": "Emdeon irv01wtxsvr01: HTTPS for test"
          }
        ]
      }
    },
    "ALLIMPPrivateSGIngress13": {
      "Type": "AWS::EC2::SecurityGroupIngress",
      "Properties": {
        "GroupId": {
          "Ref": "prepayALLIMPPrivateSG"
        },
        "IpProtocol": "TCP",
        "FromPort": 3389,
        "ToPort": 3389,
        "CidrIp": "10.255.81.13/32",
        "Tags": [
          {
            "Key": "Comment",
            "Value": "Emdeon irv01wtxsvr01: RDP for test and administration"
          }
        ]
      }
    },
    "ALLIMPPrivateSGIngress14": {
      "Type": "AWS::EC2::SecurityGroupIngress",
      "Properties": {
        "GroupId": {
          "Ref": "prepayALLIMPPrivateSG"
        },
        "IpProtocol": "TCP",
        "FromPort": 22,
        "ToPort": 22,
        "CidrIp": "10.145.80.0/21",
        "Tags": [
          {
            "Key": "Comment",
            "Value": "Emdeon VPN: SSH for test and administration"
          }
        ]
      }
    },
    "ALLIMPPrivateSGIngress15": {
      "Type": "AWS::EC2::SecurityGroupIngress",
      "Properties": {
        "GroupId": {
          "Ref": "prepayALLIMPPrivateSG"
        },
        "IpProtocol": "TCP",
        "FromPort": 443,
        "ToPort": 443,
        "CidrIp": "10.145.80.0/21",
        "Tags": [
          {
            "Key": "Comment",
            "Value": "Emdeon VPN: HTTPS for test"
          }
        ]
      }
    },
    "ALLIMPPrivateSGIngress16": {
      "Type": "AWS::EC2::SecurityGroupIngress",
      "Properties": {
        "GroupId": {
          "Ref": "prepayALLIMPPrivateSG"
        },
        "IpProtocol": "TCP",
        "FromPort": 3389,
        "ToPort": 3389,
        "CidrIp": "10.145.80.0/21",
        "Tags": [
          {
            "Key": "Comment",
            "Value": "Emdeon VPN: RDP for test and administration"
          }
        ]
      }
    },
    "ALLIMPPrivateSGIngress17": {
      "Type": "AWS::EC2::SecurityGroupIngress",
      "Properties": {
        "GroupId": {
          "Ref": "prepayALLIMPPrivateSG"
        },
        "IpProtocol": "ICMP",
        "FromPort": -1,
        "ToPort": -1,
        "CidrIp": "10.165.43.0/24",
        "Tags": [
          {
            "Key": "Comment",
            "Value": "Emdeon VPN segment: ICMP for test and administration"
          }
        ]
      }
    },
    "ALLIMPPrivateSGIngress18": {
      "Type": "AWS::EC2::SecurityGroupIngress",
      "Properties": {
        "GroupId": {
          "Ref": "prepayALLIMPPrivateSG"
        },
        "IpProtocol": "TCP",
        "FromPort": 22,
        "ToPort": 22,
        "CidrIp": "10.165.43.0/24",
        "Tags": [
          {
            "Key": "Comment",
            "Value": "Emdeon VPN segment: SSH for test and administration"
          }
        ]
      }
    },
    "ALLIMPPrivateSGIngress19": {
      "Type": "AWS::EC2::SecurityGroupIngress",
      "Properties": {
        "GroupId": {
          "Ref": "prepayALLIMPPrivateSG"
        },
        "IpProtocol": "TCP",
        "FromPort": 443,
        "ToPort": 443,
        "CidrIp": "10.165.43.0/24",
        "Tags": [
          {
            "Key": "Comment",
            "Value": "Emdeon VPN segment: HTTPS for test"
          }
        ]
      }
    },
    "ALLIMPPrivateSGIngress20": {
      "Type": "AWS::EC2::SecurityGroupIngress",
      "Properties": {
        "GroupId": {
          "Ref": "prepayALLIMPPrivateSG"
        },
        "IpProtocol": "TCP",
        "FromPort": 3389,
        "ToPort": 3389,
        "CidrIp": "10.165.43.0/24",
        "Tags": [
          {
            "Key": "Comment",
            "Value": "Emdeon VPN segment: RDP for test and administration"
          }
        ]
      }
    },
     "ALLIMPPrivateSGIngress21": {
      "Type": "AWS::EC2::SecurityGroupIngress",
      "Properties": {
        "GroupId": {
          "Ref": "prepayALLIMPPrivateSG"
        },
        "IpProtocol": "ICMP",
        "FromPort": -1,
        "ToPort": -1,
        "CidrIp": "10.165.24.0/24",
        "Tags": [
          {
            "Key": "Comment",
            "Value": "Emdeon PE desktop segment: ICMP for test and administration"
          }
        ]
      }
    },
    "ALLIMPPrivateSGIngress22": {
      "Type": "AWS::EC2::SecurityGroupIngress",
      "Properties": {
        "GroupId": {
          "Ref": "prepayALLIMPPrivateSG"
        },
        "IpProtocol": "TCP",
        "FromPort": 22,
        "ToPort": 22,
        "CidrIp": "10.165.24.0/24",
        "Tags": [
          {
            "Key": "Comment",
            "Value": "Emdeon PE desktop segment: SSH for test and administration"
          }
        ]
      }
    },
    "ALLIMPPrivateSGIngress23": {
      "Type": "AWS::EC2::SecurityGroupIngress",
      "Properties": {
        "GroupId": {
          "Ref": "prepayALLIMPPrivateSG"
        },
        "IpProtocol": "TCP",
        "FromPort": 443,
        "ToPort": 443,
        "CidrIp": "10.165.24.0/24",
        "Tags": [
          {
            "Key": "Comment",
            "Value": "Emdeon PE desktop segment: HTTPS for test"
          }
        ]
      }
    },
    "ALLIMPPrivateSGIngress24": {
      "Type": "AWS::EC2::SecurityGroupIngress",
      "Properties": {
        "GroupId": {
          "Ref": "prepayALLIMPPrivateSG"
        },
        "IpProtocol": "TCP",
        "FromPort": 3389,
        "ToPort": 3389,
        "CidrIp": "10.165.24.0/24",
        "Tags": [
          {
            "Key": "Comment",
            "Value": "Emdeon PE desktop segment: RDP for test and administration"
          }
        ]
      }
    },
    "ALLIMPPrivateSGIngress25": {
      "Type": "AWS::EC2::SecurityGroupIngress",
      "Properties": {
        "GroupId": {
          "Ref": "prepayALLIMPPrivateSG"
        },
        "IpProtocol": "TCP",
        "FromPort": 8888,
        "ToPort": 8888,
        "CidrIp": "10.165.104.0/22",
        "Tags": [
          {
            "Key": "Comment",
            "Value": "Internal CH Self Service Password tool"
          }
        ]
      }
    },
    "ALLIMPPrivateSGIngress26": {
      "Type": "AWS::EC2::SecurityGroupIngress",
      "Properties": {
        "GroupId": {
          "Ref": "prepayALLIMPPrivateSG"
        },
        "IpProtocol": "TCP",
        "FromPort": 443,
        "ToPort": 443,
        "CidrIp": "10.120.34.0/24",
        "Tags": [
          {
            "Key": "Comment",
            "Value": "Emdeon QA desktop segment: HTTPS from TC3 Minnesota "
          }
        ]
      }
    },
    "ALLIMPPrivateSGIngress27": {
      "Type": "AWS::EC2::SecurityGroupIngress",
      "Properties": {
        "GroupId": {
          "Ref": "prepayALLIMPPrivateSG"
        },
        "IpProtocol": "TCP",
        "FromPort": 3389,
        "ToPort": 3389,
        "CidrIp": "10.120.34.0/24",
        "Tags": [
          {
            "Key": "Comment",
            "Value": "Emdeon QA desktop segment: RDP from TC3 Minnesota "
          }
        ]
      }
    }
  }
}
