{
  "AWSTemplateFormatVersion": "2010-09-09",
  "Parameters": {
    "Creator": {
      "Default": "prepaydeployer",
      "Description": "Creator of stack",
      "Type": "String"
    },      
    "TagBusinessunit": {
      "Type": "String",
      "Default": "IT-Payment Integrity"
    },
    "TagDepartment": {
      "Type": "String",
      "Default": "AB1-PI IT TC3"
    },
    "TagProduct": {
      "Type": "String",
      "Default": "Payment Integrity: Pre-Pay"
    },
    "TagPercent": {
      "Type": "String",
      "Default": "100"
    },
    "TagApplicationname": {
      "Type": "String",
      "Default": "prepay"
    },
    "TagAppid": {
      "Type": "String",
      "Default": "555"
    },
    "TagMonitor": {
      "Type": "String",
      "Default": "false",
      "AllowedValues": [
        "true",
        "false"
      ]
    },
    "TagEnvironment": {
      "Type": "String",
      "Description": "One of only: %w(DEV QA CERT TEST NONPROD MGMT DR PROD IMP)",
      "Default": "QCI",
      "AllowedValues": [
        "DEV",
        "QA",
        "CERT",
        "TEST",
        "NONPROD",
        "MGMT",
        "DR",
        "PROD",
        "IMP",
        "QCI"
      ]
    },
    "TagComponent": {
      "Description": "The sub-component piece of the application stack (part of the AWS tag Description)",
      "Type": "String",
      "Default": "AWSVPC"
    },
    "Vpc": {
      "Description": "VPC ID",
      "Type": "String",
      "Default": "vpc-ca75e4ac"
    },
    "VpcCidr": {
      "Description": "VPC Subnet",
      "Type": "String",
      "Default": "10.223.96.0/20"
    }
  },
  "Outputs": {
    "Creator": {
      "Value": {
        "Ref": "Creator"
      }
    },
    "TagBusinessunit": {
      "Value": {
        "Ref": "TagBusinessunit"
      }
    },
    "TagDepartment": {
      "Value": {
        "Ref": "TagDepartment"
      }
    },
    "TagProduct": {
      "Value": {
        "Ref": "TagProduct"
      }
    },
    "TagPercent": {
      "Value": {
        "Ref": "TagPercent"
      }
    },
    "TagApplicationname": {
      "Value": {
        "Ref": "TagApplicationname"
      }
    },
    "TagAppid": {
      "Value": {
        "Ref": "TagAppid"
      }
    },
    "TagMonitor": {
      "Value": {
        "Ref": "TagMonitor"
      }
    },
    "TagEnvironment": {
      "Value": {
        "Ref": "TagEnvironment"
      }
    },
    "TagComponent": {
      "Value": {
        "Ref": "TagComponent"
      }
    },
    "Vpc": {
      "Value": {
        "Ref": "Vpc"
      }
    },
    "VpcCidr": {
      "Value": {
        "Ref": "VpcCidr"
      }
    }         
  },
  "Description": "PROD SecurityGroups and Firewall Rules",
  "Resources": {
    "prepayPrivateQCIFTPSG": {
      "Type": "AWS::EC2::SecurityGroup",
      "Properties": {
        "GroupDescription": "Security Group Rules for access to PrivateQCIFTPSG",
        "VpcId": {
          "Ref": "Vpc"
        },
        "Tags": [
          {
            "Key": "Name",
            "Value": {
              "Fn::Join": [
                "",
                [
                  {
                    "Ref": "TagApplicationname"
                  },
                  "-",
                  "prepayPrivateQCIFTPSG",
                  "-",
                  "aws"
                ]
              ]
            }
          },
          {
            "Key": "Billing",
            "Value": {
              "Fn::Join": [
                "",
                [
                  {
                    "Ref": "TagBusinessunit"
                  },
                  ".",
                  {
                    "Ref": "TagDepartment"
                  },
                  ".",
                  {
                    "Ref": "TagProduct"
                  },
                  ".",
                  {
                    "Ref": "TagPercent"
                  }
                ]
              ]
            }
          },
          {
            "Key": "Description",
            "Value": {
              "Fn::Join": [
                "",
                [
                  "env=",
                  {
                    "Ref": "TagEnvironment"
                  },
                  "/",
                  "appid=",
                  {
                    "Ref": "TagAppid"
                  },
                  "/",
                  "comp=",
                  {
                    "Ref": "TagComponent"
                  },
                  "/",
                  "monitor=",
                  {
                    "Ref": "TagMonitor"
                  }
                ]
              ]
            }
          }
        ]
      }
    }, 
     "PrivateQCIFTPSGIngress0": {
      "Type": "AWS::EC2::SecurityGroupIngress",
      "Properties": {
        "GroupId": {
          "Ref": "prepayPrivateQCIFTPSG"
        },
        "IpProtocol": "ICMP",
        "FromPort": -1,
        "ToPort": -1,
        "SourceSecurityGroupId": {
          "Ref": "prepayAllQCIPrivateSG"
        },
        "Tags": [
          {
            "Key": "Comment",
            "Value": "Internal TC3: All ICMP traffic to itself"
          }
        ]
      }
    },
    "PrivateQCIFTPSGIngress1": {
      "Type": "AWS::EC2::SecurityGroupIngress",
      "Properties": {
        "GroupId": {
          "Ref": "prepayPrivateQCIFTPSG"
        },
        "IpProtocol": "TCP",
        "FromPort": 1,
        "ToPort": 65535,
        "SourceSecurityGroupId": {
          "Ref": "prepayPrivateQCIFTPSG"
        },
        "Tags": [
          {
            "Key": "Comment",
            "Value": "Internal TC3: All IP traffic to itself"
          }
        ]
      }
    },
    "PrivateQCIFTPSGIngress2": {
      "Type": "AWS::EC2::SecurityGroupIngress",
      "Properties": {
        "GroupId": {
          "Ref": "prepayPrivateQCIFTPSG"
        },
        "IpProtocol": "UDP",
        "FromPort": 1,
        "ToPort": 65535,
        "SourceSecurityGroupId": {
          "Ref": "prepayPrivateQCIFTPSG"
        },
        "Tags": [
          {
            "Key": "Comment",
            "Value": "Internal TC3: All IP traffic to itself"
          }
        ]
      }
    },
    "PrivateQCIFTPSGIngress3": {
      "Type": "AWS::EC2::SecurityGroupIngress",
      "Properties": {
        "GroupId": {
          "Ref": "prepayPrivateQCIFTPSG"
        },
        "IpProtocol": "ICMP",
        "FromPort": -1,
        "ToPort": -1,
        "SourceSecurityGroupId": {
          "Ref": "prepayPrivateQCILoadBalancerSG"
        },
        "Tags": [
          {
            "Key": "Comment",
            "Value": "Internal TC3 Loadbalancer: ICMP for healthcheck"
          }
        ]
      }
    },
    "PrivateQCIFTPSGIngress4": {
      "Type": "AWS::EC2::SecurityGroupIngress",
      "Properties": {
        "GroupId": {
          "Ref": "prepayPrivateQCIFTPSG"
        },
        "IpProtocol": "TCP",
        "FromPort": 443,
        "ToPort": 443,
        "SourceSecurityGroupId": {
          "Ref": "prepayPrivateQCILoadBalancerSG"
        },
        "Tags": [
          {
            "Key": "Comment",
            "Value": "Internal TC3 Loadbalancer: HTTPS for web traffic"
          }
        ]
      }
    },
    "PrivateQCIFTPSGIngress5": {
      "Type": "AWS::EC2::SecurityGroupIngress",
      "Properties": {
        "GroupId": {
          "Ref": "prepayPrivateQCIFTPSG"
        },
        "IpProtocol": "UDP",
        "FromPort": 443,
        "ToPort": 443,
        "SourceSecurityGroupId": {
          "Ref": "prepayPrivateQCILoadBalancerSG"
        },
        "Tags": [
          {
            "Key": "Comment",
            "Value": "Internal TC3 Loadbalancer: HTTPS for web traffic"
          }
        ]
      }
    },
    "PrivateQCIFTPSGIngress6": {
      "Type": "AWS::EC2::SecurityGroupIngress",
      "Properties": {
        "GroupId": {
          "Ref": "prepayPrivateQCIFTPSG"
        },
        "IpProtocol": "TCP",
        "FromPort": 22,
        "ToPort": 22,
        "SourceSecurityGroupId": {
          "Ref": "prepayPrivateQCILoadBalancerSG"
        },
        "Tags": [
          {
            "Key": "Comment",
            "Value": "Internal TC3 Loadbalancer: SSH for SFTP"
          }
        ]
      }
    },
    "PrivateQCIFTPSGIngress7": {
      "Type": "AWS::EC2::SecurityGroupIngress",
      "Properties": {
        "GroupId": {
          "Ref": "prepayPrivateQCIFTPSG"
        },
        "IpProtocol": "UDP",
        "FromPort": 22,
        "ToPort": 22,
        "SourceSecurityGroupId": {
          "Ref": "prepayPrivateQCILoadBalancerSG"
        },
        "Tags": [
          {
            "Key": "Comment",
            "Value": "Internal TC3 Loadbalancer: SSH for SFTP"
          }
        ]
      }
    },
    "PrivateQCIFTPSGIngress8": {
      "Type": "AWS::EC2::SecurityGroupIngress",
      "Properties": {
        "GroupId": {
          "Ref": "prepayPrivateQCIFTPSG"
        },
        "IpProtocol": "TCP",
        "FromPort": 10933,
        "ToPort": 10933,
        "CidrIp": "10.201.12.104/32",
        "Tags": [
          {
            "Key": "Comment",
            "Value": "Internal CH Corp: Octopus Tentacle Listener"
          }
        ]
      }
    },
    "prepayPrivateQCIWebSG": {
      "Type": "AWS::EC2::SecurityGroup",
      "Properties": {
        "GroupDescription": "Security Group Rules for access to PrivateQCIWebSG",
        "VpcId": {
          "Ref": "Vpc"
        },
        "Tags": [
          {
            "Key": "Name",
            "Value": {
              "Fn::Join": [
                "",
                [
                  {
                    "Ref": "TagApplicationname"
                  },
                  "-",
                  "prepayPrivateQCIWebSG",
                  "-",
                  "aws"
                ]
              ]
            }
          },
          {
            "Key": "Billing",
            "Value": {
              "Fn::Join": [
                "",
                [
                  {
                    "Ref": "TagBusinessunit"
                  },
                  ".",
                  {
                    "Ref": "TagDepartment"
                  },
                  ".",
                  {
                    "Ref": "TagProduct"
                  },
                  ".",
                  {
                    "Ref": "TagPercent"
                  }
                ]
              ]
            }
          },
          {
            "Key": "Description",
            "Value": {
              "Fn::Join": [
                "",
                [
                  "env=",
                  {
                    "Ref": "TagEnvironment"
                  },
                  "/",
                  "appid=",
                  {
                    "Ref": "TagAppid"
                  },
                  "/",
                  "comp=",
                  {
                    "Ref": "TagComponent"
                  },
                  "/",
                  "monitor=",
                  {
                    "Ref": "TagMonitor"
                  }
                ]
              ]
            }
          }
        ]
      }
    },   
    "PrivateQCIWebSGIngress0": {
      "Type": "AWS::EC2::SecurityGroupIngress",
      "Properties": {
        "GroupId": {
          "Ref": "prepayPrivateQCIWebSG"
        },
        "IpProtocol": "ICMP",
        "FromPort": -1,
        "ToPort": -1,
        "SourceSecurityGroupId": {
          "Ref": "prepayAllQCIPrivateSG"
        },
        "Tags": [
          {
            "Key": "Comment",
            "Value": "Internal TC3: All ICMP traffic to itself"
          }
        ]
      }
    },
    "PrivateQCIWebSGIngress1": {
      "Type": "AWS::EC2::SecurityGroupIngress",
      "Properties": {
        "GroupId": {
          "Ref": "prepayPrivateQCIWebSG"
        },
        "IpProtocol": "TCP",
        "FromPort": 1,
        "ToPort": 65535,
        "SourceSecurityGroupId": {
          "Ref": "prepayPrivateQCIWebSG"
        },
        "Tags": [
          {
            "Key": "Comment",
            "Value": "Internal TC3: All IP traffic to itself"
          }
        ]
      }
    },
    "PrivateQCIWebSGIngress2": {
      "Type": "AWS::EC2::SecurityGroupIngress",
      "Properties": {
        "GroupId": {
          "Ref": "prepayPrivateQCIWebSG"
        },
        "IpProtocol": "UDP",
        "FromPort": 1,
        "ToPort": 65535,
        "SourceSecurityGroupId": {
          "Ref": "prepayPrivateQCIWebSG"
        },
        "Tags": [
          {
            "Key": "Comment",
            "Value": "Internal TC3: All IP traffic to itself"
          }
        ]
      }
    },
    "PrivateQCIWebSGIngress3": {
      "Type": "AWS::EC2::SecurityGroupIngress",
      "Properties": {
        "GroupId": {
          "Ref": "prepayPrivateQCIWebSG"
        },
        "IpProtocol": "TCP",
        "FromPort": 80,
        "ToPort": 80,
        "SourceSecurityGroupId": {
          "Ref": "prepayAllQCIPrivateSG"
        },
        "Tags": [
          {
            "Key": "Comment",
            "Value": "Internal TC3 HTTP for test application web traffic"
          }
        ]
      }
    },
    "PrivateQCIWebSGIngress4": {
      "Type": "AWS::EC2::SecurityGroupIngress",
      "Properties": {
        "GroupId": {
          "Ref": "prepayPrivateQCIWebSG"
        },
        "IpProtocol": "TCP",
        "FromPort": 443,
        "ToPort": 443,
        "SourceSecurityGroupId": {
          "Ref": "prepayAllQCIPrivateSG"
        },
        "Tags": [
          {
            "Key": "Comment",
            "Value": "Internal TC3 HTTPS for test application web traffic"
          }
        ]
      }
    },
    "PrivateQCIWebSGIngress6": {
      "Type": "AWS::EC2::SecurityGroupIngress",
      "Properties": {
        "GroupId": {
          "Ref": "prepayPrivateQCIWebSG"
        },
        "IpProtocol": "TCP",
        "FromPort": 443,
        "ToPort": 443,
        "SourceSecurityGroupId": {
          "Ref": "prepayPrivateQCILoadBalancerSG"
        },
        "Tags": [
          {
            "Key": "Comment",
            "Value": "Internal TC3 Loadbalancer: HTTPS for chef web traffic"
          }
        ]
      }
    },
    "PrivateQCIWebSGIngress7": {
      "Type": "AWS::EC2::SecurityGroupIngress",
      "Properties": {
        "GroupId": {
          "Ref": "prepayPrivateQCIWebSG"
        },
        "IpProtocol": "TCP",
        "FromPort": 443,
        "ToPort": 443,
        "CidrIp": "10.165.104.0/22",
        "Tags": [
          {
            "Key": "Comment",
            "Value": "Emdeon VDI segment: HTTPS for application web traffic"
          }
        ]
      }
    },
    "PrivateQCIWebSGIngress8": {
      "Type": "AWS::EC2::SecurityGroupIngress",
      "Properties": {
        "GroupId": {
          "Ref": "prepayPrivateQCIWebSG"
        },
        "IpProtocol": "TCP",
        "FromPort": 443,
        "ToPort": 443,
        "CidrIp": "10.165.43.0/24",
        "Tags": [
          {
            "Key": "Comment",
            "Value": "Emdeon VPN segment: HTTPS for application web traffic"
          }
        ]
      }
    },
    "PrivateQCIWebSGIngress9": {
      "Type": "AWS::EC2::SecurityGroupIngress",
      "Properties": {
        "GroupId": {
          "Ref": "prepayPrivateQCIWebSG"
        },
        "IpProtocol": "TCP",
        "FromPort": 4018,
        "ToPort": 4019,
        "CidrIp": "10.165.104.0/22",
        "Tags": [
          {
            "Key": "Comment",
            "Value": "Emdeon VDI segment: VisualStudio Remote Debugger"
          }
        ]
      }
    },
    "PrivateQCIWebSGIngress10": {
      "Type": "AWS::EC2::SecurityGroupIngress",
      "Properties": {
        "GroupId": {
          "Ref": "prepayPrivateQCIWebSG"
        },
        "IpProtocol": "TCP",
        "FromPort": 8443,
        "ToPort": 8449,
        "SourceSecurityGroupId": {
          "Ref": "prepayAllQCIPrivateSG"
        },
        "Tags": [
          {
            "Key": "Comment",
            "Value": "Internal TC3 HTTPS for application web traffic"
          }
        ]
      }
    },
    "PrivateQCIWebSGIngress12": {
      "Type": "AWS::EC2::SecurityGroupIngress",
      "Properties": {
        "GroupId": {
          "Ref": "prepayPrivateQCIWebSG"
        },
        "IpProtocol": "TCP",
        "FromPort": 8443,
        "ToPort": 8449,
        "SourceSecurityGroupId": {
          "Ref": "prepayPrivateQCILoadBalancerSG"
        },
        "Tags": [
          {
            "Key": "Comment",
            "Value": "Internal TC3 Loadbalancer: TC3 HTTPS for application web traffic"
          }
        ]
      }
    },
    "PrivateQCIWebSGIngress13": {
      "Type": "AWS::EC2::SecurityGroupIngress",
      "Properties": {
        "GroupId": {
          "Ref": "prepayPrivateQCIWebSG"
        },
        "IpProtocol": "TCP",
        "FromPort": 8443,
        "ToPort": 8449,
        "CidrIp": "10.165.104.0/22",
        "Tags": [
          {
            "Key": "Comment",
            "Value": "Emdeon VDI segment: TC3 HTTPS for application web traffic"
          }
        ]
      }
    },
    "PrivateQCIWebSGIngress14": {
      "Type": "AWS::EC2::SecurityGroupIngress",
      "Properties": {
        "GroupId": {
          "Ref": "prepayPrivateQCIWebSG"
        },
        "IpProtocol": "TCP",
        "FromPort": 8443,
        "ToPort": 8449,
        "CidrIp": "10.165.43.0/24",
        "Tags": [
          {
            "Key": "Comment",
            "Value": "Emdeon VPN segment: TC3 HTTPS for application web traffic"
          }
        ]
      }
    },
    "PrivateQCIWebSGIngress15": {
      "Type": "AWS::EC2::SecurityGroupIngress",
      "Properties": {
        "GroupId": {
          "Ref": "prepayPrivateQCIWebSG"
        },
        "IpProtocol": "TCP",
        "FromPort": 10933,
        "ToPort": 10933,
        "CidrIp": "10.201.12.104/32",
        "Tags": [
          {
            "Key": "Comment",
            "Value": "Internal CH Corp: Octopus Tentacle Listener"
          }
        ]
      }
    },
    "PrivateQCIWebSGIngress16": {
      "Type": "AWS::EC2::SecurityGroupIngress",
      "Properties": {
        "GroupId": {
          "Ref": "prepayPrivateQCIWebSG"
        },
        "IpProtocol": "TCP",
        "FromPort": 18443,
        "ToPort": 18446,
        "SourceSecurityGroupId": {
          "Ref": "prepayAllQCIPrivateSG"
        },
        "Tags": [
          {
            "Key": "Comment",
            "Value": "Internal TC3 HTTPS for application web traffic"
          }
        ]
      }
    },
    "PrivateQCIWebSGIngress18": {
      "Type": "AWS::EC2::SecurityGroupIngress",
      "Properties": {
        "GroupId": {
          "Ref": "prepayPrivateQCIWebSG"
        },
        "IpProtocol": "TCP",
        "FromPort": 18443,
        "ToPort": 18446,
        "SourceSecurityGroupId": {
          "Ref": "prepayPrivateQCILoadBalancerSG"
        },
        "Tags": [
          {
            "Key": "Comment",
            "Value": "Internal TC3 Loadbalancer: TC3 HTTPS for application web traffic"
          }
        ]
      }
    },
    "PrivateQCIWebSGIngress19": {
      "Type": "AWS::EC2::SecurityGroupIngress",
      "Properties": {
        "GroupId": {
          "Ref": "prepayPrivateQCIWebSG"
        },
        "IpProtocol": "TCP",
        "FromPort": 18443,
        "ToPort": 18446,
        "CidrIp": "10.165.104.0/22",
        "Tags": [
          {
            "Key": "Comment",
            "Value": "Emdeon VDI segment: TC3 HTTPS for application web traffic"
          }
        ]
      }
    },
    "PrivateQCIWebSGIngress20": {
      "Type": "AWS::EC2::SecurityGroupIngress",
      "Properties": {
        "GroupId": {
          "Ref": "prepayPrivateQCIWebSG"
        },
        "IpProtocol": "TCP",
        "FromPort": 18443,
        "ToPort": 18446,
        "CidrIp": "10.165.43.0/24",
        "Tags": [
          {
            "Key": "Comment",
            "Value": "Emdeon VPN segment: TC3 HTTPS for application web traffic"
          }
        ]
      }
    },
    "prepayPrivateQCIAppSG": {
      "Type": "AWS::EC2::SecurityGroup",
      "Properties": {
        "GroupDescription": "Security Group Rules for access to PrivateQCIAppSG",
        "VpcId": {
          "Ref": "Vpc"
        },
        "Tags": [
          {
            "Key": "Name",
            "Value": {
              "Fn::Join": [
                "",
                [
                  {
                    "Ref": "TagApplicationname"
                  },
                  "-",
                  "prepayPrivateQCIAppSG",
                  "-",
                  "aws"
                ]
              ]
            }
          },
          {
            "Key": "Billing",
            "Value": {
              "Fn::Join": [
                "",
                [
                  {
                    "Ref": "TagBusinessunit"
                  },
                  ".",
                  {
                    "Ref": "TagDepartment"
                  },
                  ".",
                  {
                    "Ref": "TagProduct"
                  },
                  ".",
                  {
                    "Ref": "TagPercent"
                  }
                ]
              ]
            }
          },
          {
            "Key": "Description",
            "Value": {
              "Fn::Join": [
                "",
                [
                  "env=",
                  {
                    "Ref": "TagEnvironment"
                  },
                  "/",
                  "appid=",
                  {
                    "Ref": "TagAppid"
                  },
                  "/",
                  "comp=",
                  {
                    "Ref": "TagComponent"
                  },
                  "/",
                  "monitor=",
                  {
                    "Ref": "TagMonitor"
                  }
                ]
              ]
            }
          }
        ]
      }
    },   
     "PrivateQCIAppSGIngress0": {
      "Type": "AWS::EC2::SecurityGroupIngress",
      "Properties": {
        "GroupId": {
          "Ref": "prepayPrivateQCIAppSG"
        },
        "IpProtocol": "ICMP",
        "FromPort": -1,
        "ToPort": -1,
        "SourceSecurityGroupId": {
          "Ref": "prepayAllQCIPrivateSG"
        },
        "Tags": [
          {
            "Key": "Comment",
            "Value": "Internal TC3: All ICMP traffic to itself"
          }
        ]
      }
    },
    "PrivateQCIAppSGIngress1": {
      "Type": "AWS::EC2::SecurityGroupIngress",
      "Properties": {
        "GroupId": {
          "Ref": "prepayPrivateQCIAppSG"
        },
        "IpProtocol": "TCP",
        "FromPort": 1,
        "ToPort": 65535,
        "SourceSecurityGroupId": {
          "Ref": "prepayPrivateQCIAppSG"
        },
        "Tags": [
          {
            "Key": "Comment",
            "Value": "Internal TC3: All IP traffic to itself"
          }
        ]
      }
    },
    "PrivateQCIAppSGIngress2": {
      "Type": "AWS::EC2::SecurityGroupIngress",
      "Properties": {
        "GroupId": {
          "Ref": "prepayPrivateQCIAppSG"
        },
        "IpProtocol": "UDP",
        "FromPort": 1,
        "ToPort": 65535,
        "SourceSecurityGroupId": {
          "Ref": "prepayPrivateQCIAppSG"
        },
        "Tags": [
          {
            "Key": "Comment",
            "Value": "Internal TC3: All IP traffic to itself"
          }
        ]
      }
    },
    "PrivateQCIAppSGIngress3": {
      "Type": "AWS::EC2::SecurityGroupIngress",
      "Properties": {
        "GroupId": {
          "Ref": "prepayPrivateQCIAppSG"
        },
        "IpProtocol": "TCP",
        "FromPort": 80,
        "ToPort": 80,
        "SourceSecurityGroupId": {
          "Ref": "prepayAllQCIPrivateSG"
        },
        "Tags": [
          {
            "Key": "Comment",
            "Value": "Internal TC3 HTTP for test application web traffic"
          }
        ]
      }
    },
    "PrivateQCIAppSGIngress4": {
      "Type": "AWS::EC2::SecurityGroupIngress",
      "Properties": {
        "GroupId": {
          "Ref": "prepayPrivateQCIAppSG"
        },
        "IpProtocol": "TCP",
        "FromPort": 443,
        "ToPort": 443,
        "SourceSecurityGroupId": {
          "Ref": "prepayAllQCIPrivateSG"
        },
        "Tags": [
          {
            "Key": "Comment",
            "Value": "Internal TC3 HTTPS for test application web traffic"
          }
        ]
      }
    },
    "PrivateQCIAppSGIngress6": {
      "Type": "AWS::EC2::SecurityGroupIngress",
      "Properties": {
        "GroupId": {
          "Ref": "prepayPrivateQCIAppSG"
        },
        "IpProtocol": "TCP",
        "FromPort": 443,
        "ToPort": 443,
        "SourceSecurityGroupId": {
          "Ref": "prepayPrivateQCILoadBalancerSG"
        },
        "Tags": [
          {
            "Key": "Comment",
            "Value": "Internal TC3 Loadbalancer: HTTPS for chef web traffic"
          }
        ]
      }
    },
    "PrivateQCIAppSGIngress7": {
      "Type": "AWS::EC2::SecurityGroupIngress",
      "Properties": {
        "GroupId": {
          "Ref": "prepayPrivateQCIAppSG"
        },
        "IpProtocol": "TCP",
        "FromPort": 443,
        "ToPort": 443,
        "CidrIp": "10.165.104.0/22",
        "Tags": [
          {
            "Key": "Comment",
            "Value": "Emdeon VDI segment: HTTPS for application web traffic"
          }
        ]
      }
    },
    "PrivateQCIAppSGIngress8": {
      "Type": "AWS::EC2::SecurityGroupIngress",
      "Properties": {
        "GroupId": {
          "Ref": "prepayPrivateQCIAppSG"
        },
        "IpProtocol": "TCP",
        "FromPort": 443,
        "ToPort": 443,
        "CidrIp": "10.165.43.0/24",
        "Tags": [
          {
            "Key": "Comment",
            "Value": "Emdeon VPN segment: HTTPS for application web traffic"
          }
        ]
      }
    },
    "PrivateQCIAppSGIngress9": {
      "Type": "AWS::EC2::SecurityGroupIngress",
      "Properties": {
        "GroupId": {
          "Ref": "prepayPrivateQCIAppSG"
        },
        "IpProtocol": "TCP",
        "FromPort": 10933,
        "ToPort": 10933,
        "CidrIp": "10.201.12.104/32",
        "Tags": [
          {
            "Key": "Comment",
            "Value": "Internal CH Corp: Octopus Tentacle Listener"
          }
        ]
      }
    },
    "PrivateQCIAppSGIngress10": {
      "Type": "AWS::EC2::SecurityGroupIngress",
      "Properties": {
        "GroupId": {
          "Ref": "prepayPrivateQCIAppSG"
        },
        "IpProtocol": "TCP",
        "FromPort": 5050,
        "ToPort": 5060,
        "CidrIp": "10.165.204.25/30",
        "Tags": [
          {
            "Key": "Comment",
            "Value": "Internal CH Corp IdentityIQ Enterprise Access Controls"
          }
        ]
      }
    },
    "PrivateQCIAppSGIngress11": {
      "Type": "AWS::EC2::SecurityGroupIngress",
      "Properties": {
        "GroupId": {
          "Ref": "prepayPrivateQCIAppSG"
        },
        "IpProtocol": "TCP",
        "FromPort": 3389,
        "ToPort": 3389,
        "CidrIp": "10.160.88.169/32",
        "Tags": [
          {
            "Key": "Comment",
            "Value": "Internal CH Corp IdentityIQ IAM Terminal Server"
          }
        ]
      }
    },
    "PrivateQCIAppSGIngress12": {
      "Type": "AWS::EC2::SecurityGroupIngress",
      "Properties": {
        "GroupId": {
          "Ref": "prepayPrivateQCIAppSG"
        },
        "IpProtocol": "TCP",
        "FromPort": 4018,
        "ToPort": 4019,
        "CidrIp": "10.165.104.0/22",
        "Tags": [
          {
            "Key": "Comment",
            "Value": "Emdeon VDI segment: VisualStudio Remote Debugger"
          }
        ]
      }
    },
    "PrivateQCIAppSGIngress13": {
      "Type": "AWS::EC2::SecurityGroupIngress",
      "Properties": {
        "GroupId": {
          "Ref": "prepayPrivateQCIAppSG"
        },
        "IpProtocol": "TCP",
        "FromPort": 8888,
        "ToPort": 8888,
        "CidrIp": "10.165.24.0/24",
        "Tags": [
          {
            "Key": "Comment",
            "Value": "Internal CH Self Password "
          }
        ]
      }
    },
    "PrivateQCIAppSGIngress14": {
      "Type": "AWS::EC2::SecurityGroupIngress",
      "Properties": {
        "GroupId": {
          "Ref": "prepayPrivateQCIAppSG"
        },
        "IpProtocol": "TCP",
        "FromPort": 8888,
        "ToPort": 8888,
        "CidrIp": "10.165.104.0/22",
        "Tags": [
          {
            "Key": "Comment",
            "Value": "Emdeon VDI segment: Internal CH Self Password "
          }
        ]
      }
    },
    "PrivateQCIAppSGIngress15": {
      "Type": "AWS::EC2::SecurityGroupIngress",
      "Properties": {
        "GroupId": {
          "Ref": "prepayPrivateQCIAppSG"
        },
        "IpProtocol": "TCP",
        "FromPort": 8888,
        "ToPort": 8888,
        "SourceSecurityGroupId": {
          "Ref": "prepayAllQCIPrivateSG"
        },
        "Tags": [
          {
            "Key": "Comment",
            "Value": "Internal TC3: CH Self Service Password tool"
          }
        ]
      }
    },
    "PrivateQCIAppSGIngress16": {
      "Type": "AWS::EC2::SecurityGroupIngress",
      "Properties": {
        "GroupId": {
          "Ref": "prepayPrivateQCIAppSG"
        },
        "IpProtocol": "TCP",
        "FromPort": 22233,
        "ToPort": 22236,
        "SourceSecurityGroupId": {
          "Ref": "prepayPrivateQCIWebSG"
        },
        "Tags": [
          {
            "Key": "Comment",
            "Value": "Web Server Caching: MS AppFabric"
          }
        ]
      }
    },
    "prepayPrivateQCIDatabaseSG": {
      "Type": "AWS::EC2::SecurityGroup",
      "Properties": {
        "GroupDescription": "Security Group Rules for access to PrivateQCIDatabaseSG",
        "VpcId": {
          "Ref": "Vpc"
        },
        "Tags": [
          {
            "Key": "Name",
            "Value": {
              "Fn::Join": [
                "",
                [
                  {
                    "Ref": "TagApplicationname"
                  },
                  "-",
                  "prepayPrivateQCIDatabaseSG",
                  "-",
                  "aws"
                ]
              ]
            }
          },
          {
            "Key": "Billing",
            "Value": {
              "Fn::Join": [
                "",
                [
                  {
                    "Ref": "TagBusinessunit"
                  },
                  ".",
                  {
                    "Ref": "TagDepartment"
                  },
                  ".",
                  {
                    "Ref": "TagProduct"
                  },
                  ".",
                  {
                    "Ref": "TagPercent"
                  }
                ]
              ]
            }
          },
          {
            "Key": "Description",
            "Value": {
              "Fn::Join": [
                "",
                [
                  "env=",
                  {
                    "Ref": "TagEnvironment"
                  },
                  "/",
                  "appid=",
                  {
                    "Ref": "TagAppid"
                  },
                  "/",
                  "comp=",
                  {
                    "Ref": "TagComponent"
                  },
                  "/",
                  "monitor=",
                  {
                    "Ref": "TagMonitor"
                  }
                ]
              ]
            }
          }
        ]
      }
    },
    "PrivateQCIDatabaseSGIngress0": {
      "Type": "AWS::EC2::SecurityGroupIngress",
      "Properties": {
        "GroupId": {
          "Ref": "prepayPrivateQCIDatabaseSG"
        },
        "IpProtocol": "ICMP",
        "FromPort": -1,
        "ToPort": -1,
        "SourceSecurityGroupId": {
          "Ref": "prepayAllQCIPrivateSG"
        },
        "Tags": [
          {
            "Key": "Comment",
            "Value": "Internal TC3: All ICMP traffic to itself"
          }
        ]
      }
    },
    "PrivateQCIDatabaseSGIngress1": {
      "Type": "AWS::EC2::SecurityGroupIngress",
      "Properties": {
        "GroupId": {
          "Ref": "prepayPrivateQCIDatabaseSG"
        },
        "IpProtocol": "TCP",
        "FromPort": 1,
        "ToPort": 65535,
        "SourceSecurityGroupId": {
          "Ref": "prepayPrivateQCIDatabaseSG"
        },
        "Tags": [
          {
            "Key": "Comment",
            "Value": "Internal TC3: All IP traffic to itself"
          }
        ]
      }
    },
    "PrivateQCIDatabaseSGIngress2": {
      "Type": "AWS::EC2::SecurityGroupIngress",
      "Properties": {
        "GroupId": {
          "Ref": "prepayPrivateQCIDatabaseSG"
        },
        "IpProtocol": "UDP",
        "FromPort": 1,
        "ToPort": 65535,
        "SourceSecurityGroupId": {
          "Ref": "prepayPrivateQCIDatabaseSG"
        },
        "Tags": [
          {
            "Key": "Comment",
            "Value": "Internal TC3: All IP traffic to itself"
          }
        ]
      }
    },
    "PrivateQCIDatabaseSGIngress3": {
      "Type": "AWS::EC2::SecurityGroupIngress",
      "Properties": {
        "GroupId": {
          "Ref": "prepayPrivateQCIDatabaseSG"
        },
        "IpProtocol": "TCP",
        "FromPort": 135,
        "ToPort": 135,
        "SourceSecurityGroupId": {
          "Ref": "prepayPrivateQCIDatabaseSG"
        },
        "Tags": [
          {
            "Key": "Comment",
            "Value": "Internal TC3 Database Tier: WSFC DCOM RPC"
          }
        ]
      }
    },
    "PrivateQCIDatabaseSGIngress4": {
      "Type": "AWS::EC2::SecurityGroupIngress",
      "Properties": {
        "GroupId": {
          "Ref": "prepayPrivateQCIDatabaseSG"
        },
        "IpProtocol": "UDP",
        "FromPort": 135,
        "ToPort": 135,
        "SourceSecurityGroupId": {
          "Ref": "prepayPrivateQCIDatabaseSG"
        },
        "Tags": [
          {
            "Key": "Comment",
            "Value": "Internal TC3 Database Tier: WSFC DCOM RPC"
          }
        ]
      }
    },  
     "PrivateQCIDatabaseSGIngress5": {
      "Type": "AWS::EC2::SecurityGroupIngress",
      "Properties": {
        "GroupId": {
          "Ref": "prepayPrivateQCIDatabaseSG"
        },
        "IpProtocol": "TCP",
        "FromPort": 137,
        "ToPort": 139,
        "SourceSecurityGroupId": {
          "Ref": "prepayPrivateQCIDatabaseSG"
        },
        "Tags": [
          {
            "Key": "Comment",
            "Value": "Internal TC3 Database Tier: WSFC Netbios name service"
          }
        ]
      }
    },
    "PrivateQCIDatabaseSGIngress6": {
      "Type": "AWS::EC2::SecurityGroupIngress",
      "Properties": {
        "GroupId": {
          "Ref": "prepayPrivateQCIDatabaseSG"
        },
        "IpProtocol": "UDP",
        "FromPort": 137,
        "ToPort": 139,
        "SourceSecurityGroupId": {
          "Ref": "prepayPrivateQCIDatabaseSG"
        },
        "Tags": [
          {
            "Key": "Comment",
            "Value": "Internal TC3 Database Tier: WSFC Netbios name service"
          }
        ]
      }
    },
    "PrivateQCIDatabaseSGIngress7": {
      "Type": "AWS::EC2::SecurityGroupIngress",
      "Properties": {
        "GroupId": {
          "Ref": "prepayPrivateQCIDatabaseSG"
        },
        "IpProtocol": "TCP",
        "FromPort": 445,
        "ToPort": 445,
        "SourceSecurityGroupId": {
          "Ref": "prepayPrivateQCIDatabaseSG"
        },
        "Tags": [
          {
            "Key": "Comment",
            "Value": "Internal TC3 Database Tier: WSFC MS Directory Services"
          }
        ]
      }
    },
    "PrivateQCIDatabaseSGIngress8": {
      "Type": "AWS::EC2::SecurityGroupIngress",
      "Properties": {
        "GroupId": {
          "Ref": "prepayPrivateQCIDatabaseSG"
        },
        "IpProtocol": "TCP",
        "FromPort": 1433,
        "ToPort": 1434,
        "SourceSecurityGroupId": {
          "Ref": "prepayPrivateQCIDatabaseSG"
        },
        "Tags": [
          {
            "Key": "Comment",
            "Value": "Internal TC3 Database Tier: WSFC MSSQL Server"
          }
        ]
      }
    },
    "PrivateQCIDatabaseSGIngress9": {
      "Type": "AWS::EC2::SecurityGroupIngress",
      "Properties": {
        "GroupId": {
          "Ref": "prepayPrivateQCIDatabaseSG"
        },
        "IpProtocol": "TCP",
        "FromPort": 3343,
        "ToPort": 3343,
        "SourceSecurityGroupId": {
          "Ref": "prepayPrivateQCIDatabaseSG"
        },
        "Tags": [
          {
            "Key": "Comment",
            "Value": "Internal TC3 Database Tier: WSFC Cluster"
          }
        ]
      }
    },
    "PrivateQCIDatabaseSGIngress10": {
      "Type": "AWS::EC2::SecurityGroupIngress",
      "Properties": {
        "GroupId": {
          "Ref": "prepayPrivateQCIDatabaseSG"
        },
        "IpProtocol": "UDP",
        "FromPort": 3343,
        "ToPort": 3343,
        "SourceSecurityGroupId": {
          "Ref": "prepayPrivateQCIDatabaseSG"
        },
        "Tags": [
          {
            "Key": "Comment",
            "Value": "Internal TC3 Database Tier: WSFC Cluster"
          }
        ]
      }
    },
    "PrivateQCIDatabaseSGIngress11": {
      "Type": "AWS::EC2::SecurityGroupIngress",
      "Properties": {
        "GroupId": {
          "Ref": "prepayPrivateQCIDatabaseSG"
        },
        "IpProtocol": "TCP",
        "FromPort": 5000,
        "ToPort": 5100,
        "SourceSecurityGroupId": {
          "Ref": "prepayPrivateQCIDatabaseSG"
        },
        "Tags": [
          {
            "Key": "Comment",
            "Value": "Internal TC3 Database Tier: MSSQL DTC RPC"
          }
        ]
      }
    },
    "PrivateQCIDatabaseSGIngress12": {
      "Type": "AWS::EC2::SecurityGroupIngress",
      "Properties": {
        "GroupId": {
          "Ref": "prepayPrivateQCIDatabaseSG"
        },
        "IpProtocol": "TCP",
        "FromPort": 5022,
        "ToPort": 5022,
        "SourceSecurityGroupId": {
          "Ref": "prepayPrivateQCIDatabaseSG"
        },
        "Tags": [
          {
            "Key": "Comment",
            "Value": "Internal TC3 Database Tier: MSSQL AlwaysOn Availability Group Endpoint"
          }
        ]
      }
    },
    "PrivateQCIDatabaseSGIngress13": {
      "Type": "AWS::EC2::SecurityGroupIngress",
      "Properties": {
        "GroupId": {
          "Ref": "prepayPrivateQCIDatabaseSG"
        },
        "IpProtocol": "TCP",
        "FromPort": 5985,
        "ToPort": 5985,
        "SourceSecurityGroupId": {
          "Ref": "prepayPrivateQCIDatabaseSG"
        },
        "Tags": [
          {
            "Key": "Comment",
            "Value": "Internal TC3 Database Tier: MSSQL WinRM"
          }
        ]
      }
    },
    "PrivateQCIDatabaseSGIngress14": {
      "Type": "AWS::EC2::SecurityGroupIngress",
      "Properties": {
        "GroupId": {
          "Ref": "prepayPrivateQCIDatabaseSG"
        },
        "IpProtocol": "TCP",
        "FromPort": 1433,
        "ToPort": 1433,
        "SourceSecurityGroupId": {
          "Ref": "prepayPrivateQCIWebSG"
        },
        "Tags": [
          {
            "Key": "Comment",
            "Value": "Internal TC3 Web Tier: WSFC MSSQL Server"
          }
        ]
      }
    },
    "PrivateQCIDatabaseSGIngress15": {
      "Type": "AWS::EC2::SecurityGroupIngress",
      "Properties": {
        "GroupId": {
          "Ref": "prepayPrivateQCIDatabaseSG"
        },
        "IpProtocol": "TCP",
        "FromPort": 1433,
        "ToPort": 1433,
        "SourceSecurityGroupId": {
          "Ref": "prepayPrivateQCIAppSG"
        },
        "Tags": [
          {
            "Key": "Comment",
            "Value": "Internal TC3 Application Tier: WSFC MSSQL Server"
          }
        ]
      }
    },
    "PrivateQCIDatabaseSGIngress16": {
      "Type": "AWS::EC2::SecurityGroupIngress",
      "Properties": {
        "GroupId": {
          "Ref": "prepayPrivateQCIDatabaseSG"
        },
        "IpProtocol": "TCP",
        "FromPort": 1433,
        "ToPort": 1433,
        "CidrIp": "10.201.12.104/32",
        "Tags": [
          {
            "Key": "Comment",
            "Value": "Internal CH Corp: Octopus MSSQL Deployment"
          }
        ]
      }
    },
    "PrivateQCIDatabaseSGIngress17": {
      "Type": "AWS::EC2::SecurityGroupIngress",
      "Properties": {
        "GroupId": {
          "Ref": "prepayPrivateQCIDatabaseSG"
        },
        "IpProtocol": "TCP",
        "FromPort": 10933,
        "ToPort": 10933,
        "CidrIp": "10.201.12.104/32",
        "Tags": [
          {
            "Key": "Comment",
            "Value": "Internal CH Corp: Octopus Tentacle Listener"
          }
        ]
      }
    },
    "PrivateQCIDatabaseSGIngress18": {
      "Type": "AWS::EC2::SecurityGroupIngress",
      "Properties": {
        "GroupId": {
          "Ref": "prepayPrivateQCIDatabaseSG"
        },
        "IpProtocol": "TCP",
        "FromPort": 80,
        "ToPort": 80,
        "SourceSecurityGroupId": {
          "Ref": "prepayPrivateQCIWebSG"
        },
        "Tags": [
          {
            "Key": "Comment",
            "Value": "Internal TC3 Web Tier: MSSQL Server Report Server"
          }
        ]
      }
    },
    "PrivateQCIDatabaseSGIngress19": {
      "Type": "AWS::EC2::SecurityGroupIngress",
      "Properties": {
        "GroupId": {
          "Ref": "prepayPrivateQCIDatabaseSG"
        },
        "IpProtocol": "TCP",
        "FromPort": 80,
        "ToPort": 80,
        "SourceSecurityGroupId": {
          "Ref": "prepayPrivateQCIAppSG"
        },
        "Tags": [
          {
            "Key": "Comment",
            "Value": "Internal TC3 App Tier: MSSQL Server Report Server"
          }
        ]
      }
    },
    "PrivateQCIDatabaseSGIngress20": {
      "Type": "AWS::EC2::SecurityGroupIngress",
      "Properties": {
        "GroupId": {
          "Ref": "prepayPrivateQCIDatabaseSG"
        },
        "IpProtocol": "TCP",
        "FromPort": 80,
        "ToPort": 80,
        "CidrIp": "10.165.43.0/24",
        "Tags": [
          {
            "Key": "Comment",
            "Value": "Emdeon VPN segment: HTTP for testing MSSQL ReportServer"
          }
        ]
      }
    },
     "PrivateQCIDatabaseSGIngress21": {
      "Type": "AWS::EC2::SecurityGroupIngress",
      "Properties": {
        "GroupId": {
          "Ref": "prepayPrivateQCIDatabaseSG"
        },
        "IpProtocol": "TCP",
        "FromPort": 80,
        "ToPort": 80,
        "CidrIp": "10.165.104.0/22",
        "Tags": [
          {
            "Key": "Comment",
            "Value": "Emdeon VDI segment: HTTP for testing MSSQL ReportServer"
          }
        ]
      }
    },
    "PrivateQCIDatabaseSGIngress22": {
      "Type": "AWS::EC2::SecurityGroupIngress",
      "Properties": {
        "GroupId": {
          "Ref": "prepayPrivateQCIDatabaseSG"
        },
        "IpProtocol": "TCP",
        "FromPort": 80,
        "ToPort": 80,
        "CidrIp": "10.165.24.0/24",
        "Tags": [
          {
            "Key": "Comment",
            "Value": "Emdeon PE desktop segment: HTTP for testing MSSQL ReportServer"
          }
        ]
      }
    },
    "PrivateQCIDatabaseSGIngress23": {
      "Type": "AWS::EC2::SecurityGroupIngress",
      "Properties": {
        "GroupId": {
          "Ref": "prepayPrivateQCIDatabaseSG"
        },
        "IpProtocol": "TCP",
        "FromPort": 80,
        "ToPort": 80,
        "CidrIp": "10.120.42.0/24",
        "Tags": [
          {
            "Key": "Comment",
            "Value": "TC3 internal workstation segment: HTTP for MSSQL ReportServer"
          }
        ]
      }
    },
    "PrivateQCIDatabaseSGIngress24": {
      "Type": "AWS::EC2::SecurityGroupIngress",
      "Properties": {
        "GroupId": {
          "Ref": "prepayPrivateQCIDatabaseSG"
        },
        "IpProtocol": "TCP",
        "FromPort": 80,
        "ToPort": 80,
        "CidrIp": "10.120.44.0/24",
        "Tags": [
          {
            "Key": "Comment",
            "Value": "TC3 internal workstation segment: HTTP for MSSQL ReportServer"
          }
        ]
      }
    },
    "PrivateQCIDatabaseSGIngress25": {
      "Type": "AWS::EC2::SecurityGroupIngress",
      "Properties": {
        "GroupId": {
          "Ref": "prepayPrivateQCIDatabaseSG"
        },
        "IpProtocol": "TCP",
        "FromPort": 80,
        "ToPort": 80,
        "CidrIp": "10.160.0.0/16",
        "Tags": [
          {
            "Key": "Comment",
            "Value": "TC3 internal workstation segment: HTTP for MSSQL ReportServer"
          }
        ]
      }
    },
    "PrivateQCIDatabaseSGIngress26": {
      "Type": "AWS::EC2::SecurityGroupIngress",
      "Properties": {
        "GroupId": {
          "Ref": "prepayPrivateQCIDatabaseSG"
        },
        "IpProtocol": "TCP",
        "FromPort": 80,
        "ToPort": 80,
        "CidrIp": "192.168.70.0/24",
        "Tags": [
          {
            "Key": "Comment",
            "Value": "TC3 internal workstation segment: HTTP for MSSQL ReportServer"
          }
        ]
      }
    },
    "PrivateQCIDatabaseSGIngress27": {
      "Type": "AWS::EC2::SecurityGroupIngress",
      "Properties": {
        "GroupId": {
          "Ref": "prepayPrivateQCIDatabaseSG"
        },
        "IpProtocol": "TCP",
        "FromPort": 80,
        "ToPort": 80,
        "CidrIp": "10.255.92.0/24",
        "Tags": [
          {
            "Key": "Comment",
            "Value": "TC3 internal workstation segment: HTTP for MSSQL ReportServer"
          }
        ]
      }
    },
    "prepayPrivateQCICoreInfraSG": {
      "Type": "AWS::EC2::SecurityGroup",
      "Properties": {
        "GroupDescription": "Security Group Rules for access to PrivateQCICoreInfraSG",
        "VpcId": {
          "Ref": "Vpc"
        },
        "Tags": [
          {
            "Key": "Name",
            "Value": {
              "Fn::Join": [
                "",
                [
                  {
                    "Ref": "TagApplicationname"
                  },
                  "-",
                  "prepayPrivateQCICoreInfraSG",
                  "-",
                  "aws"
                ]
              ]
            }
          },
          {
            "Key": "Billing",
            "Value": {
              "Fn::Join": [
                "",
                [
                  {
                    "Ref": "TagBusinessunit"
                  },
                  ".",
                  {
                    "Ref": "TagDepartment"
                  },
                  ".",
                  {
                    "Ref": "TagProduct"
                  },
                  ".",
                  {
                    "Ref": "TagPercent"
                  }
                ]
              ]
            }
          },
          {
            "Key": "Description",
            "Value": {
              "Fn::Join": [
                "",
                [
                  "env=",
                  {
                    "Ref": "TagEnvironment"
                  },
                  "/",
                  "appid=",
                  {
                    "Ref": "TagAppid"
                  },
                  "/",
                  "comp=",
                  {
                    "Ref": "TagComponent"
                  },
                  "/",
                  "monitor=",
                  {
                    "Ref": "TagMonitor"
                  }
                ]
              ]
            }
          }
        ]
      }
    },
     "PrivateQCICoreInfraSGIngress0": {
      "Type": "AWS::EC2::SecurityGroupIngress",
      "Properties": {
        "GroupId": {
          "Ref": "prepayPrivateQCICoreInfraSG"
        },
        "IpProtocol": "ICMP",
        "FromPort": -1,
        "ToPort": -1,
        "SourceSecurityGroupId": {
          "Ref": "prepayAllQCIPrivateSG"
        },
        "Tags": [
          {
            "Key": "Comment",
            "Value": "Internal TC3: All ICMP traffic to itself"
          }
        ]
      }
    },
    "PrivateQCICoreInfraSGIngress1": {
      "Type": "AWS::EC2::SecurityGroupIngress",
      "Properties": {
        "GroupId": {
          "Ref": "prepayPrivateQCICoreInfraSG"
        },
        "IpProtocol": "ICMP",
        "FromPort": -1,
        "ToPort": -1,
        "CidrIp": "10.205.80.45/32",
        "Tags": [
          {
            "Key": "Comment",
            "Value": "Internal CH Corp SoftNAS FileServer"
          }
        ]
      }
    },
    "PrivateQCICoreInfraSGIngress2": {
      "Type": "AWS::EC2::SecurityGroupIngress",
      "Properties": {
        "GroupId": {
          "Ref": "prepayPrivateQCICoreInfraSG"
        },
        "IpProtocol": "TCP",
        "FromPort": 1,
        "ToPort": 65535,
        "SourceSecurityGroupId": {
          "Ref": "prepayPrivateQCICoreInfraSG"
        },
        "Tags": [
          {
            "Key": "Comment",
            "Value": "Internal TC3: All IP traffic to itself"
          }
        ]
      }
    },
    "PrivateQCICoreInfraSGIngress3": {
      "Type": "AWS::EC2::SecurityGroupIngress",
      "Properties": {
        "GroupId": {
          "Ref": "prepayPrivateQCICoreInfraSG"
        },
        "IpProtocol": "UDP",
        "FromPort": 1,
        "ToPort": 65535,
        "SourceSecurityGroupId": {
          "Ref": "prepayPrivateQCICoreInfraSG"
        },
        "Tags": [
          {
            "Key": "Comment",
            "Value": "Internal TC3: All IP traffic to itself"
          }
        ]
      }
    },
    "PrivateQCICoreInfraSGIngress4": {
      "Type": "AWS::EC2::SecurityGroupIngress",
      "Properties": {
        "GroupId": {
          "Ref": "prepayPrivateQCICoreInfraSG"
        },
        "IpProtocol": "TCP",
        "FromPort": 1,
        "ToPort": 65535,
        "CidrIp": "10.205.80.45/32",
        "Tags": [
          {
            "Key": "Comment",
            "Value": "Internal CH Corp SoftNAS FileServer"
          }
        ]
      }
    },
    "PrivateQCICoreInfraSGIngress5": {
      "Type": "AWS::EC2::SecurityGroupIngress",
      "Properties": {
        "GroupId": {
          "Ref": "prepayPrivateQCICoreInfraSG"
        },
        "IpProtocol": "UDP",
        "FromPort": 1,
        "ToPort": 65535,
        "CidrIp": "10.205.80.45/32",
        "Tags": [
          {
            "Key": "Comment",
            "Value": "Internal CH Corp SoftNAS FileServer"
          }
        ]
      }
    },
    "PrivateQCICoreInfraSGIngress6": {
      "Type": "AWS::EC2::SecurityGroupIngress",
      "Properties": {
        "GroupId": {
          "Ref": "prepayPrivateQCICoreInfraSG"
        },
        "IpProtocol": "TCP",
        "FromPort": 53,
        "ToPort": 53,
        "SourceSecurityGroupId": {
          "Ref": "prepayAllQCIPrivateSG"
        },
        "Tags": [
          {
            "Key": "Comment",
            "Value": "Internal TC3 VPC: DNS"
          }
        ]
      }
    },
    "PrivateQCICoreInfraSGIngress7": {
      "Type": "AWS::EC2::SecurityGroupIngress",
      "Properties": {
        "GroupId": {
          "Ref": "prepayPrivateQCICoreInfraSG"
        },
        "IpProtocol": "UDP",
        "FromPort": 53,
        "ToPort": 53,
        "SourceSecurityGroupId": {
          "Ref": "prepayAllQCIPrivateSG"
        },
        "Tags": [
          {
            "Key": "Comment",
            "Value": "Internal TC3 VPC: DNS"
          }
        ]
      }
    },
    "PrivateQCICoreInfraSGIngress8": {
      "Type": "AWS::EC2::SecurityGroupIngress",
      "Properties": {
        "GroupId": {
          "Ref": "prepayPrivateQCICoreInfraSG"
        },
        "IpProtocol": "TCP",
        "FromPort": 53,
        "ToPort": 53,
        "CidrIp": "10.140.191.8/29",
        "Tags": [
          {
            "Key": "Comment",
            "Value": "Internal CH InfoBlox DNS Servers"
          }
        ]
      }
    },
    "PrivateQCICoreInfraSGIngress9": {
      "Type": "AWS::EC2::SecurityGroupIngress",
      "Properties": {
        "GroupId": {
          "Ref": "prepayPrivateQCICoreInfraSG"
        },
        "IpProtocol": "UDP",
        "FromPort": 53,
        "ToPort": 53,
        "CidrIp": "10.140.191.8/29",
        "Tags": [
          {
            "Key": "Comment",
            "Value": "Internal CH InfoBlox DNS Servers"
          }
        ]
      }
    },
    "PrivateQCICoreInfraSGIngress10": {
      "Type": "AWS::EC2::SecurityGroupIngress",
      "Properties": {
        "GroupId": {
          "Ref": "prepayPrivateQCICoreInfraSG"
        },
        "IpProtocol": "TCP",
        "FromPort": 53,
        "ToPort": 53,
        "CidrIp": "10.160.191.8/29",
        "Tags": [
          {
            "Key": "Comment",
            "Value": "Internal CH InfoBlox DNS Servers"
          }
        ]
      }
    },
    "PrivateQCICoreInfraSGIngress11": {
      "Type": "AWS::EC2::SecurityGroupIngress",
      "Properties": {
        "GroupId": {
          "Ref": "prepayPrivateQCICoreInfraSG"
        },
        "IpProtocol": "UDP",
        "FromPort": 53,
        "ToPort": 53,
        "CidrIp": "10.160.191.8/29",
        "Tags": [
          {
            "Key": "Comment",
            "Value": "Internal CH InfoBlox DNS Servers"
          }
        ]
      }
    },
    "PrivateQCICoreInfraSGIngress12": {
      "Type": "AWS::EC2::SecurityGroupIngress",
      "Properties": {
        "GroupId": {
          "Ref": "prepayPrivateQCICoreInfraSG"
        },
        "IpProtocol": "TCP",
        "FromPort": 53,
        "ToPort": 53,
        "CidrIp": "10.165.104.0/22",
        "Tags": [
          {
            "Key": "Comment",
            "Value": "Internal TC3 VDI: DNS"
          }
        ]
      }
    },
    "PrivateQCICoreInfraSGIngress13": {
      "Type": "AWS::EC2::SecurityGroupIngress",
      "Properties": {
        "GroupId": {
          "Ref": "prepayPrivateQCICoreInfraSG"
        },
        "IpProtocol": "UDP",
        "FromPort": 53,
        "ToPort": 53,
        "CidrIp": "10.165.104.0/22",
        "Tags": [
          {
            "Key": "Comment",
            "Value": "Internal TC3 VDI: DNS"
          }
        ]
      }
    },
    "PrivateQCICoreInfraSGIngress14": {
      "Type": "AWS::EC2::SecurityGroupIngress",
      "Properties": {
        "GroupId": {
          "Ref": "prepayPrivateQCICoreInfraSG"
        },
        "IpProtocol": "TCP",
        "FromPort": 88,
        "ToPort": 88,
        "SourceSecurityGroupId": {
          "Ref": "prepayAllQCIPrivateSG"
        },
        "Tags": [
          {
            "Key": "Comment",
            "Value": "Internal TC3 Private All: AD Kerberos"
          }
        ]
      }
    },
    "PrivateQCICoreInfraSGIngress15": {
      "Type": "AWS::EC2::SecurityGroupIngress",
      "Properties": {
        "GroupId": {
          "Ref": "prepayPrivateQCICoreInfraSG"
        },
        "IpProtocol": "UDP",
        "FromPort": 88,
        "ToPort": 88,
        "SourceSecurityGroupId": {
          "Ref": "prepayAllQCIPrivateSG"
        },
        "Tags": [
          {
            "Key": "Comment",
            "Value": "Internal TC3 Private All: AD Kerberos"
          }
        ]
      }
    },
    "PrivateQCICoreInfraSGIngress16": {
      "Type": "AWS::EC2::SecurityGroupIngress",
      "Properties": {
        "GroupId": {
          "Ref": "prepayPrivateQCICoreInfraSG"
        },
        "IpProtocol": "UDP",
        "FromPort": 123,
        "ToPort": 123,
        "SourceSecurityGroupId": {
          "Ref": "prepayAllQCIPrivateSG"
        },
        "Tags": [
          {
            "Key": "Comment",
            "Value": "Internal TC3 Private All: AD NTP"
          }
        ]
      }
    },
    "PrivateQCICoreInfraSGIngress17": {
      "Type": "AWS::EC2::SecurityGroupIngress",
      "Properties": {
        "GroupId": {
          "Ref": "prepayPrivateQCICoreInfraSG"
        },
        "IpProtocol": "TCP",
        "FromPort": 135,
        "ToPort": 135,
        "SourceSecurityGroupId": {
          "Ref": "prepayAllQCIPrivateSG"
        },
        "Tags": [
          {
            "Key": "Comment",
            "Value": "Internal TC3 Private All: WSFC DCOM RPC"
          }
        ]
      }
    },
    "PrivateQCICoreInfraSGIngress18": {
      "Type": "AWS::EC2::SecurityGroupIngress",
      "Properties": {
        "GroupId": {
          "Ref": "prepayPrivateQCICoreInfraSG"
        },
        "IpProtocol": "TCP",
        "FromPort": 137,
        "ToPort": 139,
        "SourceSecurityGroupId": {
          "Ref": "prepayAllQCIPrivateSG"
        },
        "Tags": [
          {
            "Key": "Comment",
            "Value": "Internal TC3 Private All: WSFC Netbios NS, datagram, session"
          }
        ]
      }
    },
    "PrivateQCICoreInfraSGIngress19": {
      "Type": "AWS::EC2::SecurityGroupIngress",
      "Properties": {
        "GroupId": {
          "Ref": "prepayPrivateQCICoreInfraSG"
        },
        "IpProtocol": "UDP",
        "FromPort": 137,
        "ToPort": 139,
        "SourceSecurityGroupId": {
          "Ref": "prepayAllQCIPrivateSG"
        },
        "Tags": [
          {
            "Key": "Comment",
            "Value": "Internal TC3 Private All: WSFC Netbios NS, datagram, session"
          }
        ]
      }
    },
    "PrivateQCICoreInfraSGIngress20": {
      "Type": "AWS::EC2::SecurityGroupIngress",
      "Properties": {
        "GroupId": {
          "Ref": "prepayPrivateQCICoreInfraSG"
        },
        "IpProtocol": "TCP",
        "FromPort": 389,
        "ToPort": 389,
        "SourceSecurityGroupId": {
          "Ref": "prepayAllQCIPrivateSG"
        },
        "Tags": [
          {
            "Key": "Comment",
            "Value": "Internal TC3 Private All: AD LDAP"
          }
        ]
      }
    },
     "PrivateQCICoreInfraSGIngress21": {
      "Type": "AWS::EC2::SecurityGroupIngress",
      "Properties": {
        "GroupId": {
          "Ref": "prepayPrivateQCICoreInfraSG"
        },
        "IpProtocol": "UDP",
        "FromPort": 389,
        "ToPort": 389,
        "SourceSecurityGroupId": {
          "Ref": "prepayAllQCIPrivateSG"
        },
        "Tags": [
          {
            "Key": "Comment",
            "Value": "Internal TC3 Private All: AD LDAP"
          }
        ]
      }
    },
    "PrivateQCICoreInfraSGIngress22": {
      "Type": "AWS::EC2::SecurityGroupIngress",
      "Properties": {
        "GroupId": {
          "Ref": "prepayPrivateQCICoreInfraSG"
        },
        "IpProtocol": "TCP",
        "FromPort": 445,
        "ToPort": 445,
        "SourceSecurityGroupId": {
          "Ref": "prepayAllQCIPrivateSG"
        },
        "Tags": [
          {
            "Key": "Comment",
            "Value": "Internal TC3 Private All: MS SMB Directory Services"
          }
        ]
      }
    },
    "PrivateQCICoreInfraSGIngress23": {
      "Type": "AWS::EC2::SecurityGroupIngress",
      "Properties": {
        "GroupId": {
          "Ref": "prepayPrivateQCICoreInfraSG"
        },
        "IpProtocol": "UDP",
        "FromPort": 445,
        "ToPort": 445,
        "SourceSecurityGroupId": {
          "Ref": "prepayAllQCIPrivateSG"
        },
        "Tags": [
          {
            "Key": "Comment",
            "Value": "Internal TC3 Private All: MS SMB Directory Services"
          }
        ]
      }
    },
    "PrivateQCICoreInfraSGIngress24": {
      "Type": "AWS::EC2::SecurityGroupIngress",
      "Properties": {
        "GroupId": {
          "Ref": "prepayPrivateQCICoreInfraSG"
        },
        "IpProtocol": "TCP",
        "FromPort": 464,
        "ToPort": 464,
        "SourceSecurityGroupId": {
          "Ref": "prepayAllQCIPrivateSG"
        },
        "Tags": [
          {
            "Key": "Comment",
            "Value": "Internal TC3 Private All: MS Kerberos Directory Services"
          }
        ]
      }
    },
    "PrivateQCICoreInfraSGIngress25": {
      "Type": "AWS::EC2::SecurityGroupIngress",
      "Properties": {
        "GroupId": {
          "Ref": "prepayPrivateQCICoreInfraSG"
        },
        "IpProtocol": "UDP",
        "FromPort": 464,
        "ToPort": 464,
        "SourceSecurityGroupId": {
          "Ref": "prepayAllQCIPrivateSG"
        },
        "Tags": [
          {
            "Key": "Comment",
            "Value": "Internal TC3 Private All: MS Kerberos Directory Services"
          }
        ]
      }
    },
    "PrivateQCICoreInfraSGIngress26": {
      "Type": "AWS::EC2::SecurityGroupIngress",
      "Properties": {
        "GroupId": {
          "Ref": "prepayPrivateQCICoreInfraSG"
        },
        "IpProtocol": "TCP",
        "FromPort": 636,
        "ToPort": 636,
        "SourceSecurityGroupId": {
          "Ref": "prepayAllQCIPrivateSG"
        },
        "Tags": [
          {
            "Key": "Comment",
            "Value": "Internal TC3 Private All: AD LDAPS"
          }
        ]
      }
    },
    "PrivateQCICoreInfraSGIngress27": {
      "Type": "AWS::EC2::SecurityGroupIngress",
      "Properties": {
        "GroupId": {
          "Ref": "prepayPrivateQCICoreInfraSG"
        },
        "IpProtocol": "TCP",
        "FromPort": 3268,
        "ToPort": 3269,
        "SourceSecurityGroupId": {
          "Ref": "prepayAllQCIPrivateSG"
        },
        "Tags": [
          {
            "Key": "Comment",
            "Value": "Internal TC3 Private All: AD Global Catalog"
          }
        ]
      }
    },
    "PrivateQCICoreInfraSGIngress28": {
      "Type": "AWS::EC2::SecurityGroupIngress",
      "Properties": {
        "GroupId": {
          "Ref": "prepayPrivateQCICoreInfraSG"
        },
        "IpProtocol": "UDP",
        "FromPort": 5355,
        "ToPort": 5355,
        "SourceSecurityGroupId": {
          "Ref": "prepayAllQCIPrivateSG"
        },
        "Tags": [
          {
            "Key": "Comment",
            "Value": "Internal TC3 Private All: MS Network Discovery"
          }
        ]
      }
    },
    "PrivateQCICoreInfraSGIngress29": {
      "Type": "AWS::EC2::SecurityGroupIngress",
      "Properties": {
        "GroupId": {
          "Ref": "prepayPrivateQCICoreInfraSG"
        },
        "IpProtocol": "TCP",
        "FromPort": 5722,
        "ToPort": 5722,
        "SourceSecurityGroupId": {
          "Ref": "prepayAllQCIPrivateSG"
        },
        "Tags": [
          {
            "Key": "Comment",
            "Value": "Internal TC3 Private All: AD RPC DFSR File Replication"
          }
        ]
      }
    },
    "PrivateQCICoreInfraSGIngress30": {
      "Type": "AWS::EC2::SecurityGroupIngress",
      "Properties": {
        "GroupId": {
          "Ref": "prepayPrivateQCICoreInfraSG"
        },
        "IpProtocol": "TCP",
        "FromPort": 9389,
        "ToPort": 9389,
        "SourceSecurityGroupId": {
          "Ref": "prepayAllQCIPrivateSG"
        },
        "Tags": [
          {
            "Key": "Comment",
            "Value": "Internal TC3 Private All: AD DS Web Services"
          }
        ]
      }
    },
    "PrivateQCICoreInfraSGIngress31": {
      "Type": "AWS::EC2::SecurityGroupIngress",
      "Properties": {
        "GroupId": {
          "Ref": "prepayPrivateQCICoreInfraSG"
        },
        "IpProtocol": "TCP",
        "FromPort": 49152,
        "ToPort": 65535,
        "SourceSecurityGroupId": {
          "Ref": "prepayAllQCIPrivateSG"
        },
        "Tags": [
          {
            "Key": "Comment",
            "Value": "Internal TC3 Private All: Active Directory"
          }
        ]
      }
    },
    "PrivateQCICoreInfraSGIngress32": {
      "Type": "AWS::EC2::SecurityGroupIngress",
      "Properties": {
        "GroupId": {
          "Ref": "prepayPrivateQCICoreInfraSG"
        },
        "IpProtocol": "UDP",
        "FromPort": 49152,
        "ToPort": 65535,
        "SourceSecurityGroupId": {
          "Ref": "prepayAllQCIPrivateSG"
        },
        "Tags": [
          {
            "Key": "Comment",
            "Value": "Internal TC3 Private All: Active Directory"
          }
        ]
      }
    },
    "PrivateQCICoreInfraSGIngress33": {
      "Type": "AWS::EC2::SecurityGroupIngress",
      "Properties": {
        "GroupId": {
          "Ref": "prepayPrivateQCICoreInfraSG"
        },
        "IpProtocol": "TCP",
        "FromPort": 10933,
        "ToPort": 10933,
        "CidrIp": "10.201.12.104/32",
        "Tags": [
          {
            "Key": "Comment",
            "Value": "Internal CH Corp: Octopus Tentacle Listener"
          }
        ]
      }
    },
    "PrivateQCICoreInfraSGIngress34": {
      "Type": "AWS::EC2::SecurityGroupIngress",
      "Properties": {
        "GroupId": {
          "Ref": "prepayPrivateQCICoreInfraSG"
        },
        "IpProtocol": "TCP",
        "FromPort": 2525,
        "ToPort": 2525,
        "CidrIp": "10.120.44.0/24",
        "Tags": [
          {
            "Key": "Comment",
            "Value": "Test"
          }
        ]
      }
    },
    "PrivateQCICoreInfraSGIngress35": {
      "Type": "AWS::EC2::SecurityGroupIngress",
      "Properties": {
        "GroupId": {
          "Ref": "prepayPrivateQCICoreInfraSG"
        },
        "IpProtocol": "TCP",
        "FromPort": 389,
        "ToPort": 389,
        "CidrIp": "10.165.204.0/22",
        "Tags": [
          {
            "Key": "Comment",
            "Value": "Internal LDAP Manager access"
          }
        ]
      }
    },
    "PrivateQCICoreInfraSGIngress36": {
      "Type": "AWS::EC2::SecurityGroupIngress",
      "Properties": {
        "GroupId": {
          "Ref": "prepayPrivateQCICoreInfraSG"
        },
        "IpProtocol": "UDP",
        "FromPort": 389,
        "ToPort": 389,
        "CidrIp": "10.165.204.0/22",
        "Tags": [
          {
            "Key": "Comment",
            "Value": "Internal LDAP Manager access"
          }
        ]
      }
    },
    "PrivateQCICoreInfraSGIngress37": {
      "Type": "AWS::EC2::SecurityGroupIngress",
      "Properties": {
        "GroupId": {
          "Ref": "prepayPrivateQCICoreInfraSG"
        },
        "IpProtocol": "TCP",
        "FromPort": 389,
        "ToPort": 389,
        "CidrIp": "10.160.204.0/22",
        "Tags": [
          {
            "Key": "Comment",
            "Value": "Internal LDAP Manager access"
          }
        ]
      }
    },
    "PrivateQCICoreInfraSGIngress38": {
      "Type": "AWS::EC2::SecurityGroupIngress",
      "Properties": {
        "GroupId": {
          "Ref": "prepayPrivateQCICoreInfraSG"
        },
        "IpProtocol": "UDP",
        "FromPort": 389,
        "ToPort": 389,
        "CidrIp": "10.160.204.0/22",
        "Tags": [
          {
            "Key": "Comment",
            "Value": "Internal LDAP Manager access"
          }
        ]
      }
    },
    "PrivateQCICoreInfraSGIngress39": {
      "Type": "AWS::EC2::SecurityGroupIngress",
      "Properties": {
        "GroupId": {
          "Ref": "prepayPrivateQCICoreInfraSG"
        },
        "IpProtocol": "TCP",
        "FromPort": 389,
        "ToPort": 389,
        "CidrIp": "10.140.204.0/22",
        "Tags": [
          {
            "Key": "Comment",
            "Value": "Internal LDAP Manager access"
          }
        ]
      }
    },
    "PrivateQCICoreInfraSGIngress40": {
      "Type": "AWS::EC2::SecurityGroupIngress",
      "Properties": {
        "GroupId": {
          "Ref": "prepayPrivateQCICoreInfraSG"
        },
        "IpProtocol": "UDP",
        "FromPort": 389,
        "ToPort": 389,
        "CidrIp": "10.140.204.0/22",
        "Tags": [
          {
            "Key": "Comment",
            "Value": "Internal LDAP Manager access"
          }
        ]
      }
    },
    "prepayPrivateQCILoadBalancerSG": {
      "Type": "AWS::EC2::SecurityGroup",
      "Properties": {
        "GroupDescription": "Security Group Rules for access to PrivateQCILoadBalancerSG",
        "VpcId": {
          "Ref": "Vpc"
        },
        "Tags": [
          {
            "Key": "Name",
            "Value": {
              "Fn::Join": [
                "",
                [
                  {
                    "Ref": "TagApplicationname"
                  },
                  "-",
                  "prepayPrivateQCILoadBalancerSG",
                  "-",
                  "aws"
                ]
              ]
            }
          },
          {
            "Key": "Billing",
            "Value": {
              "Fn::Join": [
                "",
                [
                  {
                    "Ref": "TagBusinessunit"
                  },
                  ".",
                  {
                    "Ref": "TagDepartment"
                  },
                  ".",
                  {
                    "Ref": "TagProduct"
                  },
                  ".",
                  {
                    "Ref": "TagPercent"
                  }
                ]
              ]
            }
          },
          {
            "Key": "Description",
            "Value": {
              "Fn::Join": [
                "",
                [
                  "env=",
                  {
                    "Ref": "TagEnvironment"
                  },
                  "/",
                  "appid=",
                  {
                    "Ref": "TagAppid"
                  },
                  "/",
                  "comp=",
                  {
                    "Ref": "TagComponent"
                  },
                  "/",
                  "monitor=",
                  {
                    "Ref": "TagMonitor"
                  }
                ]
              ]
            }
          }
        ]
      }
    },
    "PrivateQCILoadBalancerSGIngress0": {
      "Type": "AWS::EC2::SecurityGroupIngress",
      "Properties": {
        "GroupId": {
          "Ref": "prepayPrivateQCILoadBalancerSG"
        },
        "IpProtocol": "ICMP",
        "FromPort": -1,
        "ToPort": -1,
        "SourceSecurityGroupId": {
          "Ref": "prepayAllQCIPrivateSG"
        },
        "Tags": [
          {
            "Key": "Comment",
            "Value": "Internal TC3 VPC: ICMP health check"
          }
        ]
      }
    },
    "PrivateQCILoadBalancerSGIngress1": {
      "Type": "AWS::EC2::SecurityGroupIngress",
      "Properties": {
        "GroupId": {
          "Ref": "prepayPrivateQCILoadBalancerSG"
        },
        "IpProtocol": "ICMP",
        "FromPort": -1,
        "ToPort": -1,
        "CidrIp": "10.165.104.0/22",
        "Tags": [
          {
            "Key": "Comment",
            "Value": "Emdeon VDI segment: ICMP health check"
          }
        ]
      }
    },
    "PrivateQCILoadBalancerSGIngress2": {
      "Type": "AWS::EC2::SecurityGroupIngress",
      "Properties": {
        "GroupId": {
          "Ref": "prepayPrivateQCILoadBalancerSG"
        },
        "IpProtocol": "TCP",
        "FromPort": 443,
        "ToPort": 443,
        "SourceSecurityGroupId": {
          "Ref": "prepayAllQCIPrivateSG"
        },
        "Tags": [
          {
            "Key": "Comment",
            "Value": "Internal TC3 VPC: HTTPS for chef web traffic"
          }
        ]
      }
    },
    "PrivateQCILoadBalancerSGIngress3": {
      "Type": "AWS::EC2::SecurityGroupIngress",
      "Properties": {
        "GroupId": {
          "Ref": "prepayPrivateQCILoadBalancerSG"
        },
        "IpProtocol": "TCP",
        "FromPort": 443,
        "ToPort": 443,
        "CidrIp": "1.1.1.1/32",
        "Tags": [
          {
            "Key": "Comment",
            "Value": "Emdeon Datacenter loadbalancer: HTTPS for web traffic"
          }
        ]
      }
    },
    "PrivateQCILoadBalancerSGIngress4": {
      "Type": "AWS::EC2::SecurityGroupIngress",
      "Properties": {
        "GroupId": {
          "Ref": "prepayPrivateQCILoadBalancerSG"
        },
        "IpProtocol": "TCP",
        "FromPort": 22,
        "ToPort": 22,
        "CidrIp": "1.1.1.1/32",
        "Tags": [
          {
            "Key": "Comment",
            "Value": "Emdeon Datacenter loadbalancer: SSH for SFTP"
          }
        ]
      }
    },
    "PrivateQCILoadBalancerSGIngress5": {
      "Type": "AWS::EC2::SecurityGroupIngress",
      "Properties": {
        "GroupId": {
          "Ref": "prepayPrivateQCILoadBalancerSG"
        },
        "IpProtocol": "TCP",
        "FromPort": 8443,
        "ToPort": 8449,
        "SourceSecurityGroupId": {
          "Ref": "prepayAllQCIPrivateSG"
        },
        "Tags": [
          {
            "Key": "Comment",
            "Value": "Internal TC3 HTTPS for application web traffic"
          }
        ]
      }
    },
    "PrivateQCILoadBalancerSGIngress7": {
      "Type": "AWS::EC2::SecurityGroupIngress",
      "Properties": {
        "GroupId": {
          "Ref": "prepayPrivateQCILoadBalancerSG"
        },
        "IpProtocol": "TCP",
        "FromPort": 18443,
        "ToPort": 18446,
        "SourceSecurityGroupId": {
          "Ref": "prepayAllQCIPrivateSG"
        },
        "Tags": [
          {
            "Key": "Comment",
            "Value": "Internal TC3 HTTPS for application web traffic"
          }
        ]
      }
    },
    "PrivateQCILoadBalancerSGIngress9": {
      "Type": "AWS::EC2::SecurityGroupIngress",
      "Properties": {
        "GroupId": {
          "Ref": "prepayPrivateQCILoadBalancerSG"
        },
        "IpProtocol": "TCP",
        "FromPort": 18443,
        "ToPort": 18446,
        "CidrIp": "10.0.0.0/8",
        "Tags": [
          {
            "Key": "Comment",
            "Value": "ALL CHC Internal: TC3 HTTPS for application web traffic"
          }
        ]
      }
    },
    "PrivateQCILoadBalancerSGIngress10": {
      "Type": "AWS::EC2::SecurityGroupIngress",
      "Properties": {
        "GroupId": {
          "Ref": "prepayPrivateQCILoadBalancerSG"
        },
        "IpProtocol": "TCP",
        "FromPort": 443,
        "ToPort": 443,
        "CidrIp": "10.0.0.0/8",
        "Tags": [
          {
            "Key": "Comment",
            "Value": "ALL CHC Internal: TC3 HTTPS for application web traffic"
          }
        ]
      }
    },
    "PrivateQCILoadBalancerSGIngress11": {
      "Type": "AWS::EC2::SecurityGroupIngress",
      "Properties": {
        "GroupId": {
          "Ref": "prepayPrivateQCILoadBalancerSG"
        },
        "IpProtocol": "TCP",
        "FromPort": 8443,
        "ToPort": 8449,
        "CidrIp": "10.0.0.0/8",
        "Tags": [
          {
            "Key": "Comment",
            "Value": "ALL CHC Internal: TC3 HTTPS for application web traffic"
          }
        ]
      }
    },
    "prepayAllQCIPrivateSG": {
      "Type": "AWS::EC2::SecurityGroup",
      "Properties": {
        "GroupDescription": "Security Group Rules for access to AllQCIPrivateSG",
        "VpcId": {
          "Ref": "Vpc"
        },
        "Tags": [
          {
            "Key": "Name",
            "Value": {
              "Fn::Join": [
                "",
                [
                  {
                    "Ref": "TagApplicationname"
                  },
                  "-",
                  "prepayAllQCIPrivateSG",
                  "-",
                  "aws"
                ]
              ]
            }
          },
          {
            "Key": "Billing",
            "Value": {
              "Fn::Join": [
                "",
                [
                  {
                    "Ref": "TagBusinessunit"
                  },
                  ".",
                  {
                    "Ref": "TagDepartment"
                  },
                  ".",
                  {
                    "Ref": "TagProduct"
                  },
                  ".",
                  {
                    "Ref": "TagPercent"
                  }
                ]
              ]
            }
          },
          {
            "Key": "Description",
            "Value": {
              "Fn::Join": [
                "",
                [
                  "env=",
                  {
                    "Ref": "TagEnvironment"
                  },
                  "/",
                  "appid=",
                  {
                    "Ref": "TagAppid"
                  },
                  "/",
                  "comp=",
                  {
                    "Ref": "TagComponent"
                  },
                  "/",
                  "monitor=",
                  {
                    "Ref": "TagMonitor"
                  }
                ]
              ]
            }
          }
        ]
      }
    },    
     "AllQCIPrivateSGIngress0": {
      "Type": "AWS::EC2::SecurityGroupIngress",
      "Properties": {
        "GroupId": {
          "Ref": "prepayAllQCIPrivateSG"
        },
        "IpProtocol": "ICMP",
        "FromPort": -1,
        "ToPort": -1,
        "CidrIp": "10.165.104.0/22",
        "Tags": [
          {
            "Key": "Comment",
            "Value": "Emdeon VDI segment: ICMP for test and administration"
          }
        ]
      }
    },
    "AllQCIPrivateSGIngress1": {
      "Type": "AWS::EC2::SecurityGroupIngress",
      "Properties": {
        "GroupId": {
          "Ref": "prepayAllQCIPrivateSG"
        },
        "IpProtocol": "TCP",
        "FromPort": 22,
        "ToPort": 22,
        "CidrIp": "10.165.104.0/22",
        "Tags": [
          {
            "Key": "Comment",
            "Value": "Emdeon VDI segment: SSH for test and administration"
          }
        ]
      }
    },
    "AllQCIPrivateSGIngress2": {
      "Type": "AWS::EC2::SecurityGroupIngress",
      "Properties": {
        "GroupId": {
          "Ref": "prepayAllQCIPrivateSG"
        },
        "IpProtocol": "TCP",
        "FromPort": 443,
        "ToPort": 443,
        "CidrIp": "10.165.104.0/22",
        "Tags": [
          {
            "Key": "Comment",
            "Value": "Emdeon VDI segment: HTTPS for test"
          }
        ]
      }
    },
    "AllQCIPrivateSGIngress3": {
      "Type": "AWS::EC2::SecurityGroupIngress",
      "Properties": {
        "GroupId": {
          "Ref": "prepayAllQCIPrivateSG"
        },
        "IpProtocol": "TCP",
        "FromPort": 1433,
        "ToPort": 1433,
        "CidrIp": "10.165.104.0/22",
        "Tags": [
          {
            "Key": "Comment",
            "Value": "Emdeon VDI segment: MSSQL for test"
          }
        ]
      }
    },
    "AllQCIPrivateSGIngress4": {
      "Type": "AWS::EC2::SecurityGroupIngress",
      "Properties": {
        "GroupId": {
          "Ref": "prepayAllQCIPrivateSG"
        },
        "IpProtocol": "TCP",
        "FromPort": 3389,
        "ToPort": 3389,
        "CidrIp": "10.165.104.0/22",
        "Tags": [
          {
            "Key": "Comment",
            "Value": "Emdeon VDI segment: RDP for test and administration"
          }
        ]
      }
    },
    "AllQCIPrivateSGIngress5": {
      "Type": "AWS::EC2::SecurityGroupIngress",
      "Properties": {
        "GroupId": {
          "Ref": "prepayAllQCIPrivateSG"
        },
        "IpProtocol": "TCP",
        "FromPort": 135,
        "ToPort": 135,
        "CidrIp": "10.165.104.0/22",
        "Tags": [
          {
            "Key": "Comment",
            "Value": "Emdeon VDI segment: DCOM RPC"
          }
        ]
      }
    },
    "AllQCIPrivateSGIngress6": {
      "Type": "AWS::EC2::SecurityGroupIngress",
      "Properties": {
        "GroupId": {
          "Ref": "prepayAllQCIPrivateSG"
        },
        "IpProtocol": "TCP",
        "FromPort": 139,
        "ToPort": 139,
        "CidrIp": "10.165.104.0/22",
        "Tags": [
          {
            "Key": "Comment",
            "Value": "Emdeon VDI segment: Netbios NS, datagram, session for administration"
          }
        ]
      }
    },
    "AllQCIPrivateSGIngress7": {
      "Type": "AWS::EC2::SecurityGroupIngress",
      "Properties": {
        "GroupId": {
          "Ref": "prepayAllQCIPrivateSG"
        },
        "IpProtocol": "TCP",
        "FromPort": 445,
        "ToPort": 445,
        "CidrIp": "10.165.104.0/22",
        "Tags": [
          {
            "Key": "Comment",
            "Value": "Emdeon VDI segment: MS SMB Directory Services"
          }
        ]
      }
    },
    "AllQCIPrivateSGIngress8": {
      "Type": "AWS::EC2::SecurityGroupIngress",
      "Properties": {
        "GroupId": {
          "Ref": "prepayAllQCIPrivateSG"
        },
        "IpProtocol": "TCP",
        "FromPort": 22,
        "ToPort": 22,
        "CidrIp": "10.255.100.15/32",
        "Tags": [
          {
            "Key": "Comment",
            "Value": "Emdeon cmmercdev01: SSH for test and administration"
          }
        ]
      }
    },
    "AllQCIPrivateSGIngress9": {
      "Type": "AWS::EC2::SecurityGroupIngress",
      "Properties": {
        "GroupId": {
          "Ref": "prepayAllQCIPrivateSG"
        },
        "IpProtocol": "TCP",
        "FromPort": 443,
        "ToPort": 443,
        "CidrIp": "10.255.100.15/32",
        "Tags": [
          {
            "Key": "Comment",
            "Value": "Emdeon cmmercdev01: HTTPS for test"
          }
        ]
      }
    },
    "AllQCIPrivateSGIngress10": {
      "Type": "AWS::EC2::SecurityGroupIngress",
      "Properties": {
        "GroupId": {
          "Ref": "prepayAllQCIPrivateSG"
        },
        "IpProtocol": "TCP",
        "FromPort": 3389,
        "ToPort": 3389,
        "CidrIp": "10.255.100.15/32",
        "Tags": [
          {
            "Key": "Comment",
            "Value": "Emdeon cmmercdev01: RDP for test and administration"
          }
        ]
      }
    },
    "AllQCIPrivateSGIngress11": {
      "Type": "AWS::EC2::SecurityGroupIngress",
      "Properties": {
        "GroupId": {
          "Ref": "prepayAllQCIPrivateSG"
        },
        "IpProtocol": "TCP",
        "FromPort": 22,
        "ToPort": 22,
        "CidrIp": "10.255.81.13/32",
        "Tags": [
          {
            "Key": "Comment",
            "Value": "Emdeon irv01wtxsvr01: SSH for test and administration"
          }
        ]
      }
    },
    "AllQCIPrivateSGIngress12": {
      "Type": "AWS::EC2::SecurityGroupIngress",
      "Properties": {
        "GroupId": {
          "Ref": "prepayAllQCIPrivateSG"
        },
        "IpProtocol": "TCP",
        "FromPort": 443,
        "ToPort": 443,
        "CidrIp": "10.255.81.13/32",
        "Tags": [
          {
            "Key": "Comment",
            "Value": "Emdeon irv01wtxsvr01: HTTPS for test"
          }
        ]
      }
    },
    "AllQCIPrivateSGIngress13": {
      "Type": "AWS::EC2::SecurityGroupIngress",
      "Properties": {
        "GroupId": {
          "Ref": "prepayAllQCIPrivateSG"
        },
        "IpProtocol": "TCP",
        "FromPort": 3389,
        "ToPort": 3389,
        "CidrIp": "10.255.81.13/32",
        "Tags": [
          {
            "Key": "Comment",
            "Value": "Emdeon irv01wtxsvr01: RDP for test and administration"
          }
        ]
      }
    },
    "AllQCIPrivateSGIngress14": {
      "Type": "AWS::EC2::SecurityGroupIngress",
      "Properties": {
        "GroupId": {
          "Ref": "prepayAllQCIPrivateSG"
        },
        "IpProtocol": "TCP",
        "FromPort": 22,
        "ToPort": 22,
        "CidrIp": "10.145.80.0/21",
        "Tags": [
          {
            "Key": "Comment",
            "Value": "Emdeon VPN: SSH for test and administration"
          }
        ]
      }
    },
    "AllQCIPrivateSGIngress15": {
      "Type": "AWS::EC2::SecurityGroupIngress",
      "Properties": {
        "GroupId": {
          "Ref": "prepayAllQCIPrivateSG"
        },
        "IpProtocol": "TCP",
        "FromPort": 443,
        "ToPort": 443,
        "CidrIp": "10.145.80.0/21",
        "Tags": [
          {
            "Key": "Comment",
            "Value": "Emdeon VPN: HTTPS for test"
          }
        ]
      }
    },
    "AllQCIPrivateSGIngress16": {
      "Type": "AWS::EC2::SecurityGroupIngress",
      "Properties": {
        "GroupId": {
          "Ref": "prepayAllQCIPrivateSG"
        },
        "IpProtocol": "TCP",
        "FromPort": 3389,
        "ToPort": 3389,
        "CidrIp": "10.145.80.0/21",
        "Tags": [
          {
            "Key": "Comment",
            "Value": "Emdeon VPN: RDP for test and administration"
          }
        ]
      }
    },
    "AllQCIPrivateSGIngress17": {
      "Type": "AWS::EC2::SecurityGroupIngress",
      "Properties": {
        "GroupId": {
          "Ref": "prepayAllQCIPrivateSG"
        },
        "IpProtocol": "ICMP",
        "FromPort": -1,
        "ToPort": -1,
        "CidrIp": "10.165.43.0/24",
        "Tags": [
          {
            "Key": "Comment",
            "Value": "Emdeon VPN segment: ICMP for test and administration"
          }
        ]
      }
    },
    "AllQCIPrivateSGIngress18": {
      "Type": "AWS::EC2::SecurityGroupIngress",
      "Properties": {
        "GroupId": {
          "Ref": "prepayAllQCIPrivateSG"
        },
        "IpProtocol": "TCP",
        "FromPort": 22,
        "ToPort": 22,
        "CidrIp": "10.165.43.0/24",
        "Tags": [
          {
            "Key": "Comment",
            "Value": "Emdeon VPN segment: SSH for test and administration"
          }
        ]
      }
    },
    "AllQCIPrivateSGIngress19": {
      "Type": "AWS::EC2::SecurityGroupIngress",
      "Properties": {
        "GroupId": {
          "Ref": "prepayAllQCIPrivateSG"
        },
        "IpProtocol": "TCP",
        "FromPort": 443,
        "ToPort": 443,
        "CidrIp": "10.165.43.0/24",
        "Tags": [
          {
            "Key": "Comment",
            "Value": "Emdeon VPN segment: HTTPS for test"
          }
        ]
      }
    },
    "AllQCIPrivateSGIngress20": {
      "Type": "AWS::EC2::SecurityGroupIngress",
      "Properties": {
        "GroupId": {
          "Ref": "prepayAllQCIPrivateSG"
        },
        "IpProtocol": "TCP",
        "FromPort": 3389,
        "ToPort": 3389,
        "CidrIp": "10.165.43.0/24",
        "Tags": [
          {
            "Key": "Comment",
            "Value": "Emdeon VPN segment: RDP for test and administration"
          }
        ]
      }
    },
     "AllQCIPrivateSGIngress21": {
      "Type": "AWS::EC2::SecurityGroupIngress",
      "Properties": {
        "GroupId": {
          "Ref": "prepayAllQCIPrivateSG"
        },
        "IpProtocol": "ICMP",
        "FromPort": -1,
        "ToPort": -1,
        "CidrIp": "10.165.24.0/24",
        "Tags": [
          {
            "Key": "Comment",
            "Value": "Emdeon PE desktop segment: ICMP for test and administration"
          }
        ]
      }
    },
    "AllQCIPrivateSGIngress22": {
      "Type": "AWS::EC2::SecurityGroupIngress",
      "Properties": {
        "GroupId": {
          "Ref": "prepayAllQCIPrivateSG"
        },
        "IpProtocol": "TCP",
        "FromPort": 22,
        "ToPort": 22,
        "CidrIp": "10.165.24.0/24",
        "Tags": [
          {
            "Key": "Comment",
            "Value": "Emdeon PE desktop segment: SSH for test and administration"
          }
        ]
      }
    },
    "AllQCIPrivateSGIngress23": {
      "Type": "AWS::EC2::SecurityGroupIngress",
      "Properties": {
        "GroupId": {
          "Ref": "prepayAllQCIPrivateSG"
        },
        "IpProtocol": "TCP",
        "FromPort": 443,
        "ToPort": 443,
        "CidrIp": "10.165.24.0/24",
        "Tags": [
          {
            "Key": "Comment",
            "Value": "Emdeon PE desktop segment: HTTPS for test"
          }
        ]
      }
    },
    "AllQCIPrivateSGIngress24": {
      "Type": "AWS::EC2::SecurityGroupIngress",
      "Properties": {
        "GroupId": {
          "Ref": "prepayAllQCIPrivateSG"
        },
        "IpProtocol": "TCP",
        "FromPort": 3389,
        "ToPort": 3389,
        "CidrIp": "10.165.24.0/24",
        "Tags": [
          {
            "Key": "Comment",
            "Value": "Emdeon PE desktop segment: RDP for test and administration"
          }
        ]
      }
    },
    "AllQCIPrivateSGIngress25": {
      "Type": "AWS::EC2::SecurityGroupIngress",
      "Properties": {
        "GroupId": {
          "Ref": "prepayAllQCIPrivateSG"
        },
        "IpProtocol": "TCP",
        "FromPort": 8888,
        "ToPort": 8888,
        "CidrIp": "10.165.104.0/22",
        "Tags": [
          {
            "Key": "Comment",
            "Value": "Internal CH Self Service Password tool"
          }
        ]
      }
    },
    "AllQCIPrivateSGIngress26": {
      "Type": "AWS::EC2::SecurityGroupIngress",
      "Properties": {
        "GroupId": {
          "Ref": "prepayAllQCIPrivateSG"
        },
        "IpProtocol": "TCP",
        "FromPort": 443,
        "ToPort": 443,
        "CidrIp": "10.120.34.0/24",
        "Tags": [
          {
            "Key": "Comment",
            "Value": "Emdeon QA desktop segment: HTTPS from TC3 Minnesota "
          }
        ]
      }
    },
    "AllQCIPrivateSGIngress27": {
      "Type": "AWS::EC2::SecurityGroupIngress",
      "Properties": {
        "GroupId": {
          "Ref": "prepayAllQCIPrivateSG"
        },
        "IpProtocol": "TCP",
        "FromPort": 3389,
        "ToPort": 3389,
        "CidrIp": "10.120.34.0/24",
        "Tags": [
          {
            "Key": "Comment",
            "Value": "Emdeon QA desktop segment: RDP from TC3 Minnesota "
          }
        ]
      }
    }
  }
}
