﻿{
  "AWSTemplateFormatVersion": "2010-09-09",
  "Description": "prepay-prod-sg",
  "Parameters": {
    "RulesList": {
      "Default": "10.165.104.0/22:ICMP:-1:-1, 10.165.104.0/22:tcp:22:22, 10.165.104.0/22:tcp:443:443, 10.165.104.0/22:tcp:1433:1433, 10.165.104.0/22:tcp:3389:3389",
      "Description": "Comma Separated List of sourceiprange:Protocol:startport:endport",
      "Type": "CommaDelimitedList"
    },
    "myVPC": {
      "Type": "String",
      "Default": "vpc-ca75e4ac",
      "Description": "Please specify the VPC in which you want to create the security Group"
    },
    "Creator": {
      "Default": "prepaydeployer",
      "Description": "Creator of stack",
      "Type": "String"
    },
    "InfrastructureBucket": {
      "Default": "prepay-chc-prod-paymentintegrity",
      "Description": "Infrastructure files bucket",
      "Type": "String"
    },
    "SeedBucket": {
      "Default": "prepay-chc-prod-paymentintegrity",
      "Description": "Infrastructure seed files bucket",
      "Type": "String"
    },
    "InfrastructureBucketPath": {
      "Default": "/PICloudFormation",
      "Description": "Infrastructure bucket file path",
      "Type": "String"
    },
    "TagBusinessunit": {
      "Type": "String",
      "Default": "IT-Payment Integrity"
    },
    "TagDepartment": {
      "Type": "String",
      "Default": "AB1-PI IT TC3"
    },
    "TagProduct": {
      "Type": "String",
      "Default": "Payment Integrity: Pre-Pay"
    },
    "TagPercent": {
      "Type": "String",
      "Default": "100"
    },
    "TagApplicationname": {
      "Type": "String",
      "Default": "prepay"
    },
    "TagAppid": {
      "Type": "String",
      "Default": "555"
    },
    "TagMonitor": {
      "Type": "String",
      "Default": "true",
      "AllowedValues": [
        "true",
        "false"
      ]
    },
    "TagEnvironment": {
      "Type": "String",
      "Description": "One of only: %w(DEV QA CERT TEST NONPROD MGMT DR PROD IMP)",
      "Default": "PROD",
      "AllowedValues": [      
        "DR",
        "PROD",
        "IMP"
      ]
    },
    "TagComponent": {
      "Description": "The sub-component piece of the application stack (part of the AWS tag Description)",
      "Type": "String",
      "Default": "AWSVPC"
    },
    "Vpc": {
      "Description": "VPC ID",
      "Type": "String",
      "Default": "vpc-ca75e4ac"
    },
    "VpcCidr": {
      "Description": "VPC Subnet",
      "Type": "String",
      "Default": "10.223.96.0/20"
    }
  },
  "Resources": {
  "ALLPRODPrivateSG": {
      "Type": "AWS::EC2::SecurityGroup",
      "Properties": {
        "GroupDescription": "Security Group Rules for access to ALLPRODPrivateSG",
        "VpcId": {
          "Ref": "Vpc"
        },
        "Tags": [
          {
            "Key": "Name",
            "Value":"prepay"
          },
          {
            "Key": "Billing",
            "Value":"IT-Payment Integrity"
          },
          {
            "Key": "Description",
            "Value": {
              "Fn::Join": [
                "",
                [
                  "env=prod",
                  
                  "/",
                  "appid=",
                  {
                    "Ref": "TagAppid"
                  },
                  "/",
                  "comp=",
                  {
                    "Ref": "TagComponent"
                  },
                  "/",
                  "monitor=",
                  {
                    "Ref": "TagMonitor"
                  }
                ]
              ]
            }
          }
        ]
      }
    },    
    "CustomResource": {
      "Type": "Custom::CustomResource",
      "Properties": {
        "ServiceToken": {
          "Fn::GetAtt": [
            "MySecurityGroupFunction",
            "Arn"
          ]
        },
        "GroupId": {
          "Ref": "ALLPRODPrivateSG"
        },
        "theList": {
          "Ref": "RulesList"
        }
      }
    },
    "MySecurityGroupFunction": {
      "Type": "AWS::Lambda::Function",
      "Properties": {
        "Code": {
          "ZipFile": {
            "Fn::Join": [
              "\n",
              [
                "import boto3",
                "import cfnresponse",
                "def handler(event, context):",
                "  grpId = event['ResourceProperties']['GroupId']",
                "  list1 = event['ResourceProperties']['theList']",
                "  responseData = {}",
                "  ec2 = boto3.client('ec2')",
                "  if event['RequestType'] == 'Update':",
                "    grp_now = ec2.describe_security_groups(GroupIds=[grpId])",
                "    for grp_rul in grp_now['SecurityGroups'][0]['IpPermissions']:",
                "      frmPrt = int(grp_rul['FromPort'])",
                "      toPrt = int(grp_rul['ToPort'])",
                "      cidr = grp_rul['IpRanges'][0]['CidrIp']",
                "      ptcl = grp_rul['IpProtocol']",
                "      try:",
                "        print 'Deleting the existing security group rules...'",
                "        ec2.revoke_security_group_ingress(GroupId=grpId, IpProtocol=ptcl, FromPort=frmPrt, ToPort=toPrt, CidrIp=cidr)",
                "        print 'Existing rules finished deleting...'",
                "        print 'Creating the new rules...'",
                "        for rul in list1:",
                "          cidr1 = rul.split(':')[0]",
                "          ptcl1 = rul.split(':')[1]",
                "          frmPrt1 = int(rul.split(':')[2])",
                "          toPrt1 = int(rul.split(':')[3])",
                "          print 'Creating new rules in the security group...'",
                "          ec2.authorize_security_group_ingress(CidrIp=cidr1, FromPort=frmPrt1, ToPort=toPrt1, IpProtocol=ptcl1, GroupId=grpId)",
                "          print 'Finished creating the new rules..'",
                "          responseData['doneOrNot'] = 'UpdateDoneSir'",
                "          cfnresponse.send(event, context, cfnresponse.SUCCESS, responseData, \"CustomResourcePhysicalID\")",
                "      except:",
                "        responseData['doneOrNot'] = 'UpdateNotDoneSir'",
                "        print 'Unable to either delete the existing rules or create the new ones...'",
                "        cfnresponse.send(event, context, cfnresponse.FAILED, responseData, \"CustomResourcePhysicalID\")",
                "  elif event['RequestType'] == 'Create':",
                "    for rul in list1:",
                "      cidr = rul.split(':')[0]",
                "      ptcl = rul.split(':')[1]",
                "      frmPrt = int(rul.split(':')[2])",
                "      toPrt = int(rul.split(':')[3])",
                "      print grpId, frmPrt, toPrt, cidr, ptcl",
                "      try:",
                "        print 'Setting the ingress rule now...'",
                "        ec2.authorize_security_group_ingress(CidrIp=cidr, FromPort=frmPrt, ToPort=toPrt, IpProtocol=ptcl, GroupId=grpId)",
                "        print 'Finished setting the ingress rule...'",
                "      except:",
                "        print 'Could not set the ingress rule baaabu!!'",
                "        responseData['doneOrNot'] = 'CreateNotDoneSir'",
                "        cfnresponse.send(event, context, cfnresponse.FAILED, responseData, \"CustomResourcePhysicalID\")",
                "    responseData['doneOrNot'] = 'CreateDoneSir'",
                "    cfnresponse.send(event, context, cfnresponse.SUCCESS, responseData, \"CustomResourcePhysicalID\")",
                "  else:",
                "    responseData['doneOrNot'] = 'OkDoneSir'",
                "    cfnresponse.send(event, context, cfnresponse.SUCCESS, responseData, \"CustomResourcePhysicalID\")"
              ]
            ]
          }
        },
        "Handler": "index.handler",
        "Runtime": "python2.7",
        "Timeout": "300",
        "Role": "arn:aws:iam::662691078412:role/PrePay-PiCommandServer"
      }
    }  
  },
  "Outputs": {
    "SecGrp": {
      "Description": "The Amazon EC2 instance security group.",
      "Value": {
        "Fn::GetAtt": [
          "ALLPRODPrivateSG",
          "GroupId"
        ]
      }
    },    
    "Output1": {
      "Description": "ARN of Lambda Function",
      "Value": {
        "Fn::GetAtt": [
          "MySecurityGroupFunction",
          "Arn"
        ]
      }
    },
    "Output22": {
      "Description": "Output of the custom resource",
      "Value": {
        "Fn::GetAtt": [
          "CustomResource",
          "doneOrNot"
        ]
      }
    }
  }
}
