{
  "AWSTemplateFormatVersion": "2010-09-09",
  "Parameters": {
    "Creator": {
      "Default": "prepaydeployer",
      "Description": "Creator of stack",
      "Type": "String"
    },      
    "TagBusinessunit": {
      "Type": "String",
      "Default": "IT-Payment Integrity"
    },
    "TagDepartment": {
      "Type": "String",
      "Default": "AB1-PI IT TC3"
    },
    "TagProduct": {
      "Type": "String",
      "Default": "Payment Integrity: Pre-Pay"
    },
    "TagPercent": {
      "Type": "String",
      "Default": "100"
    },
    "TagApplicationname": {
      "Type": "String",
      "Default": "prepay"
    },
    "TagAppid": {
      "Type": "String",
      "Default": "555"
    },
    "TagMonitor": {
      "Type": "String",
      "Default": "false",
      "AllowedValues": [
        "true",
        "false"
      ]
    },
    "TagEnvironment": {
      "Type": "String",
      "Description": "One of only: %w(DEV QA CERT TEST NONPROD MGMT DR PROD IMP)",
      "Default": "CERT",
      "AllowedValues": [
        "DEV",
        "QA",
        "CERT",
        "TEST",
        "NONPROD",
        "MGMT",
        "DR",
        "PROD",
        "IMP"
      ]
    },
    "TagComponent": {
      "Description": "The sub-component piece of the application stack (part of the AWS tag Description)",
      "Type": "String",
      "Default": "AWSVPC"
    },
    "Vpc": {
      "Description": "VPC ID",
      "Type": "String",
      "Default": "vpc-ca75e4ac"
    },
    "VpcCidr": {
      "Description": "VPC Subnet",
      "Type": "String",
      "Default": "10.223.96.0/20"
    }
  },
  "Outputs": {
    "Creator": {
      "Value": {
        "Ref": "Creator"
      }
    },
    "TagBusinessunit": {
      "Value": {
        "Ref": "TagBusinessunit"
      }
    },
    "TagDepartment": {
      "Value": {
        "Ref": "TagDepartment"
      }
    },
    "TagProduct": {
      "Value": {
        "Ref": "TagProduct"
      }
    },
    "TagPercent": {
      "Value": {
        "Ref": "TagPercent"
      }
    },
    "TagApplicationname": {
      "Value": {
        "Ref": "TagApplicationname"
      }
    },
    "TagAppid": {
      "Value": {
        "Ref": "TagAppid"
      }
    },
    "TagMonitor": {
      "Value": {
        "Ref": "TagMonitor"
      }
    },
    "TagEnvironment": {
      "Value": {
        "Ref": "TagEnvironment"
      }
    },
    "TagComponent": {
      "Value": {
        "Ref": "TagComponent"
      }
    },
    "Vpc": {
      "Value": {
        "Ref": "Vpc"
      }
    },
    "VpcCidr": {
      "Value": {
        "Ref": "VpcCidr"
      }
    }         
  },
  "Description": "IMP SecurityGroups and Firewall Rules",
  "Resources": {
    "prepayPrivateCERTFTPSG": {
      "Type": "AWS::EC2::SecurityGroup",
      "Properties": {
        "GroupDescription": "Security Group Rules for access to PrivateCERTFTPSG",
        "VpcId": {
          "Ref": "Vpc"
        },
        "Tags": [
          {
            "Key": "Name",
            "Value": {
              "Fn::Join": [
                "",
                [
                  {
                    "Ref": "TagApplicationname"
                  },
                  "-",
                  "prepayPrivateCERTFTPSG",
                  "-",
                  "aws"
                ]
              ]
            }
          },
          {
            "Key": "Billing",
            "Value": {
              "Fn::Join": [
                "",
                [
                  {
                    "Ref": "TagBusinessunit"
                  },
                  ".",
                  {
                    "Ref": "TagDepartment"
                  },
                  ".",
                  {
                    "Ref": "TagProduct"
                  },
                  ".",
                  {
                    "Ref": "TagPercent"
                  }
                ]
              ]
            }
          },
          {
            "Key": "Description",
            "Value": {
              "Fn::Join": [
                "",
                [
                  "env=",
                  {
                    "Ref": "TagEnvironment"
                  },
                  "/",
                  "appid=",
                  {
                    "Ref": "TagAppid"
                  },
                  "/",
                  "comp=",
                  {
                    "Ref": "TagComponent"
                  },
                  "/",
                  "monitor=",
                  {
                    "Ref": "TagMonitor"
                  }
                ]
              ]
            }
          }
        ]
      }
    }, 
     "PrivateCERTFTPSGIngress0": {
      "Type": "AWS::EC2::SecurityGroupIngress",
      "Properties": {
        "GroupId": {
          "Ref": "prepayPrivateCERTFTPSG"
        },
        "IpProtocol": "ICMP",
        "FromPort": -1,
        "ToPort": -1,
        "SourceSecurityGroupId": {
          "Ref": "prepayALLCERTPrivateSG"
        },
        "Tags": [
          {
            "Key": "Comment",
            "Value": "Internal TC3: All ICMP traffic to itself"
          }
        ]
      }
    },
    "PrivateCERTFTPSGIngress1": {
      "Type": "AWS::EC2::SecurityGroupIngress",
      "Properties": {
        "GroupId": {
          "Ref": "prepayPrivateCERTFTPSG"
        },
        "IpProtocol": "TCP",
        "FromPort": 1,
        "ToPort": 65535,
        "SourceSecurityGroupId": {
          "Ref": "prepayPrivateCERTFTPSG"
        },
        "Tags": [
          {
            "Key": "Comment",
            "Value": "Internal TC3: All IP traffic to itself"
          }
        ]
      }
    },
    "PrivateCERTFTPSGIngress2": {
      "Type": "AWS::EC2::SecurityGroupIngress",
      "Properties": {
        "GroupId": {
          "Ref": "prepayPrivateCERTFTPSG"
        },
        "IpProtocol": "UDP",
        "FromPort": 1,
        "ToPort": 65535,
        "SourceSecurityGroupId": {
          "Ref": "prepayPrivateCERTFTPSG"
        },
        "Tags": [
          {
            "Key": "Comment",
            "Value": "Internal TC3: All IP traffic to itself"
          }
        ]
      }
    },
    "PrivateCERTFTPSGIngress3": {
      "Type": "AWS::EC2::SecurityGroupIngress",
      "Properties": {
        "GroupId": {
          "Ref": "prepayPrivateCERTFTPSG"
        },
        "IpProtocol": "ICMP",
        "FromPort": -1,
        "ToPort": -1,
        "SourceSecurityGroupId": {
          "Ref": "prepayPrivateCERTLoadBalancerSG"
        },
        "Tags": [
          {
            "Key": "Comment",
            "Value": "Internal TC3 Loadbalancer: ICMP for healthcheck"
          }
        ]
      }
    },
    "PrivateCERTFTPSGIngress4": {
      "Type": "AWS::EC2::SecurityGroupIngress",
      "Properties": {
        "GroupId": {
          "Ref": "prepayPrivateCERTFTPSG"
        },
        "IpProtocol": "TCP",
        "FromPort": 443,
        "ToPort": 443,
        "SourceSecurityGroupId": {
          "Ref": "prepayPrivateCERTLoadBalancerSG"
        },
        "Tags": [
          {
            "Key": "Comment",
            "Value": "Internal TC3 Loadbalancer: HTTPS for web traffic"
          }
        ]
      }
    },
    "PrivateCERTFTPSGIngress5": {
      "Type": "AWS::EC2::SecurityGroupIngress",
      "Properties": {
        "GroupId": {
          "Ref": "prepayPrivateCERTFTPSG"
        },
        "IpProtocol": "UDP",
        "FromPort": 443,
        "ToPort": 443,
        "SourceSecurityGroupId": {
          "Ref": "prepayPrivateCERTLoadBalancerSG"
        },
        "Tags": [
          {
            "Key": "Comment",
            "Value": "Internal TC3 Loadbalancer: HTTPS for web traffic"
          }
        ]
      }
    },
    "PrivateCERTFTPSGIngress6": {
      "Type": "AWS::EC2::SecurityGroupIngress",
      "Properties": {
        "GroupId": {
          "Ref": "prepayPrivateCERTFTPSG"
        },
        "IpProtocol": "TCP",
        "FromPort": 22,
        "ToPort": 22,
        "SourceSecurityGroupId": {
          "Ref": "prepayPrivateCERTLoadBalancerSG"
        },
        "Tags": [
          {
            "Key": "Comment",
            "Value": "Internal TC3 Loadbalancer: SSH for SFTP"
          }
        ]
      }
    },
    "PrivateCERTFTPSGIngress7": {
      "Type": "AWS::EC2::SecurityGroupIngress",
      "Properties": {
        "GroupId": {
          "Ref": "prepayPrivateCERTFTPSG"
        },
        "IpProtocol": "UDP",
        "FromPort": 22,
        "ToPort": 22,
        "SourceSecurityGroupId": {
          "Ref": "prepayPrivateCERTLoadBalancerSG"
        },
        "Tags": [
          {
            "Key": "Comment",
            "Value": "Internal TC3 Loadbalancer: SSH for SFTP"
          }
        ]
      }
    },
    "PrivateCERTFTPSGIngress8": {
      "Type": "AWS::EC2::SecurityGroupIngress",
      "Properties": {
        "GroupId": {
          "Ref": "prepayPrivateCERTFTPSG"
        },
        "IpProtocol": "TCP",
        "FromPort": 10933,
        "ToPort": 10933,
        "CidrIp": "10.201.12.104/32",
        "Tags": [
          {
            "Key": "Comment",
            "Value": "Internal CH Corp: Octopus Tentacle Listener"
          }
        ]
      }
    },
    "prepayPrivateCERTWebSG": {
      "Type": "AWS::EC2::SecurityGroup",
      "Properties": {
        "GroupDescription": "Security Group Rules for access to PrivateCERTWebSG",
        "VpcId": {
          "Ref": "Vpc"
        },
        "Tags": [
          {
            "Key": "Name",
            "Value": {
              "Fn::Join": [
                "",
                [
                  {
                    "Ref": "TagApplicationname"
                  },
                  "-",
                  "prepayPrivateCERTWebSG",
                  "-",
                  "aws"
                ]
              ]
            }
          },
          {
            "Key": "Billing",
            "Value": {
              "Fn::Join": [
                "",
                [
                  {
                    "Ref": "TagBusinessunit"
                  },
                  ".",
                  {
                    "Ref": "TagDepartment"
                  },
                  ".",
                  {
                    "Ref": "TagProduct"
                  },
                  ".",
                  {
                    "Ref": "TagPercent"
                  }
                ]
              ]
            }
          },
          {
            "Key": "Description",
            "Value": {
              "Fn::Join": [
                "",
                [
                  "env=",
                  {
                    "Ref": "TagEnvironment"
                  },
                  "/",
                  "appid=",
                  {
                    "Ref": "TagAppid"
                  },
                  "/",
                  "comp=",
                  {
                    "Ref": "TagComponent"
                  },
                  "/",
                  "monitor=",
                  {
                    "Ref": "TagMonitor"
                  }
                ]
              ]
            }
          }
        ]
      }
    },   
    "PrivateCERTWebSGIngress0": {
      "Type": "AWS::EC2::SecurityGroupIngress",
      "Properties": {
        "GroupId": {
          "Ref": "prepayPrivateCERTWebSG"
        },
        "IpProtocol": "ICMP",
        "FromPort": -1,
        "ToPort": -1,
        "SourceSecurityGroupId": {
          "Ref": "prepayALLCERTPrivateSG"
        },
        "Tags": [
          {
            "Key": "Comment",
            "Value": "Internal TC3: All ICMP traffic to itself"
          }
        ]
      }
    },
    "PrivateCERTWebSGIngress1": {
      "Type": "AWS::EC2::SecurityGroupIngress",
      "Properties": {
        "GroupId": {
          "Ref": "prepayPrivateCERTWebSG"
        },
        "IpProtocol": "TCP",
        "FromPort": 1,
        "ToPort": 65535,
        "SourceSecurityGroupId": {
          "Ref": "prepayPrivateCERTWebSG"
        },
        "Tags": [
          {
            "Key": "Comment",
            "Value": "Internal TC3: All IP traffic to itself"
          }
        ]
      }
    },
    "PrivateCERTWebSGIngress2": {
      "Type": "AWS::EC2::SecurityGroupIngress",
      "Properties": {
        "GroupId": {
          "Ref": "prepayPrivateCERTWebSG"
        },
        "IpProtocol": "UDP",
        "FromPort": 1,
        "ToPort": 65535,
        "SourceSecurityGroupId": {
          "Ref": "prepayPrivateCERTWebSG"
        },
        "Tags": [
          {
            "Key": "Comment",
            "Value": "Internal TC3: All IP traffic to itself"
          }
        ]
      }
    },
    "PrivateCERTWebSGIngress3": {
      "Type": "AWS::EC2::SecurityGroupIngress",
      "Properties": {
        "GroupId": {
          "Ref": "prepayPrivateCERTWebSG"
        },
        "IpProtocol": "TCP",
        "FromPort": 80,
        "ToPort": 80,
        "SourceSecurityGroupId": {
          "Ref": "prepayALLCERTPrivateSG"
        },
        "Tags": [
          {
            "Key": "Comment",
            "Value": "Internal TC3 HTTP for test application web traffic"
          }
        ]
      }
    },
    "PrivateCERTWebSGIngress4": {
      "Type": "AWS::EC2::SecurityGroupIngress",
      "Properties": {
        "GroupId": {
          "Ref": "prepayPrivateCERTWebSG"
        },
        "IpProtocol": "TCP",
        "FromPort": 443,
        "ToPort": 443,
        "SourceSecurityGroupId": {
          "Ref": "prepayALLCERTPrivateSG"
        },
        "Tags": [
          {
            "Key": "Comment",
            "Value": "Internal TC3 HTTPS for test application web traffic"
          }
        ]
      }
    },
    "PrivateCERTWebSGIngress6": {
      "Type": "AWS::EC2::SecurityGroupIngress",
      "Properties": {
        "GroupId": {
          "Ref": "prepayPrivateCERTWebSG"
        },
        "IpProtocol": "TCP",
        "FromPort": 443,
        "ToPort": 443,
        "SourceSecurityGroupId": {
          "Ref": "prepayPrivateCERTLoadBalancerSG"
        },
        "Tags": [
          {
            "Key": "Comment",
            "Value": "Internal TC3 Loadbalancer: HTTPS for chef web traffic"
          }
        ]
      }
    },
    "PrivateCERTWebSGIngress7": {
      "Type": "AWS::EC2::SecurityGroupIngress",
      "Properties": {
        "GroupId": {
          "Ref": "prepayPrivateCERTWebSG"
        },
        "IpProtocol": "TCP",
        "FromPort": 443,
        "ToPort": 443,
        "CidrIp": "10.165.104.0/22",
        "Tags": [
          {
            "Key": "Comment",
            "Value": "Emdeon VDI segment: HTTPS for application web traffic"
          }
        ]
      }
    },
    "PrivateCERTWebSGIngress8": {
      "Type": "AWS::EC2::SecurityGroupIngress",
      "Properties": {
        "GroupId": {
          "Ref": "prepayPrivateCERTWebSG"
        },
        "IpProtocol": "TCP",
        "FromPort": 443,
        "ToPort": 443,
        "CidrIp": "10.165.43.0/24",
        "Tags": [
          {
            "Key": "Comment",
            "Value": "Emdeon VPN segment: HTTPS for application web traffic"
          }
        ]
      }
    },
    "PrivateCERTWebSGIngress9": {
      "Type": "AWS::EC2::SecurityGroupIngress",
      "Properties": {
        "GroupId": {
          "Ref": "prepayPrivateCERTWebSG"
        },
        "IpProtocol": "TCP",
        "FromPort": 4018,
        "ToPort": 4019,
        "CidrIp": "10.165.104.0/22",
        "Tags": [
          {
            "Key": "Comment",
            "Value": "Emdeon VDI segment: VisualStudio Remote Debugger"
          }
        ]
      }
    },
    "PrivateCERTWebSGIngress10": {
      "Type": "AWS::EC2::SecurityGroupIngress",
      "Properties": {
        "GroupId": {
          "Ref": "prepayPrivateCERTWebSG"
        },
        "IpProtocol": "TCP",
        "FromPort": 8443,
        "ToPort": 8449,
        "SourceSecurityGroupId": {
          "Ref": "prepayALLCERTPrivateSG"
        },
        "Tags": [
          {
            "Key": "Comment",
            "Value": "Internal TC3 HTTPS for application web traffic"
          }
        ]
      }
    },
    "PrivateCERTWebSGIngress12": {
      "Type": "AWS::EC2::SecurityGroupIngress",
      "Properties": {
        "GroupId": {
          "Ref": "prepayPrivateCERTWebSG"
        },
        "IpProtocol": "TCP",
        "FromPort": 8443,
        "ToPort": 8449,
        "SourceSecurityGroupId": {
          "Ref": "prepayPrivateCERTLoadBalancerSG"
        },
        "Tags": [
          {
            "Key": "Comment",
            "Value": "Internal TC3 Loadbalancer: TC3 HTTPS for application web traffic"
          }
        ]
      }
    },
    "PrivateCERTWebSGIngress13": {
      "Type": "AWS::EC2::SecurityGroupIngress",
      "Properties": {
        "GroupId": {
          "Ref": "prepayPrivateCERTWebSG"
        },
        "IpProtocol": "TCP",
        "FromPort": 8443,
        "ToPort": 8449,
        "CidrIp": "10.165.104.0/22",
        "Tags": [
          {
            "Key": "Comment",
            "Value": "Emdeon VDI segment: TC3 HTTPS for application web traffic"
          }
        ]
      }
    },
    "PrivateCERTWebSGIngress14": {
      "Type": "AWS::EC2::SecurityGroupIngress",
      "Properties": {
        "GroupId": {
          "Ref": "prepayPrivateCERTWebSG"
        },
        "IpProtocol": "TCP",
        "FromPort": 8443,
        "ToPort": 8449,
        "CidrIp": "10.165.43.0/24",
        "Tags": [
          {
            "Key": "Comment",
            "Value": "Emdeon VPN segment: TC3 HTTPS for application web traffic"
          }
        ]
      }
    },
    "PrivateCERTWebSGIngress15": {
      "Type": "AWS::EC2::SecurityGroupIngress",
      "Properties": {
        "GroupId": {
          "Ref": "prepayPrivateCERTWebSG"
        },
        "IpProtocol": "TCP",
        "FromPort": 10933,
        "ToPort": 10933,
        "CidrIp": "10.201.12.104/32",
        "Tags": [
          {
            "Key": "Comment",
            "Value": "Internal CH Corp: Octopus Tentacle Listener"
          }
        ]
      }
    },
    "PrivateCERTWebSGIngress16": {
      "Type": "AWS::EC2::SecurityGroupIngress",
      "Properties": {
        "GroupId": {
          "Ref": "prepayPrivateCERTWebSG"
        },
        "IpProtocol": "TCP",
        "FromPort": 18443,
        "ToPort": 18446,
        "SourceSecurityGroupId": {
          "Ref": "prepayALLCERTPrivateSG"
        },
        "Tags": [
          {
            "Key": "Comment",
            "Value": "Internal TC3 HTTPS for application web traffic"
          }
        ]
      }
    },
    "PrivateCERTWebSGIngress18": {
      "Type": "AWS::EC2::SecurityGroupIngress",
      "Properties": {
        "GroupId": {
          "Ref": "prepayPrivateCERTWebSG"
        },
        "IpProtocol": "TCP",
        "FromPort": 18443,
        "ToPort": 18446,
        "SourceSecurityGroupId": {
          "Ref": "prepayPrivateCERTLoadBalancerSG"
        },
        "Tags": [
          {
            "Key": "Comment",
            "Value": "Internal TC3 Loadbalancer: TC3 HTTPS for application web traffic"
          }
        ]
      }
    },
    "PrivateCERTWebSGIngress19": {
      "Type": "AWS::EC2::SecurityGroupIngress",
      "Properties": {
        "GroupId": {
          "Ref": "prepayPrivateCERTWebSG"
        },
        "IpProtocol": "TCP",
        "FromPort": 18443,
        "ToPort": 18446,
        "CidrIp": "10.165.104.0/22",
        "Tags": [
          {
            "Key": "Comment",
            "Value": "Emdeon VDI segment: TC3 HTTPS for application web traffic"
          }
        ]
      }
    },
    "PrivateCERTWebSGIngress20": {
      "Type": "AWS::EC2::SecurityGroupIngress",
      "Properties": {
        "GroupId": {
          "Ref": "prepayPrivateCERTWebSG"
        },
        "IpProtocol": "TCP",
        "FromPort": 18443,
        "ToPort": 18446,
        "CidrIp": "10.165.43.0/24",
        "Tags": [
          {
            "Key": "Comment",
            "Value": "Emdeon VPN segment: TC3 HTTPS for application web traffic"
          }
        ]
      }
    },
    "prepayPrivateCERTAppSG": {
      "Type": "AWS::EC2::SecurityGroup",
      "Properties": {
        "GroupDescription": "Security Group Rules for access to PrivateCERTAppSG",
        "VpcId": {
          "Ref": "Vpc"
        },
        "Tags": [
          {
            "Key": "Name",
            "Value": {
              "Fn::Join": [
                "",
                [
                  {
                    "Ref": "TagApplicationname"
                  },
                  "-",
                  "prepayPrivateCERTAppSG",
                  "-",
                  "aws"
                ]
              ]
            }
          },
          {
            "Key": "Billing",
            "Value": {
              "Fn::Join": [
                "",
                [
                  {
                    "Ref": "TagBusinessunit"
                  },
                  ".",
                  {
                    "Ref": "TagDepartment"
                  },
                  ".",
                  {
                    "Ref": "TagProduct"
                  },
                  ".",
                  {
                    "Ref": "TagPercent"
                  }
                ]
              ]
            }
          },
          {
            "Key": "Description",
            "Value": {
              "Fn::Join": [
                "",
                [
                  "env=",
                  {
                    "Ref": "TagEnvironment"
                  },
                  "/",
                  "appid=",
                  {
                    "Ref": "TagAppid"
                  },
                  "/",
                  "comp=",
                  {
                    "Ref": "TagComponent"
                  },
                  "/",
                  "monitor=",
                  {
                    "Ref": "TagMonitor"
                  }
                ]
              ]
            }
          }
        ]
      }
    },   
     "PrivateCERTAppSGIngress0": {
      "Type": "AWS::EC2::SecurityGroupIngress",
      "Properties": {
        "GroupId": {
          "Ref": "prepayPrivateCERTAppSG"
        },
        "IpProtocol": "ICMP",
        "FromPort": -1,
        "ToPort": -1,
        "SourceSecurityGroupId": {
          "Ref": "prepayALLCERTPrivateSG"
        },
        "Tags": [
          {
            "Key": "Comment",
            "Value": "Internal TC3: All ICMP traffic to itself"
          }
        ]
      }
    },
    "PrivateCERTAppSGIngress1": {
      "Type": "AWS::EC2::SecurityGroupIngress",
      "Properties": {
        "GroupId": {
          "Ref": "prepayPrivateCERTAppSG"
        },
        "IpProtocol": "TCP",
        "FromPort": 1,
        "ToPort": 65535,
        "SourceSecurityGroupId": {
          "Ref": "prepayPrivateCERTAppSG"
        },
        "Tags": [
          {
            "Key": "Comment",
            "Value": "Internal TC3: All IP traffic to itself"
          }
        ]
      }
    },
    "PrivateCERTAppSGIngress2": {
      "Type": "AWS::EC2::SecurityGroupIngress",
      "Properties": {
        "GroupId": {
          "Ref": "prepayPrivateCERTAppSG"
        },
        "IpProtocol": "UDP",
        "FromPort": 1,
        "ToPort": 65535,
        "SourceSecurityGroupId": {
          "Ref": "prepayPrivateCERTAppSG"
        },
        "Tags": [
          {
            "Key": "Comment",
            "Value": "Internal TC3: All IP traffic to itself"
          }
        ]
      }
    },
    "PrivateCERTAppSGIngress3": {
      "Type": "AWS::EC2::SecurityGroupIngress",
      "Properties": {
        "GroupId": {
          "Ref": "prepayPrivateCERTAppSG"
        },
        "IpProtocol": "TCP",
        "FromPort": 80,
        "ToPort": 80,
        "SourceSecurityGroupId": {
          "Ref": "prepayALLCERTPrivateSG"
        },
        "Tags": [
          {
            "Key": "Comment",
            "Value": "Internal TC3 HTTP for test application web traffic"
          }
        ]
      }
    },
    "PrivateCERTAppSGIngress4": {
      "Type": "AWS::EC2::SecurityGroupIngress",
      "Properties": {
        "GroupId": {
          "Ref": "prepayPrivateCERTAppSG"
        },
        "IpProtocol": "TCP",
        "FromPort": 443,
        "ToPort": 443,
        "SourceSecurityGroupId": {
          "Ref": "prepayALLCERTPrivateSG"
        },
        "Tags": [
          {
            "Key": "Comment",
            "Value": "Internal TC3 HTTPS for test application web traffic"
          }
        ]
      }
    },
    "PrivateCERTAppSGIngress6": {
      "Type": "AWS::EC2::SecurityGroupIngress",
      "Properties": {
        "GroupId": {
          "Ref": "prepayPrivateCERTAppSG"
        },
        "IpProtocol": "TCP",
        "FromPort": 443,
        "ToPort": 443,
        "SourceSecurityGroupId": {
          "Ref": "prepayPrivateCERTLoadBalancerSG"
        },
        "Tags": [
          {
            "Key": "Comment",
            "Value": "Internal TC3 Loadbalancer: HTTPS for chef web traffic"
          }
        ]
      }
    },
    "PrivateCERTAppSGIngress7": {
      "Type": "AWS::EC2::SecurityGroupIngress",
      "Properties": {
        "GroupId": {
          "Ref": "prepayPrivateCERTAppSG"
        },
        "IpProtocol": "TCP",
        "FromPort": 443,
        "ToPort": 443,
        "CidrIp": "10.165.104.0/22",
        "Tags": [
          {
            "Key": "Comment",
            "Value": "Emdeon VDI segment: HTTPS for application web traffic"
          }
        ]
      }
    },
    "PrivateCERTAppSGIngress8": {
      "Type": "AWS::EC2::SecurityGroupIngress",
      "Properties": {
        "GroupId": {
          "Ref": "prepayPrivateCERTAppSG"
        },
        "IpProtocol": "TCP",
        "FromPort": 443,
        "ToPort": 443,
        "CidrIp": "10.165.43.0/24",
        "Tags": [
          {
            "Key": "Comment",
            "Value": "Emdeon VPN segment: HTTPS for application web traffic"
          }
        ]
      }
    },
    "PrivateCERTAppSGIngress9": {
      "Type": "AWS::EC2::SecurityGroupIngress",
      "Properties": {
        "GroupId": {
          "Ref": "prepayPrivateCERTAppSG"
        },
        "IpProtocol": "TCP",
        "FromPort": 10933,
        "ToPort": 10933,
        "CidrIp": "10.201.12.104/32",
        "Tags": [
          {
            "Key": "Comment",
            "Value": "Internal CH Corp: Octopus Tentacle Listener"
          }
        ]
      }
    },
    "PrivateCERTAppSGIngress10": {
      "Type": "AWS::EC2::SecurityGroupIngress",
      "Properties": {
        "GroupId": {
          "Ref": "prepayPrivateCERTAppSG"
        },
        "IpProtocol": "TCP",
        "FromPort": 5050,
        "ToPort": 5060,
        "CidrIp": "10.165.204.25/30",
        "Tags": [
          {
            "Key": "Comment",
            "Value": "Internal CH Corp IdentityIQ Enterprise Access Controls"
          }
        ]
      }
    },
    "PrivateCERTAppSGIngress11": {
      "Type": "AWS::EC2::SecurityGroupIngress",
      "Properties": {
        "GroupId": {
          "Ref": "prepayPrivateCERTAppSG"
        },
        "IpProtocol": "TCP",
        "FromPort": 3389,
        "ToPort": 3389,
        "CidrIp": "10.160.88.169/32",
        "Tags": [
          {
            "Key": "Comment",
            "Value": "Internal CH Corp IdentityIQ IAM Terminal Server"
          }
        ]
      }
    },
    "PrivateCERTAppSGIngress12": {
      "Type": "AWS::EC2::SecurityGroupIngress",
      "Properties": {
        "GroupId": {
          "Ref": "prepayPrivateCERTAppSG"
        },
        "IpProtocol": "TCP",
        "FromPort": 4018,
        "ToPort": 4019,
        "CidrIp": "10.165.104.0/22",
        "Tags": [
          {
            "Key": "Comment",
            "Value": "Emdeon VDI segment: VisualStudio Remote Debugger"
          }
        ]
      }
    },
    "PrivateCERTAppSGIngress13": {
      "Type": "AWS::EC2::SecurityGroupIngress",
      "Properties": {
        "GroupId": {
          "Ref": "prepayPrivateCERTAppSG"
        },
        "IpProtocol": "TCP",
        "FromPort": 8888,
        "ToPort": 8888,
        "CidrIp": "10.165.24.0/24",
        "Tags": [
          {
            "Key": "Comment",
            "Value": "Internal CH Self Password "
          }
        ]
      }
    },
    "PrivateCERTAppSGIngress14": {
      "Type": "AWS::EC2::SecurityGroupIngress",
      "Properties": {
        "GroupId": {
          "Ref": "prepayPrivateCERTAppSG"
        },
        "IpProtocol": "TCP",
        "FromPort": 8888,
        "ToPort": 8888,
        "CidrIp": "10.165.104.0/22",
        "Tags": [
          {
            "Key": "Comment",
            "Value": "Emdeon VDI segment: Internal CH Self Password "
          }
        ]
      }
    },
    "PrivateCERTAppSGIngress15": {
      "Type": "AWS::EC2::SecurityGroupIngress",
      "Properties": {
        "GroupId": {
          "Ref": "prepayPrivateCERTAppSG"
        },
        "IpProtocol": "TCP",
        "FromPort": 8888,
        "ToPort": 8888,
        "SourceSecurityGroupId": {
          "Ref": "prepayALLCERTPrivateSG"
        },
        "Tags": [
          {
            "Key": "Comment",
            "Value": "Internal TC3: CH Self Service Password tool"
          }
        ]
      }
    },
    "PrivateCERTAppSGIngress16": {
      "Type": "AWS::EC2::SecurityGroupIngress",
      "Properties": {
        "GroupId": {
          "Ref": "prepayPrivateCERTAppSG"
        },
        "IpProtocol": "TCP",
        "FromPort": 22233,
        "ToPort": 22236,
        "SourceSecurityGroupId": {
          "Ref": "prepayPrivateCERTWebSG"
        },
        "Tags": [
          {
            "Key": "Comment",
            "Value": "Web Server Caching: MS AppFabric"
          }
        ]
      }
    },
    "prepayPrivateCERTDatabaseSG": {
      "Type": "AWS::EC2::SecurityGroup",
      "Properties": {
        "GroupDescription": "Security Group Rules for access to PrivateCERTDatabaseSG",
        "VpcId": {
          "Ref": "Vpc"
        },
        "Tags": [
          {
            "Key": "Name",
            "Value": {
              "Fn::Join": [
                "",
                [
                  {
                    "Ref": "TagApplicationname"
                  },
                  "-",
                  "prepayPrivateCERTDatabaseSG",
                  "-",
                  "aws"
                ]
              ]
            }
          },
          {
            "Key": "Billing",
            "Value": {
              "Fn::Join": [
                "",
                [
                  {
                    "Ref": "TagBusinessunit"
                  },
                  ".",
                  {
                    "Ref": "TagDepartment"
                  },
                  ".",
                  {
                    "Ref": "TagProduct"
                  },
                  ".",
                  {
                    "Ref": "TagPercent"
                  }
                ]
              ]
            }
          },
          {
            "Key": "Description",
            "Value": {
              "Fn::Join": [
                "",
                [
                  "env=",
                  {
                    "Ref": "TagEnvironment"
                  },
                  "/",
                  "appid=",
                  {
                    "Ref": "TagAppid"
                  },
                  "/",
                  "comp=",
                  {
                    "Ref": "TagComponent"
                  },
                  "/",
                  "monitor=",
                  {
                    "Ref": "TagMonitor"
                  }
                ]
              ]
            }
          }
        ]
      }
    },
    "PrivateCERTDatabaseSGIngress0": {
      "Type": "AWS::EC2::SecurityGroupIngress",
      "Properties": {
        "GroupId": {
          "Ref": "prepayPrivateCERTDatabaseSG"
        },
        "IpProtocol": "ICMP",
        "FromPort": -1,
        "ToPort": -1,
        "SourceSecurityGroupId": {
          "Ref": "prepayALLCERTPrivateSG"
        },
        "Tags": [
          {
            "Key": "Comment",
            "Value": "Internal TC3: All ICMP traffic to itself"
          }
        ]
      }
    },
    "PrivateCERTDatabaseSGIngress1": {
      "Type": "AWS::EC2::SecurityGroupIngress",
      "Properties": {
        "GroupId": {
          "Ref": "prepayPrivateCERTDatabaseSG"
        },
        "IpProtocol": "TCP",
        "FromPort": 1,
        "ToPort": 65535,
        "SourceSecurityGroupId": {
          "Ref": "prepayPrivateCERTDatabaseSG"
        },
        "Tags": [
          {
            "Key": "Comment",
            "Value": "Internal TC3: All IP traffic to itself"
          }
        ]
      }
    },
    "PrivateCERTDatabaseSGIngress2": {
      "Type": "AWS::EC2::SecurityGroupIngress",
      "Properties": {
        "GroupId": {
          "Ref": "prepayPrivateCERTDatabaseSG"
        },
        "IpProtocol": "UDP",
        "FromPort": 1,
        "ToPort": 65535,
        "SourceSecurityGroupId": {
          "Ref": "prepayPrivateCERTDatabaseSG"
        },
        "Tags": [
          {
            "Key": "Comment",
            "Value": "Internal TC3: All IP traffic to itself"
          }
        ]
      }
    },
    "PrivateCERTDatabaseSGIngress3": {
      "Type": "AWS::EC2::SecurityGroupIngress",
      "Properties": {
        "GroupId": {
          "Ref": "prepayPrivateCERTDatabaseSG"
        },
        "IpProtocol": "TCP",
        "FromPort": 135,
        "ToPort": 135,
        "SourceSecurityGroupId": {
          "Ref": "prepayPrivateCERTDatabaseSG"
        },
        "Tags": [
          {
            "Key": "Comment",
            "Value": "Internal TC3 Database Tier: WSFC DCOM RPC"
          }
        ]
      }
    },
    "PrivateCERTDatabaseSGIngress4": {
      "Type": "AWS::EC2::SecurityGroupIngress",
      "Properties": {
        "GroupId": {
          "Ref": "prepayPrivateCERTDatabaseSG"
        },
        "IpProtocol": "UDP",
        "FromPort": 135,
        "ToPort": 135,
        "SourceSecurityGroupId": {
          "Ref": "prepayPrivateCERTDatabaseSG"
        },
        "Tags": [
          {
            "Key": "Comment",
            "Value": "Internal TC3 Database Tier: WSFC DCOM RPC"
          }
        ]
      }
    },  
     "PrivateCERTDatabaseSGIngress5": {
      "Type": "AWS::EC2::SecurityGroupIngress",
      "Properties": {
        "GroupId": {
          "Ref": "prepayPrivateCERTDatabaseSG"
        },
        "IpProtocol": "TCP",
        "FromPort": 137,
        "ToPort": 139,
        "SourceSecurityGroupId": {
          "Ref": "prepayPrivateCERTDatabaseSG"
        },
        "Tags": [
          {
            "Key": "Comment",
            "Value": "Internal TC3 Database Tier: WSFC Netbios name service"
          }
        ]
      }
    },
    "PrivateCERTDatabaseSGIngress6": {
      "Type": "AWS::EC2::SecurityGroupIngress",
      "Properties": {
        "GroupId": {
          "Ref": "prepayPrivateCERTDatabaseSG"
        },
        "IpProtocol": "UDP",
        "FromPort": 137,
        "ToPort": 139,
        "SourceSecurityGroupId": {
          "Ref": "prepayPrivateCERTDatabaseSG"
        },
        "Tags": [
          {
            "Key": "Comment",
            "Value": "Internal TC3 Database Tier: WSFC Netbios name service"
          }
        ]
      }
    },
    "PrivateCERTDatabaseSGIngress7": {
      "Type": "AWS::EC2::SecurityGroupIngress",
      "Properties": {
        "GroupId": {
          "Ref": "prepayPrivateCERTDatabaseSG"
        },
        "IpProtocol": "TCP",
        "FromPort": 445,
        "ToPort": 445,
        "SourceSecurityGroupId": {
          "Ref": "prepayPrivateCERTDatabaseSG"
        },
        "Tags": [
          {
            "Key": "Comment",
            "Value": "Internal TC3 Database Tier: WSFC MS Directory Services"
          }
        ]
      }
    },
    "PrivateCERTDatabaseSGIngress8": {
      "Type": "AWS::EC2::SecurityGroupIngress",
      "Properties": {
        "GroupId": {
          "Ref": "prepayPrivateCERTDatabaseSG"
        },
        "IpProtocol": "TCP",
        "FromPort": 1433,
        "ToPort": 1434,
        "SourceSecurityGroupId": {
          "Ref": "prepayPrivateCERTDatabaseSG"
        },
        "Tags": [
          {
            "Key": "Comment",
            "Value": "Internal TC3 Database Tier: WSFC MSSQL Server"
          }
        ]
      }
    },
    "PrivateCERTDatabaseSGIngress9": {
      "Type": "AWS::EC2::SecurityGroupIngress",
      "Properties": {
        "GroupId": {
          "Ref": "prepayPrivateCERTDatabaseSG"
        },
        "IpProtocol": "TCP",
        "FromPort": 3343,
        "ToPort": 3343,
        "SourceSecurityGroupId": {
          "Ref": "prepayPrivateCERTDatabaseSG"
        },
        "Tags": [
          {
            "Key": "Comment",
            "Value": "Internal TC3 Database Tier: WSFC Cluster"
          }
        ]
      }
    },
    "PrivateCERTDatabaseSGIngress10": {
      "Type": "AWS::EC2::SecurityGroupIngress",
      "Properties": {
        "GroupId": {
          "Ref": "prepayPrivateCERTDatabaseSG"
        },
        "IpProtocol": "UDP",
        "FromPort": 3343,
        "ToPort": 3343,
        "SourceSecurityGroupId": {
          "Ref": "prepayPrivateCERTDatabaseSG"
        },
        "Tags": [
          {
            "Key": "Comment",
            "Value": "Internal TC3 Database Tier: WSFC Cluster"
          }
        ]
      }
    },
    "PrivateCERTDatabaseSGIngress11": {
      "Type": "AWS::EC2::SecurityGroupIngress",
      "Properties": {
        "GroupId": {
          "Ref": "prepayPrivateCERTDatabaseSG"
        },
        "IpProtocol": "TCP",
        "FromPort": 5000,
        "ToPort": 5100,
        "SourceSecurityGroupId": {
          "Ref": "prepayPrivateCERTDatabaseSG"
        },
        "Tags": [
          {
            "Key": "Comment",
            "Value": "Internal TC3 Database Tier: MSSQL DTC RPC"
          }
        ]
      }
    },
    "PrivateCERTDatabaseSGIngress12": {
      "Type": "AWS::EC2::SecurityGroupIngress",
      "Properties": {
        "GroupId": {
          "Ref": "prepayPrivateCERTDatabaseSG"
        },
        "IpProtocol": "TCP",
        "FromPort": 5022,
        "ToPort": 5022,
        "SourceSecurityGroupId": {
          "Ref": "prepayPrivateCERTDatabaseSG"
        },
        "Tags": [
          {
            "Key": "Comment",
            "Value": "Internal TC3 Database Tier: MSSQL AlwaysOn Availability Group Endpoint"
          }
        ]
      }
    },
    "PrivateCERTDatabaseSGIngress13": {
      "Type": "AWS::EC2::SecurityGroupIngress",
      "Properties": {
        "GroupId": {
          "Ref": "prepayPrivateCERTDatabaseSG"
        },
        "IpProtocol": "TCP",
        "FromPort": 5985,
        "ToPort": 5985,
        "SourceSecurityGroupId": {
          "Ref": "prepayPrivateCERTDatabaseSG"
        },
        "Tags": [
          {
            "Key": "Comment",
            "Value": "Internal TC3 Database Tier: MSSQL WinRM"
          }
        ]
      }
    },
    "PrivateCERTDatabaseSGIngress14": {
      "Type": "AWS::EC2::SecurityGroupIngress",
      "Properties": {
        "GroupId": {
          "Ref": "prepayPrivateCERTDatabaseSG"
        },
        "IpProtocol": "TCP",
        "FromPort": 1433,
        "ToPort": 1433,
        "SourceSecurityGroupId": {
          "Ref": "prepayPrivateCERTWebSG"
        },
        "Tags": [
          {
            "Key": "Comment",
            "Value": "Internal TC3 Web Tier: WSFC MSSQL Server"
          }
        ]
      }
    },
    "PrivateCERTDatabaseSGIngress15": {
      "Type": "AWS::EC2::SecurityGroupIngress",
      "Properties": {
        "GroupId": {
          "Ref": "prepayPrivateCERTDatabaseSG"
        },
        "IpProtocol": "TCP",
        "FromPort": 1433,
        "ToPort": 1433,
        "SourceSecurityGroupId": {
          "Ref": "prepayPrivateCERTAppSG"
        },
        "Tags": [
          {
            "Key": "Comment",
            "Value": "Internal TC3 Application Tier: WSFC MSSQL Server"
          }
        ]
      }
    },
    "PrivateCERTDatabaseSGIngress16": {
      "Type": "AWS::EC2::SecurityGroupIngress",
      "Properties": {
        "GroupId": {
          "Ref": "prepayPrivateCERTDatabaseSG"
        },
        "IpProtocol": "TCP",
        "FromPort": 1433,
        "ToPort": 1433,
        "CidrIp": "10.201.12.104/32",
        "Tags": [
          {
            "Key": "Comment",
            "Value": "Internal CH Corp: Octopus MSSQL Deployment"
          }
        ]
      }
    },
    "PrivateCERTDatabaseSGIngress17": {
      "Type": "AWS::EC2::SecurityGroupIngress",
      "Properties": {
        "GroupId": {
          "Ref": "prepayPrivateCERTDatabaseSG"
        },
        "IpProtocol": "TCP",
        "FromPort": 10933,
        "ToPort": 10933,
        "CidrIp": "10.201.12.104/32",
        "Tags": [
          {
            "Key": "Comment",
            "Value": "Internal CH Corp: Octopus Tentacle Listener"
          }
        ]
      }
    },
    "PrivateCERTDatabaseSGIngress18": {
      "Type": "AWS::EC2::SecurityGroupIngress",
      "Properties": {
        "GroupId": {
          "Ref": "prepayPrivateCERTDatabaseSG"
        },
        "IpProtocol": "TCP",
        "FromPort": 80,
        "ToPort": 80,
        "SourceSecurityGroupId": {
          "Ref": "prepayPrivateCERTWebSG"
        },
        "Tags": [
          {
            "Key": "Comment",
            "Value": "Internal TC3 Web Tier: MSSQL Server Report Server"
          }
        ]
      }
    },
    "PrivateCERTDatabaseSGIngress19": {
      "Type": "AWS::EC2::SecurityGroupIngress",
      "Properties": {
        "GroupId": {
          "Ref": "prepayPrivateCERTDatabaseSG"
        },
        "IpProtocol": "TCP",
        "FromPort": 80,
        "ToPort": 80,
        "SourceSecurityGroupId": {
          "Ref": "prepayPrivateCERTAppSG"
        },
        "Tags": [
          {
            "Key": "Comment",
            "Value": "Internal TC3 App Tier: MSSQL Server Report Server"
          }
        ]
      }
    },
    "PrivateCERTDatabaseSGIngress20": {
      "Type": "AWS::EC2::SecurityGroupIngress",
      "Properties": {
        "GroupId": {
          "Ref": "prepayPrivateCERTDatabaseSG"
        },
        "IpProtocol": "TCP",
        "FromPort": 80,
        "ToPort": 80,
        "CidrIp": "10.165.43.0/24",
        "Tags": [
          {
            "Key": "Comment",
            "Value": "Emdeon VPN segment: HTTP for testing MSSQL ReportServer"
          }
        ]
      }
    },
     "PrivateCERTDatabaseSGIngress21": {
      "Type": "AWS::EC2::SecurityGroupIngress",
      "Properties": {
        "GroupId": {
          "Ref": "prepayPrivateCERTDatabaseSG"
        },
        "IpProtocol": "TCP",
        "FromPort": 80,
        "ToPort": 80,
        "CidrIp": "10.165.104.0/22",
        "Tags": [
          {
            "Key": "Comment",
            "Value": "Emdeon VDI segment: HTTP for testing MSSQL ReportServer"
          }
        ]
      }
    },
    "PrivateCERTDatabaseSGIngress22": {
      "Type": "AWS::EC2::SecurityGroupIngress",
      "Properties": {
        "GroupId": {
          "Ref": "prepayPrivateCERTDatabaseSG"
        },
        "IpProtocol": "TCP",
        "FromPort": 80,
        "ToPort": 80,
        "CidrIp": "10.165.24.0/24",
        "Tags": [
          {
            "Key": "Comment",
            "Value": "Emdeon PE desktop segment: HTTP for testing MSSQL ReportServer"
          }
        ]
      }
    },
    "PrivateCERTDatabaseSGIngress23": {
      "Type": "AWS::EC2::SecurityGroupIngress",
      "Properties": {
        "GroupId": {
          "Ref": "prepayPrivateCERTDatabaseSG"
        },
        "IpProtocol": "TCP",
        "FromPort": 80,
        "ToPort": 80,
        "CidrIp": "10.120.42.0/24",
        "Tags": [
          {
            "Key": "Comment",
            "Value": "TC3 internal workstation segment: HTTP for MSSQL ReportServer"
          }
        ]
      }
    },
    "PrivateCERTDatabaseSGIngress24": {
      "Type": "AWS::EC2::SecurityGroupIngress",
      "Properties": {
        "GroupId": {
          "Ref": "prepayPrivateCERTDatabaseSG"
        },
        "IpProtocol": "TCP",
        "FromPort": 80,
        "ToPort": 80,
        "CidrIp": "10.120.44.0/24",
        "Tags": [
          {
            "Key": "Comment",
            "Value": "TC3 internal workstation segment: HTTP for MSSQL ReportServer"
          }
        ]
      }
    },
    "PrivateCERTDatabaseSGIngress25": {
      "Type": "AWS::EC2::SecurityGroupIngress",
      "Properties": {
        "GroupId": {
          "Ref": "prepayPrivateCERTDatabaseSG"
        },
        "IpProtocol": "TCP",
        "FromPort": 80,
        "ToPort": 80,
        "CidrIp": "10.160.0.0/16",
        "Tags": [
          {
            "Key": "Comment",
            "Value": "TC3 internal workstation segment: HTTP for MSSQL ReportServer"
          }
        ]
      }
    },
    "PrivateCERTDatabaseSGIngress26": {
      "Type": "AWS::EC2::SecurityGroupIngress",
      "Properties": {
        "GroupId": {
          "Ref": "prepayPrivateCERTDatabaseSG"
        },
        "IpProtocol": "TCP",
        "FromPort": 80,
        "ToPort": 80,
        "CidrIp": "192.168.70.0/24",
        "Tags": [
          {
            "Key": "Comment",
            "Value": "TC3 internal workstation segment: HTTP for MSSQL ReportServer"
          }
        ]
      }
    },
    "PrivateCERTDatabaseSGIngress27": {
      "Type": "AWS::EC2::SecurityGroupIngress",
      "Properties": {
        "GroupId": {
          "Ref": "prepayPrivateCERTDatabaseSG"
        },
        "IpProtocol": "TCP",
        "FromPort": 80,
        "ToPort": 80,
        "CidrIp": "10.255.92.0/24",
        "Tags": [
          {
            "Key": "Comment",
            "Value": "TC3 internal workstation segment: HTTP for MSSQL ReportServer"
          }
        ]
      }
    },
    "prepayPrivateCERTCoreInfraSG": {
      "Type": "AWS::EC2::SecurityGroup",
      "Properties": {
        "GroupDescription": "Security Group Rules for access to PrivateCERTCoreInfraSG",
        "VpcId": {
          "Ref": "Vpc"
        },
        "Tags": [
          {
            "Key": "Name",
            "Value": {
              "Fn::Join": [
                "",
                [
                  {
                    "Ref": "TagApplicationname"
                  },
                  "-",
                  "prepayPrivateCERTCoreInfraSG",
                  "-",
                  "aws"
                ]
              ]
            }
          },
          {
            "Key": "Billing",
            "Value": {
              "Fn::Join": [
                "",
                [
                  {
                    "Ref": "TagBusinessunit"
                  },
                  ".",
                  {
                    "Ref": "TagDepartment"
                  },
                  ".",
                  {
                    "Ref": "TagProduct"
                  },
                  ".",
                  {
                    "Ref": "TagPercent"
                  }
                ]
              ]
            }
          },
          {
            "Key": "Description",
            "Value": {
              "Fn::Join": [
                "",
                [
                  "env=",
                  {
                    "Ref": "TagEnvironment"
                  },
                  "/",
                  "appid=",
                  {
                    "Ref": "TagAppid"
                  },
                  "/",
                  "comp=",
                  {
                    "Ref": "TagComponent"
                  },
                  "/",
                  "monitor=",
                  {
                    "Ref": "TagMonitor"
                  }
                ]
              ]
            }
          }
        ]
      }
    },
     "PrivateCERTCoreInfraSGIngress0": {
      "Type": "AWS::EC2::SecurityGroupIngress",
      "Properties": {
        "GroupId": {
          "Ref": "prepayPrivateCERTCoreInfraSG"
        },
        "IpProtocol": "ICMP",
        "FromPort": -1,
        "ToPort": -1,
        "SourceSecurityGroupId": {
          "Ref": "prepayALLCERTPrivateSG"
        },
        "Tags": [
          {
            "Key": "Comment",
            "Value": "Internal TC3: All ICMP traffic to itself"
          }
        ]
      }
    },
    "PrivateCERTCoreInfraSGIngress1": {
      "Type": "AWS::EC2::SecurityGroupIngress",
      "Properties": {
        "GroupId": {
          "Ref": "prepayPrivateCERTCoreInfraSG"
        },
        "IpProtocol": "ICMP",
        "FromPort": -1,
        "ToPort": -1,
        "CidrIp": "10.205.80.45/32",
        "Tags": [
          {
            "Key": "Comment",
            "Value": "Internal CH Corp SoftNAS FileServer"
          }
        ]
      }
    },
    "PrivateCERTCoreInfraSGIngress2": {
      "Type": "AWS::EC2::SecurityGroupIngress",
      "Properties": {
        "GroupId": {
          "Ref": "prepayPrivateCERTCoreInfraSG"
        },
        "IpProtocol": "TCP",
        "FromPort": 1,
        "ToPort": 65535,
        "SourceSecurityGroupId": {
          "Ref": "prepayPrivateCERTCoreInfraSG"
        },
        "Tags": [
          {
            "Key": "Comment",
            "Value": "Internal TC3: All IP traffic to itself"
          }
        ]
      }
    },
    "PrivateCERTCoreInfraSGIngress3": {
      "Type": "AWS::EC2::SecurityGroupIngress",
      "Properties": {
        "GroupId": {
          "Ref": "prepayPrivateCERTCoreInfraSG"
        },
        "IpProtocol": "UDP",
        "FromPort": 1,
        "ToPort": 65535,
        "SourceSecurityGroupId": {
          "Ref": "prepayPrivateCERTCoreInfraSG"
        },
        "Tags": [
          {
            "Key": "Comment",
            "Value": "Internal TC3: All IP traffic to itself"
          }
        ]
      }
    },
    "PrivateCERTCoreInfraSGIngress4": {
      "Type": "AWS::EC2::SecurityGroupIngress",
      "Properties": {
        "GroupId": {
          "Ref": "prepayPrivateCERTCoreInfraSG"
        },
        "IpProtocol": "TCP",
        "FromPort": 1,
        "ToPort": 65535,
        "CidrIp": "10.205.80.45/32",
        "Tags": [
          {
            "Key": "Comment",
            "Value": "Internal CH Corp SoftNAS FileServer"
          }
        ]
      }
    },
    "PrivateCERTCoreInfraSGIngress5": {
      "Type": "AWS::EC2::SecurityGroupIngress",
      "Properties": {
        "GroupId": {
          "Ref": "prepayPrivateCERTCoreInfraSG"
        },
        "IpProtocol": "UDP",
        "FromPort": 1,
        "ToPort": 65535,
        "CidrIp": "10.205.80.45/32",
        "Tags": [
          {
            "Key": "Comment",
            "Value": "Internal CH Corp SoftNAS FileServer"
          }
        ]
      }
    },
    "PrivateCERTCoreInfraSGIngress6": {
      "Type": "AWS::EC2::SecurityGroupIngress",
      "Properties": {
        "GroupId": {
          "Ref": "prepayPrivateCERTCoreInfraSG"
        },
        "IpProtocol": "TCP",
        "FromPort": 53,
        "ToPort": 53,
        "SourceSecurityGroupId": {
          "Ref": "prepayALLCERTPrivateSG"
        },
        "Tags": [
          {
            "Key": "Comment",
            "Value": "Internal TC3 VPC: DNS"
          }
        ]
      }
    },
    "PrivateCERTCoreInfraSGIngress7": {
      "Type": "AWS::EC2::SecurityGroupIngress",
      "Properties": {
        "GroupId": {
          "Ref": "prepayPrivateCERTCoreInfraSG"
        },
        "IpProtocol": "UDP",
        "FromPort": 53,
        "ToPort": 53,
        "SourceSecurityGroupId": {
          "Ref": "prepayALLCERTPrivateSG"
        },
        "Tags": [
          {
            "Key": "Comment",
            "Value": "Internal TC3 VPC: DNS"
          }
        ]
      }
    },
    "PrivateCERTCoreInfraSGIngress8": {
      "Type": "AWS::EC2::SecurityGroupIngress",
      "Properties": {
        "GroupId": {
          "Ref": "prepayPrivateCERTCoreInfraSG"
        },
        "IpProtocol": "TCP",
        "FromPort": 53,
        "ToPort": 53,
        "CidrIp": "10.140.191.8/29",
        "Tags": [
          {
            "Key": "Comment",
            "Value": "Internal CH InfoBlox DNS Servers"
          }
        ]
      }
    },
    "PrivateCERTCoreInfraSGIngress9": {
      "Type": "AWS::EC2::SecurityGroupIngress",
      "Properties": {
        "GroupId": {
          "Ref": "prepayPrivateCERTCoreInfraSG"
        },
        "IpProtocol": "UDP",
        "FromPort": 53,
        "ToPort": 53,
        "CidrIp": "10.140.191.8/29",
        "Tags": [
          {
            "Key": "Comment",
            "Value": "Internal CH InfoBlox DNS Servers"
          }
        ]
      }
    },
    "PrivateCERTCoreInfraSGIngress10": {
      "Type": "AWS::EC2::SecurityGroupIngress",
      "Properties": {
        "GroupId": {
          "Ref": "prepayPrivateCERTCoreInfraSG"
        },
        "IpProtocol": "TCP",
        "FromPort": 53,
        "ToPort": 53,
        "CidrIp": "10.160.191.8/29",
        "Tags": [
          {
            "Key": "Comment",
            "Value": "Internal CH InfoBlox DNS Servers"
          }
        ]
      }
    },
    "PrivateCERTCoreInfraSGIngress11": {
      "Type": "AWS::EC2::SecurityGroupIngress",
      "Properties": {
        "GroupId": {
          "Ref": "prepayPrivateCERTCoreInfraSG"
        },
        "IpProtocol": "UDP",
        "FromPort": 53,
        "ToPort": 53,
        "CidrIp": "10.160.191.8/29",
        "Tags": [
          {
            "Key": "Comment",
            "Value": "Internal CH InfoBlox DNS Servers"
          }
        ]
      }
    },
    "PrivateCERTCoreInfraSGIngress12": {
      "Type": "AWS::EC2::SecurityGroupIngress",
      "Properties": {
        "GroupId": {
          "Ref": "prepayPrivateCERTCoreInfraSG"
        },
        "IpProtocol": "TCP",
        "FromPort": 53,
        "ToPort": 53,
        "CidrIp": "10.165.104.0/22",
        "Tags": [
          {
            "Key": "Comment",
            "Value": "Internal TC3 VDI: DNS"
          }
        ]
      }
    },
    "PrivateCERTCoreInfraSGIngress13": {
      "Type": "AWS::EC2::SecurityGroupIngress",
      "Properties": {
        "GroupId": {
          "Ref": "prepayPrivateCERTCoreInfraSG"
        },
        "IpProtocol": "UDP",
        "FromPort": 53,
        "ToPort": 53,
        "CidrIp": "10.165.104.0/22",
        "Tags": [
          {
            "Key": "Comment",
            "Value": "Internal TC3 VDI: DNS"
          }
        ]
      }
    },
    "PrivateCERTCoreInfraSGIngress14": {
      "Type": "AWS::EC2::SecurityGroupIngress",
      "Properties": {
        "GroupId": {
          "Ref": "prepayPrivateCERTCoreInfraSG"
        },
        "IpProtocol": "TCP",
        "FromPort": 88,
        "ToPort": 88,
        "SourceSecurityGroupId": {
          "Ref": "prepayALLCERTPrivateSG"
        },
        "Tags": [
          {
            "Key": "Comment",
            "Value": "Internal TC3 Private All: AD Kerberos"
          }
        ]
      }
    },
    "PrivateCERTCoreInfraSGIngress15": {
      "Type": "AWS::EC2::SecurityGroupIngress",
      "Properties": {
        "GroupId": {
          "Ref": "prepayPrivateCERTCoreInfraSG"
        },
        "IpProtocol": "UDP",
        "FromPort": 88,
        "ToPort": 88,
        "SourceSecurityGroupId": {
          "Ref": "prepayALLCERTPrivateSG"
        },
        "Tags": [
          {
            "Key": "Comment",
            "Value": "Internal TC3 Private All: AD Kerberos"
          }
        ]
      }
    },
    "PrivateCERTCoreInfraSGIngress16": {
      "Type": "AWS::EC2::SecurityGroupIngress",
      "Properties": {
        "GroupId": {
          "Ref": "prepayPrivateCERTCoreInfraSG"
        },
        "IpProtocol": "UDP",
        "FromPort": 123,
        "ToPort": 123,
        "SourceSecurityGroupId": {
          "Ref": "prepayALLCERTPrivateSG"
        },
        "Tags": [
          {
            "Key": "Comment",
            "Value": "Internal TC3 Private All: AD NTP"
          }
        ]
      }
    },
    "PrivateCERTCoreInfraSGIngress17": {
      "Type": "AWS::EC2::SecurityGroupIngress",
      "Properties": {
        "GroupId": {
          "Ref": "prepayPrivateCERTCoreInfraSG"
        },
        "IpProtocol": "TCP",
        "FromPort": 135,
        "ToPort": 135,
        "SourceSecurityGroupId": {
          "Ref": "prepayALLCERTPrivateSG"
        },
        "Tags": [
          {
            "Key": "Comment",
            "Value": "Internal TC3 Private All: WSFC DCOM RPC"
          }
        ]
      }
    },
    "PrivateCERTCoreInfraSGIngress18": {
      "Type": "AWS::EC2::SecurityGroupIngress",
      "Properties": {
        "GroupId": {
          "Ref": "prepayPrivateCERTCoreInfraSG"
        },
        "IpProtocol": "TCP",
        "FromPort": 137,
        "ToPort": 139,
        "SourceSecurityGroupId": {
          "Ref": "prepayALLCERTPrivateSG"
        },
        "Tags": [
          {
            "Key": "Comment",
            "Value": "Internal TC3 Private All: WSFC Netbios NS, datagram, session"
          }
        ]
      }
    },
    "PrivateCERTCoreInfraSGIngress19": {
      "Type": "AWS::EC2::SecurityGroupIngress",
      "Properties": {
        "GroupId": {
          "Ref": "prepayPrivateCERTCoreInfraSG"
        },
        "IpProtocol": "UDP",
        "FromPort": 137,
        "ToPort": 139,
        "SourceSecurityGroupId": {
          "Ref": "prepayALLCERTPrivateSG"
        },
        "Tags": [
          {
            "Key": "Comment",
            "Value": "Internal TC3 Private All: WSFC Netbios NS, datagram, session"
          }
        ]
      }
    },
    "PrivateCERTCoreInfraSGIngress20": {
      "Type": "AWS::EC2::SecurityGroupIngress",
      "Properties": {
        "GroupId": {
          "Ref": "prepayPrivateCERTCoreInfraSG"
        },
        "IpProtocol": "TCP",
        "FromPort": 389,
        "ToPort": 389,
        "SourceSecurityGroupId": {
          "Ref": "prepayALLCERTPrivateSG"
        },
        "Tags": [
          {
            "Key": "Comment",
            "Value": "Internal TC3 Private All: AD LDAP"
          }
        ]
      }
    },
     "PrivateCERTCoreInfraSGIngress21": {
      "Type": "AWS::EC2::SecurityGroupIngress",
      "Properties": {
        "GroupId": {
          "Ref": "prepayPrivateCERTCoreInfraSG"
        },
        "IpProtocol": "UDP",
        "FromPort": 389,
        "ToPort": 389,
        "SourceSecurityGroupId": {
          "Ref": "prepayALLCERTPrivateSG"
        },
        "Tags": [
          {
            "Key": "Comment",
            "Value": "Internal TC3 Private All: AD LDAP"
          }
        ]
      }
    },
    "PrivateCERTCoreInfraSGIngress22": {
      "Type": "AWS::EC2::SecurityGroupIngress",
      "Properties": {
        "GroupId": {
          "Ref": "prepayPrivateCERTCoreInfraSG"
        },
        "IpProtocol": "TCP",
        "FromPort": 445,
        "ToPort": 445,
        "SourceSecurityGroupId": {
          "Ref": "prepayALLCERTPrivateSG"
        },
        "Tags": [
          {
            "Key": "Comment",
            "Value": "Internal TC3 Private All: MS SMB Directory Services"
          }
        ]
      }
    },
    "PrivateCERTCoreInfraSGIngress23": {
      "Type": "AWS::EC2::SecurityGroupIngress",
      "Properties": {
        "GroupId": {
          "Ref": "prepayPrivateCERTCoreInfraSG"
        },
        "IpProtocol": "UDP",
        "FromPort": 445,
        "ToPort": 445,
        "SourceSecurityGroupId": {
          "Ref": "prepayALLCERTPrivateSG"
        },
        "Tags": [
          {
            "Key": "Comment",
            "Value": "Internal TC3 Private All: MS SMB Directory Services"
          }
        ]
      }
    },
    "PrivateCERTCoreInfraSGIngress24": {
      "Type": "AWS::EC2::SecurityGroupIngress",
      "Properties": {
        "GroupId": {
          "Ref": "prepayPrivateCERTCoreInfraSG"
        },
        "IpProtocol": "TCP",
        "FromPort": 464,
        "ToPort": 464,
        "SourceSecurityGroupId": {
          "Ref": "prepayALLCERTPrivateSG"
        },
        "Tags": [
          {
            "Key": "Comment",
            "Value": "Internal TC3 Private All: MS Kerberos Directory Services"
          }
        ]
      }
    },
    "PrivateCERTCoreInfraSGIngress25": {
      "Type": "AWS::EC2::SecurityGroupIngress",
      "Properties": {
        "GroupId": {
          "Ref": "prepayPrivateCERTCoreInfraSG"
        },
        "IpProtocol": "UDP",
        "FromPort": 464,
        "ToPort": 464,
        "SourceSecurityGroupId": {
          "Ref": "prepayALLCERTPrivateSG"
        },
        "Tags": [
          {
            "Key": "Comment",
            "Value": "Internal TC3 Private All: MS Kerberos Directory Services"
          }
        ]
      }
    },
    "PrivateCERTCoreInfraSGIngress26": {
      "Type": "AWS::EC2::SecurityGroupIngress",
      "Properties": {
        "GroupId": {
          "Ref": "prepayPrivateCERTCoreInfraSG"
        },
        "IpProtocol": "TCP",
        "FromPort": 636,
        "ToPort": 636,
        "SourceSecurityGroupId": {
          "Ref": "prepayALLCERTPrivateSG"
        },
        "Tags": [
          {
            "Key": "Comment",
            "Value": "Internal TC3 Private All: AD LDAPS"
          }
        ]
      }
    },
    "PrivateCERTCoreInfraSGIngress27": {
      "Type": "AWS::EC2::SecurityGroupIngress",
      "Properties": {
        "GroupId": {
          "Ref": "prepayPrivateCERTCoreInfraSG"
        },
        "IpProtocol": "TCP",
        "FromPort": 3268,
        "ToPort": 3269,
        "SourceSecurityGroupId": {
          "Ref": "prepayALLCERTPrivateSG"
        },
        "Tags": [
          {
            "Key": "Comment",
            "Value": "Internal TC3 Private All: AD Global Catalog"
          }
        ]
      }
    },
    "PrivateCERTCoreInfraSGIngress28": {
      "Type": "AWS::EC2::SecurityGroupIngress",
      "Properties": {
        "GroupId": {
          "Ref": "prepayPrivateCERTCoreInfraSG"
        },
        "IpProtocol": "UDP",
        "FromPort": 5355,
        "ToPort": 5355,
        "SourceSecurityGroupId": {
          "Ref": "prepayALLCERTPrivateSG"
        },
        "Tags": [
          {
            "Key": "Comment",
            "Value": "Internal TC3 Private All: MS Network Discovery"
          }
        ]
      }
    },
    "PrivateCERTCoreInfraSGIngress29": {
      "Type": "AWS::EC2::SecurityGroupIngress",
      "Properties": {
        "GroupId": {
          "Ref": "prepayPrivateCERTCoreInfraSG"
        },
        "IpProtocol": "TCP",
        "FromPort": 5722,
        "ToPort": 5722,
        "SourceSecurityGroupId": {
          "Ref": "prepayALLCERTPrivateSG"
        },
        "Tags": [
          {
            "Key": "Comment",
            "Value": "Internal TC3 Private All: AD RPC DFSR File Replication"
          }
        ]
      }
    },
    "PrivateCERTCoreInfraSGIngress30": {
      "Type": "AWS::EC2::SecurityGroupIngress",
      "Properties": {
        "GroupId": {
          "Ref": "prepayPrivateCERTCoreInfraSG"
        },
        "IpProtocol": "TCP",
        "FromPort": 9389,
        "ToPort": 9389,
        "SourceSecurityGroupId": {
          "Ref": "prepayALLCERTPrivateSG"
        },
        "Tags": [
          {
            "Key": "Comment",
            "Value": "Internal TC3 Private All: AD DS Web Services"
          }
        ]
      }
    },
    "PrivateCERTCoreInfraSGIngress31": {
      "Type": "AWS::EC2::SecurityGroupIngress",
      "Properties": {
        "GroupId": {
          "Ref": "prepayPrivateCERTCoreInfraSG"
        },
        "IpProtocol": "TCP",
        "FromPort": 49152,
        "ToPort": 65535,
        "SourceSecurityGroupId": {
          "Ref": "prepayALLCERTPrivateSG"
        },
        "Tags": [
          {
            "Key": "Comment",
            "Value": "Internal TC3 Private All: Active Directory"
          }
        ]
      }
    },
    "PrivateCERTCoreInfraSGIngress32": {
      "Type": "AWS::EC2::SecurityGroupIngress",
      "Properties": {
        "GroupId": {
          "Ref": "prepayPrivateCERTCoreInfraSG"
        },
        "IpProtocol": "UDP",
        "FromPort": 49152,
        "ToPort": 65535,
        "SourceSecurityGroupId": {
          "Ref": "prepayALLCERTPrivateSG"
        },
        "Tags": [
          {
            "Key": "Comment",
            "Value": "Internal TC3 Private All: Active Directory"
          }
        ]
      }
    },
    "PrivateCERTCoreInfraSGIngress33": {
      "Type": "AWS::EC2::SecurityGroupIngress",
      "Properties": {
        "GroupId": {
          "Ref": "prepayPrivateCERTCoreInfraSG"
        },
        "IpProtocol": "TCP",
        "FromPort": 10933,
        "ToPort": 10933,
        "CidrIp": "10.201.12.104/32",
        "Tags": [
          {
            "Key": "Comment",
            "Value": "Internal CH Corp: Octopus Tentacle Listener"
          }
        ]
      }
    },
    "PrivateCERTCoreInfraSGIngress34": {
      "Type": "AWS::EC2::SecurityGroupIngress",
      "Properties": {
        "GroupId": {
          "Ref": "prepayPrivateCERTCoreInfraSG"
        },
        "IpProtocol": "TCP",
        "FromPort": 2525,
        "ToPort": 2525,
        "CidrIp": "10.120.44.0/24",
        "Tags": [
          {
            "Key": "Comment",
            "Value": "Test"
          }
        ]
      }
    },
    "PrivateCERTCoreInfraSGIngress35": {
      "Type": "AWS::EC2::SecurityGroupIngress",
      "Properties": {
        "GroupId": {
          "Ref": "prepayPrivateCERTCoreInfraSG"
        },
        "IpProtocol": "TCP",
        "FromPort": 389,
        "ToPort": 389,
        "CidrIp": "10.165.204.0/22",
        "Tags": [
          {
            "Key": "Comment",
            "Value": "Internal LDAP Manager access"
          }
        ]
      }
    },
    "PrivateCERTCoreInfraSGIngress36": {
      "Type": "AWS::EC2::SecurityGroupIngress",
      "Properties": {
        "GroupId": {
          "Ref": "prepayPrivateCERTCoreInfraSG"
        },
        "IpProtocol": "UDP",
        "FromPort": 389,
        "ToPort": 389,
        "CidrIp": "10.165.204.0/22",
        "Tags": [
          {
            "Key": "Comment",
            "Value": "Internal LDAP Manager access"
          }
        ]
      }
    },
    "PrivateCERTCoreInfraSGIngress37": {
      "Type": "AWS::EC2::SecurityGroupIngress",
      "Properties": {
        "GroupId": {
          "Ref": "prepayPrivateCERTCoreInfraSG"
        },
        "IpProtocol": "TCP",
        "FromPort": 389,
        "ToPort": 389,
        "CidrIp": "10.160.204.0/22",
        "Tags": [
          {
            "Key": "Comment",
            "Value": "Internal LDAP Manager access"
          }
        ]
      }
    },
    "PrivateCERTCoreInfraSGIngress38": {
      "Type": "AWS::EC2::SecurityGroupIngress",
      "Properties": {
        "GroupId": {
          "Ref": "prepayPrivateCERTCoreInfraSG"
        },
        "IpProtocol": "UDP",
        "FromPort": 389,
        "ToPort": 389,
        "CidrIp": "10.160.204.0/22",
        "Tags": [
          {
            "Key": "Comment",
            "Value": "Internal LDAP Manager access"
          }
        ]
      }
    },
    "PrivateCERTCoreInfraSGIngress39": {
      "Type": "AWS::EC2::SecurityGroupIngress",
      "Properties": {
        "GroupId": {
          "Ref": "prepayPrivateCERTCoreInfraSG"
        },
        "IpProtocol": "TCP",
        "FromPort": 389,
        "ToPort": 389,
        "CidrIp": "10.140.204.0/22",
        "Tags": [
          {
            "Key": "Comment",
            "Value": "Internal LDAP Manager access"
          }
        ]
      }
    },
    "PrivateCERTCoreInfraSGIngress40": {
      "Type": "AWS::EC2::SecurityGroupIngress",
      "Properties": {
        "GroupId": {
          "Ref": "prepayPrivateCERTCoreInfraSG"
        },
        "IpProtocol": "UDP",
        "FromPort": 389,
        "ToPort": 389,
        "CidrIp": "10.140.204.0/22",
        "Tags": [
          {
            "Key": "Comment",
            "Value": "Internal LDAP Manager access"
          }
        ]
      }
    },
    "prepayPrivateCERTLoadBalancerSG": {
      "Type": "AWS::EC2::SecurityGroup",
      "Properties": {
        "GroupDescription": "Security Group Rules for access to PrivateCERTLoadBalancerSG",
        "VpcId": {
          "Ref": "Vpc"
        },
        "Tags": [
          {
            "Key": "Name",
            "Value": {
              "Fn::Join": [
                "",
                [
                  {
                    "Ref": "TagApplicationname"
                  },
                  "-",
                  "prepayPrivateCERTLoadBalancerSG",
                  "-",
                  "aws"
                ]
              ]
            }
          },
          {
            "Key": "Billing",
            "Value": {
              "Fn::Join": [
                "",
                [
                  {
                    "Ref": "TagBusinessunit"
                  },
                  ".",
                  {
                    "Ref": "TagDepartment"
                  },
                  ".",
                  {
                    "Ref": "TagProduct"
                  },
                  ".",
                  {
                    "Ref": "TagPercent"
                  }
                ]
              ]
            }
          },
          {
            "Key": "Description",
            "Value": {
              "Fn::Join": [
                "",
                [
                  "env=",
                  {
                    "Ref": "TagEnvironment"
                  },
                  "/",
                  "appid=",
                  {
                    "Ref": "TagAppid"
                  },
                  "/",
                  "comp=",
                  {
                    "Ref": "TagComponent"
                  },
                  "/",
                  "monitor=",
                  {
                    "Ref": "TagMonitor"
                  }
                ]
              ]
            }
          }
        ]
      }
    },
    "PrivateCERTLoadBalancerSGIngress0": {
      "Type": "AWS::EC2::SecurityGroupIngress",
      "Properties": {
        "GroupId": {
          "Ref": "prepayPrivateCERTLoadBalancerSG"
        },
        "IpProtocol": "ICMP",
        "FromPort": -1,
        "ToPort": -1,
        "SourceSecurityGroupId": {
          "Ref": "prepayALLCERTPrivateSG"
        },
        "Tags": [
          {
            "Key": "Comment",
            "Value": "Internal TC3 VPC: ICMP health check"
          }
        ]
      }
    },
    "PrivateCERTLoadBalancerSGIngress1": {
      "Type": "AWS::EC2::SecurityGroupIngress",
      "Properties": {
        "GroupId": {
          "Ref": "prepayPrivateCERTLoadBalancerSG"
        },
        "IpProtocol": "ICMP",
        "FromPort": -1,
        "ToPort": -1,
        "CidrIp": "10.165.104.0/22",
        "Tags": [
          {
            "Key": "Comment",
            "Value": "Emdeon VDI segment: ICMP health check"
          }
        ]
      }
    },
    "PrivateCERTLoadBalancerSGIngress2": {
      "Type": "AWS::EC2::SecurityGroupIngress",
      "Properties": {
        "GroupId": {
          "Ref": "prepayPrivateCERTLoadBalancerSG"
        },
        "IpProtocol": "TCP",
        "FromPort": 443,
        "ToPort": 443,
        "SourceSecurityGroupId": {
          "Ref": "prepayALLCERTPrivateSG"
        },
        "Tags": [
          {
            "Key": "Comment",
            "Value": "Internal TC3 VPC: HTTPS for chef web traffic"
          }
        ]
      }
    },
    "PrivateCERTLoadBalancerSGIngress3": {
      "Type": "AWS::EC2::SecurityGroupIngress",
      "Properties": {
        "GroupId": {
          "Ref": "prepayPrivateCERTLoadBalancerSG"
        },
        "IpProtocol": "TCP",
        "FromPort": 443,
        "ToPort": 443,
        "CidrIp": "1.1.1.1/32",
        "Tags": [
          {
            "Key": "Comment",
            "Value": "Emdeon Datacenter loadbalancer: HTTPS for web traffic"
          }
        ]
      }
    },
    "PrivateCERTLoadBalancerSGIngress4": {
      "Type": "AWS::EC2::SecurityGroupIngress",
      "Properties": {
        "GroupId": {
          "Ref": "prepayPrivateCERTLoadBalancerSG"
        },
        "IpProtocol": "TCP",
        "FromPort": 22,
        "ToPort": 22,
        "CidrIp": "1.1.1.1/32",
        "Tags": [
          {
            "Key": "Comment",
            "Value": "Emdeon Datacenter loadbalancer: SSH for SFTP"
          }
        ]
      }
    },
    "PrivateCERTLoadBalancerSGIngress5": {
      "Type": "AWS::EC2::SecurityGroupIngress",
      "Properties": {
        "GroupId": {
          "Ref": "prepayPrivateCERTLoadBalancerSG"
        },
        "IpProtocol": "TCP",
        "FromPort": 8443,
        "ToPort": 8449,
        "SourceSecurityGroupId": {
          "Ref": "prepayALLCERTPrivateSG"
        },
        "Tags": [
          {
            "Key": "Comment",
            "Value": "Internal TC3 HTTPS for application web traffic"
          }
        ]
      }
    },
    "PrivateCERTLoadBalancerSGIngress7": {
      "Type": "AWS::EC2::SecurityGroupIngress",
      "Properties": {
        "GroupId": {
          "Ref": "prepayPrivateCERTLoadBalancerSG"
        },
        "IpProtocol": "TCP",
        "FromPort": 18443,
        "ToPort": 18446,
        "SourceSecurityGroupId": {
          "Ref": "prepayALLCERTPrivateSG"
        },
        "Tags": [
          {
            "Key": "Comment",
            "Value": "Internal TC3 HTTPS for application web traffic"
          }
        ]
      }
    },
    "PrivateCERTLoadBalancerSGIngress9": {
      "Type": "AWS::EC2::SecurityGroupIngress",
      "Properties": {
        "GroupId": {
          "Ref": "prepayPrivateCERTLoadBalancerSG"
        },
        "IpProtocol": "TCP",
        "FromPort": 18443,
        "ToPort": 18446,
        "CidrIp": "10.0.0.0/8",
        "Tags": [
          {
            "Key": "Comment",
            "Value": "ALL CHC Internal: TC3 HTTPS for application web traffic"
          }
        ]
      }
    },
    "PrivateCERTLoadBalancerSGIngress10": {
      "Type": "AWS::EC2::SecurityGroupIngress",
      "Properties": {
        "GroupId": {
          "Ref": "prepayPrivateCERTLoadBalancerSG"
        },
        "IpProtocol": "TCP",
        "FromPort": 443,
        "ToPort": 443,
        "CidrIp": "10.0.0.0/8",
        "Tags": [
          {
            "Key": "Comment",
            "Value": "ALL CHC Internal: TC3 HTTPS for application web traffic"
          }
        ]
      }
    },
    "PrivateCERTLoadBalancerSGIngress11": {
      "Type": "AWS::EC2::SecurityGroupIngress",
      "Properties": {
        "GroupId": {
          "Ref": "prepayPrivateCERTLoadBalancerSG"
        },
        "IpProtocol": "TCP",
        "FromPort": 8443,
        "ToPort": 8449,
        "CidrIp": "10.0.0.0/8",
        "Tags": [
          {
            "Key": "Comment",
            "Value": "ALL CHC Internal: TC3 HTTPS for application web traffic"
          }
        ]
      }
    },
    "prepayALLCERTPrivateSG": {
      "Type": "AWS::EC2::SecurityGroup",
      "Properties": {
        "GroupDescription": "Security Group Rules for access to ALLCERTPrivateSG",
        "VpcId": {
          "Ref": "Vpc"
        },
        "Tags": [
          {
            "Key": "Name",
            "Value": {
              "Fn::Join": [
                "",
                [
                  {
                    "Ref": "TagApplicationname"
                  },
                  "-",
                  "prepayALLCERTPrivateSG",
                  "-",
                  "aws"
                ]
              ]
            }
          },
          {
            "Key": "Billing",
            "Value": {
              "Fn::Join": [
                "",
                [
                  {
                    "Ref": "TagBusinessunit"
                  },
                  ".",
                  {
                    "Ref": "TagDepartment"
                  },
                  ".",
                  {
                    "Ref": "TagProduct"
                  },
                  ".",
                  {
                    "Ref": "TagPercent"
                  }
                ]
              ]
            }
          },
          {
            "Key": "Description",
            "Value": {
              "Fn::Join": [
                "",
                [
                  "env=",
                  {
                    "Ref": "TagEnvironment"
                  },
                  "/",
                  "appid=",
                  {
                    "Ref": "TagAppid"
                  },
                  "/",
                  "comp=",
                  {
                    "Ref": "TagComponent"
                  },
                  "/",
                  "monitor=",
                  {
                    "Ref": "TagMonitor"
                  }
                ]
              ]
            }
          }
        ]
      }
    },    
     "ALLCERTPrivateSGIngress0": {
      "Type": "AWS::EC2::SecurityGroupIngress",
      "Properties": {
        "GroupId": {
          "Ref": "prepayALLCERTPrivateSG"
        },
        "IpProtocol": "ICMP",
        "FromPort": -1,
        "ToPort": -1,
        "CidrIp": "10.165.104.0/22",
        "Tags": [
          {
            "Key": "Comment",
            "Value": "Emdeon VDI segment: ICMP for test and administration"
          }
        ]
      }
    },
    "ALLCERTPrivateSGIngress1": {
      "Type": "AWS::EC2::SecurityGroupIngress",
      "Properties": {
        "GroupId": {
          "Ref": "prepayALLCERTPrivateSG"
        },
        "IpProtocol": "TCP",
        "FromPort": 22,
        "ToPort": 22,
        "CidrIp": "10.165.104.0/22",
        "Tags": [
          {
            "Key": "Comment",
            "Value": "Emdeon VDI segment: SSH for test and administration"
          }
        ]
      }
    },
    "ALLCERTPrivateSGIngress2": {
      "Type": "AWS::EC2::SecurityGroupIngress",
      "Properties": {
        "GroupId": {
          "Ref": "prepayALLCERTPrivateSG"
        },
        "IpProtocol": "TCP",
        "FromPort": 443,
        "ToPort": 443,
        "CidrIp": "10.165.104.0/22",
        "Tags": [
          {
            "Key": "Comment",
            "Value": "Emdeon VDI segment: HTTPS for test"
          }
        ]
      }
    },
    "ALLCERTPrivateSGIngress3": {
      "Type": "AWS::EC2::SecurityGroupIngress",
      "Properties": {
        "GroupId": {
          "Ref": "prepayALLCERTPrivateSG"
        },
        "IpProtocol": "TCP",
        "FromPort": 1433,
        "ToPort": 1433,
        "CidrIp": "10.165.104.0/22",
        "Tags": [
          {
            "Key": "Comment",
            "Value": "Emdeon VDI segment: MSSQL for test"
          }
        ]
      }
    },
    "ALLCERTPrivateSGIngress4": {
      "Type": "AWS::EC2::SecurityGroupIngress",
      "Properties": {
        "GroupId": {
          "Ref": "prepayALLCERTPrivateSG"
        },
        "IpProtocol": "TCP",
        "FromPort": 3389,
        "ToPort": 3389,
        "CidrIp": "10.165.104.0/22",
        "Tags": [
          {
            "Key": "Comment",
            "Value": "Emdeon VDI segment: RDP for test and administration"
          }
        ]
      }
    },
    "ALLCERTPrivateSGIngress5": {
      "Type": "AWS::EC2::SecurityGroupIngress",
      "Properties": {
        "GroupId": {
          "Ref": "prepayALLCERTPrivateSG"
        },
        "IpProtocol": "TCP",
        "FromPort": 135,
        "ToPort": 135,
        "CidrIp": "10.165.104.0/22",
        "Tags": [
          {
            "Key": "Comment",
            "Value": "Emdeon VDI segment: DCOM RPC"
          }
        ]
      }
    },
    "ALLCERTPrivateSGIngress6": {
      "Type": "AWS::EC2::SecurityGroupIngress",
      "Properties": {
        "GroupId": {
          "Ref": "prepayALLCERTPrivateSG"
        },
        "IpProtocol": "TCP",
        "FromPort": 139,
        "ToPort": 139,
        "CidrIp": "10.165.104.0/22",
        "Tags": [
          {
            "Key": "Comment",
            "Value": "Emdeon VDI segment: Netbios NS, datagram, session for administration"
          }
        ]
      }
    },
    "ALLCERTPrivateSGIngress7": {
      "Type": "AWS::EC2::SecurityGroupIngress",
      "Properties": {
        "GroupId": {
          "Ref": "prepayALLCERTPrivateSG"
        },
        "IpProtocol": "TCP",
        "FromPort": 445,
        "ToPort": 445,
        "CidrIp": "10.165.104.0/22",
        "Tags": [
          {
            "Key": "Comment",
            "Value": "Emdeon VDI segment: MS SMB Directory Services"
          }
        ]
      }
    },
    "ALLCERTPrivateSGIngress8": {
      "Type": "AWS::EC2::SecurityGroupIngress",
      "Properties": {
        "GroupId": {
          "Ref": "prepayALLCERTPrivateSG"
        },
        "IpProtocol": "TCP",
        "FromPort": 22,
        "ToPort": 22,
        "CidrIp": "10.255.100.15/32",
        "Tags": [
          {
            "Key": "Comment",
            "Value": "Emdeon cmmercdev01: SSH for test and administration"
          }
        ]
      }
    },
    "ALLCERTPrivateSGIngress9": {
      "Type": "AWS::EC2::SecurityGroupIngress",
      "Properties": {
        "GroupId": {
          "Ref": "prepayALLCERTPrivateSG"
        },
        "IpProtocol": "TCP",
        "FromPort": 443,
        "ToPort": 443,
        "CidrIp": "10.255.100.15/32",
        "Tags": [
          {
            "Key": "Comment",
            "Value": "Emdeon cmmercdev01: HTTPS for test"
          }
        ]
      }
    },
    "ALLCERTPrivateSGIngress10": {
      "Type": "AWS::EC2::SecurityGroupIngress",
      "Properties": {
        "GroupId": {
          "Ref": "prepayALLCERTPrivateSG"
        },
        "IpProtocol": "TCP",
        "FromPort": 3389,
        "ToPort": 3389,
        "CidrIp": "10.255.100.15/32",
        "Tags": [
          {
            "Key": "Comment",
            "Value": "Emdeon cmmercdev01: RDP for test and administration"
          }
        ]
      }
    },
    "ALLCERTPrivateSGIngress11": {
      "Type": "AWS::EC2::SecurityGroupIngress",
      "Properties": {
        "GroupId": {
          "Ref": "prepayALLCERTPrivateSG"
        },
        "IpProtocol": "TCP",
        "FromPort": 22,
        "ToPort": 22,
        "CidrIp": "10.255.81.13/32",
        "Tags": [
          {
            "Key": "Comment",
            "Value": "Emdeon irv01wtxsvr01: SSH for test and administration"
          }
        ]
      }
    },
    "ALLCERTPrivateSGIngress12": {
      "Type": "AWS::EC2::SecurityGroupIngress",
      "Properties": {
        "GroupId": {
          "Ref": "prepayALLCERTPrivateSG"
        },
        "IpProtocol": "TCP",
        "FromPort": 443,
        "ToPort": 443,
        "CidrIp": "10.255.81.13/32",
        "Tags": [
          {
            "Key": "Comment",
            "Value": "Emdeon irv01wtxsvr01: HTTPS for test"
          }
        ]
      }
    },
    "ALLCERTPrivateSGIngress13": {
      "Type": "AWS::EC2::SecurityGroupIngress",
      "Properties": {
        "GroupId": {
          "Ref": "prepayALLCERTPrivateSG"
        },
        "IpProtocol": "TCP",
        "FromPort": 3389,
        "ToPort": 3389,
        "CidrIp": "10.255.81.13/32",
        "Tags": [
          {
            "Key": "Comment",
            "Value": "Emdeon irv01wtxsvr01: RDP for test and administration"
          }
        ]
      }
    },
    "ALLCERTPrivateSGIngress14": {
      "Type": "AWS::EC2::SecurityGroupIngress",
      "Properties": {
        "GroupId": {
          "Ref": "prepayALLCERTPrivateSG"
        },
        "IpProtocol": "TCP",
        "FromPort": 22,
        "ToPort": 22,
        "CidrIp": "10.145.80.0/21",
        "Tags": [
          {
            "Key": "Comment",
            "Value": "Emdeon VPN: SSH for test and administration"
          }
        ]
      }
    },
    "ALLCERTPrivateSGIngress15": {
      "Type": "AWS::EC2::SecurityGroupIngress",
      "Properties": {
        "GroupId": {
          "Ref": "prepayALLCERTPrivateSG"
        },
        "IpProtocol": "TCP",
        "FromPort": 443,
        "ToPort": 443,
        "CidrIp": "10.145.80.0/21",
        "Tags": [
          {
            "Key": "Comment",
            "Value": "Emdeon VPN: HTTPS for test"
          }
        ]
      }
    },
    "ALLCERTPrivateSGIngress16": {
      "Type": "AWS::EC2::SecurityGroupIngress",
      "Properties": {
        "GroupId": {
          "Ref": "prepayALLCERTPrivateSG"
        },
        "IpProtocol": "TCP",
        "FromPort": 3389,
        "ToPort": 3389,
        "CidrIp": "10.145.80.0/21",
        "Tags": [
          {
            "Key": "Comment",
            "Value": "Emdeon VPN: RDP for test and administration"
          }
        ]
      }
    },
    "ALLCERTPrivateSGIngress17": {
      "Type": "AWS::EC2::SecurityGroupIngress",
      "Properties": {
        "GroupId": {
          "Ref": "prepayALLCERTPrivateSG"
        },
        "IpProtocol": "ICMP",
        "FromPort": -1,
        "ToPort": -1,
        "CidrIp": "10.165.43.0/24",
        "Tags": [
          {
            "Key": "Comment",
            "Value": "Emdeon VPN segment: ICMP for test and administration"
          }
        ]
      }
    },
    "ALLCERTPrivateSGIngress18": {
      "Type": "AWS::EC2::SecurityGroupIngress",
      "Properties": {
        "GroupId": {
          "Ref": "prepayALLCERTPrivateSG"
        },
        "IpProtocol": "TCP",
        "FromPort": 22,
        "ToPort": 22,
        "CidrIp": "10.165.43.0/24",
        "Tags": [
          {
            "Key": "Comment",
            "Value": "Emdeon VPN segment: SSH for test and administration"
          }
        ]
      }
    },
    "ALLCERTPrivateSGIngress19": {
      "Type": "AWS::EC2::SecurityGroupIngress",
      "Properties": {
        "GroupId": {
          "Ref": "prepayALLCERTPrivateSG"
        },
        "IpProtocol": "TCP",
        "FromPort": 443,
        "ToPort": 443,
        "CidrIp": "10.165.43.0/24",
        "Tags": [
          {
            "Key": "Comment",
            "Value": "Emdeon VPN segment: HTTPS for test"
          }
        ]
      }
    },
    "ALLCERTPrivateSGIngress20": {
      "Type": "AWS::EC2::SecurityGroupIngress",
      "Properties": {
        "GroupId": {
          "Ref": "prepayALLCERTPrivateSG"
        },
        "IpProtocol": "TCP",
        "FromPort": 3389,
        "ToPort": 3389,
        "CidrIp": "10.165.43.0/24",
        "Tags": [
          {
            "Key": "Comment",
            "Value": "Emdeon VPN segment: RDP for test and administration"
          }
        ]
      }
    },
     "ALLCERTPrivateSGIngress21": {
      "Type": "AWS::EC2::SecurityGroupIngress",
      "Properties": {
        "GroupId": {
          "Ref": "prepayALLCERTPrivateSG"
        },
        "IpProtocol": "ICMP",
        "FromPort": -1,
        "ToPort": -1,
        "CidrIp": "10.165.24.0/24",
        "Tags": [
          {
            "Key": "Comment",
            "Value": "Emdeon PE desktop segment: ICMP for test and administration"
          }
        ]
      }
    },
    "ALLCERTPrivateSGIngress22": {
      "Type": "AWS::EC2::SecurityGroupIngress",
      "Properties": {
        "GroupId": {
          "Ref": "prepayALLCERTPrivateSG"
        },
        "IpProtocol": "TCP",
        "FromPort": 22,
        "ToPort": 22,
        "CidrIp": "10.165.24.0/24",
        "Tags": [
          {
            "Key": "Comment",
            "Value": "Emdeon PE desktop segment: SSH for test and administration"
          }
        ]
      }
    },
    "ALLCERTPrivateSGIngress23": {
      "Type": "AWS::EC2::SecurityGroupIngress",
      "Properties": {
        "GroupId": {
          "Ref": "prepayALLCERTPrivateSG"
        },
        "IpProtocol": "TCP",
        "FromPort": 443,
        "ToPort": 443,
        "CidrIp": "10.165.24.0/24",
        "Tags": [
          {
            "Key": "Comment",
            "Value": "Emdeon PE desktop segment: HTTPS for test"
          }
        ]
      }
    },
    "ALLCERTPrivateSGIngress24": {
      "Type": "AWS::EC2::SecurityGroupIngress",
      "Properties": {
        "GroupId": {
          "Ref": "prepayALLCERTPrivateSG"
        },
        "IpProtocol": "TCP",
        "FromPort": 3389,
        "ToPort": 3389,
        "CidrIp": "10.165.24.0/24",
        "Tags": [
          {
            "Key": "Comment",
            "Value": "Emdeon PE desktop segment: RDP for test and administration"
          }
        ]
      }
    },
    "ALLCERTPrivateSGIngress25": {
      "Type": "AWS::EC2::SecurityGroupIngress",
      "Properties": {
        "GroupId": {
          "Ref": "prepayALLCERTPrivateSG"
        },
        "IpProtocol": "TCP",
        "FromPort": 8888,
        "ToPort": 8888,
        "CidrIp": "10.165.104.0/22",
        "Tags": [
          {
            "Key": "Comment",
            "Value": "Internal CH Self Service Password tool"
          }
        ]
      }
    },
    "ALLCERTPrivateSGIngress26": {
      "Type": "AWS::EC2::SecurityGroupIngress",
      "Properties": {
        "GroupId": {
          "Ref": "prepayALLCERTPrivateSG"
        },
        "IpProtocol": "TCP",
        "FromPort": 443,
        "ToPort": 443,
        "CidrIp": "10.120.34.0/24",
        "Tags": [
          {
            "Key": "Comment",
            "Value": "Emdeon QA desktop segment: HTTPS from TC3 Minnesota "
          }
        ]
      }
    },
    "ALLCERTPrivateSGIngress27": {
      "Type": "AWS::EC2::SecurityGroupIngress",
      "Properties": {
        "GroupId": {
          "Ref": "prepayALLCERTPrivateSG"
        },
        "IpProtocol": "TCP",
        "FromPort": 3389,
        "ToPort": 3389,
        "CidrIp": "10.120.34.0/24",
        "Tags": [
          {
            "Key": "Comment",
            "Value": "Emdeon QA desktop segment: RDP from TC3 Minnesota "
          }
        ]
      }
    }
  }
}
