{
  "AWSTemplateFormatVersion": "2010-09-09",
  "Parameters": {
    "Creator": {
      "Default": "prepaydeployer",
      "Description": "Creator of stack",
      "Type": "String"
    },      
    "TagBusinessunit": {
      "Type": "String",
      "Default": "IT-Payment Integrity"
    },
    "TagDepartment": {
      "Type": "String",
      "Default": "AB1-PI IT TC3"
    },
    "TagProduct": {
      "Type": "String",
      "Default": "Payment Integrity: Pre-Pay"
    },
    "TagPercent": {
      "Type": "String",
      "Default": "100"
    },
    "TagApplicationname": {
      "Type": "String",
      "Default": "prepay"
    },
    "TagAppid": {
      "Type": "String",
      "Default": "555"
    },
    "TagMonitor": {
      "Type": "String",
      "Default": "false",
      "AllowedValues": [
        "true",
        "false"
      ]
    },
    "TagEnvironment": {
      "Type": "String",
      "Description": "One of only: %w(DEV QA CERT TEST NONPROD MGMT DR PROD IMP)",
      "Default": "PROD",
      "AllowedValues": [
        "DEV",
        "QA",
        "CERT",
        "TEST",
        "NONPROD",
        "MGMT",
        "DR",
        "PROD",
        "IMP"
      ]
    },
    "TagComponent": {
      "Description": "The sub-component piece of the application stack (part of the AWS tag Description)",
      "Type": "String",
      "Default": "AWSVPC"
    },
    "Vpc": {
      "Description": "VPC ID",
      "Type": "String",
      "Default": "vpc-ca75e4ac"
    },
    "VpcCidr": {
      "Description": "VPC Subnet",
      "Type": "String",
      "Default": "10.223.96.0/20"
    }
  },
  "Outputs": {
    "Creator": {
      "Value": {
        "Ref": "Creator"
      }
    },
    "TagBusinessunit": {
      "Value": {
        "Ref": "TagBusinessunit"
      }
    },
    "TagDepartment": {
      "Value": {
        "Ref": "TagDepartment"
      }
    },
    "TagProduct": {
      "Value": {
        "Ref": "TagProduct"
      }
    },
    "TagPercent": {
      "Value": {
        "Ref": "TagPercent"
      }
    },
    "TagApplicationname": {
      "Value": {
        "Ref": "TagApplicationname"
      }
    },
    "TagAppid": {
      "Value": {
        "Ref": "TagAppid"
      }
    },
    "TagMonitor": {
      "Value": {
        "Ref": "TagMonitor"
      }
    },
    "TagEnvironment": {
      "Value": {
        "Ref": "TagEnvironment"
      }
    },
    "TagComponent": {
      "Value": {
        "Ref": "TagComponent"
      }
    },
    "Vpc": {
      "Value": {
        "Ref": "Vpc"
      }
    },
    "VpcCidr": {
      "Value": {
        "Ref": "VpcCidr"
      }
    }         
  },
  "Description": "PROD SecurityGroups and Firewall Rules",
  "Resources": {
    "prepayPrivatePRODFTPSG": {
      "Type": "AWS::EC2::SecurityGroup",
      "Properties": {
        "GroupDescription": "Security Group Rules for access to PrivatePRODFTPSG",
        "VpcId": {
          "Ref": "Vpc"
        },
        "Tags": [
          {
            "Key": "Name",
            "Value": {
              "Fn::Join": [
                "",
                [
                  {
                    "Ref": "TagApplicationname"
                  },
                  "-",
                  "prepayPrivatePRODFTPSG",
                  "-",
                  "aws"
                ]
              ]
            }
          },
          {
            "Key": "Billing",
            "Value": {
              "Fn::Join": [
                "",
                [
                  {
                    "Ref": "TagBusinessunit"
                  },
                  ".",
                  {
                    "Ref": "TagDepartment"
                  },
                  ".",
                  {
                    "Ref": "TagProduct"
                  },
                  ".",
                  {
                    "Ref": "TagPercent"
                  }
                ]
              ]
            }
          },
          {
            "Key": "Description",
            "Value": {
              "Fn::Join": [
                "",
                [
                  "env=",
                  {
                    "Ref": "TagEnvironment"
                  },
                  "/",
                  "appid=",
                  {
                    "Ref": "TagAppid"
                  },
                  "/",
                  "comp=",
                  {
                    "Ref": "TagComponent"
                  },
                  "/",
                  "monitor=",
                  {
                    "Ref": "TagMonitor"
                  }
                ]
              ]
            }
          }
        ]
      }
    }, 
     "PrivatePRODFTPSGIngress0": {
      "Type": "AWS::EC2::SecurityGroupIngress",
      "Properties": {
        "GroupId": {
          "Ref": "prepayPrivatePRODFTPSG"
        },
        "IpProtocol": "ICMP",
        "FromPort": -1,
        "ToPort": -1,
        "SourceSecurityGroupId": {
          "Ref": "prepayALLPRODPrivateSG"
        },
        "Tags": [
          {
            "Key": "Comment",
            "Value": "Internal TC3: All ICMP traffic to itself"
          }
        ]
      }
    },
    "PrivatePRODFTPSGIngress1": {
      "Type": "AWS::EC2::SecurityGroupIngress",
      "Properties": {
        "GroupId": {
          "Ref": "prepayPrivatePRODFTPSG"
        },
        "IpProtocol": "TCP",
        "FromPort": 1,
        "ToPort": 65535,
        "SourceSecurityGroupId": {
          "Ref": "prepayPrivatePRODFTPSG"
        },
        "Tags": [
          {
            "Key": "Comment",
            "Value": "Internal TC3: All IP traffic to itself"
          }
        ]
      }
    },
    "PrivatePRODFTPSGIngress2": {
      "Type": "AWS::EC2::SecurityGroupIngress",
      "Properties": {
        "GroupId": {
          "Ref": "prepayPrivatePRODFTPSG"
        },
        "IpProtocol": "UDP",
        "FromPort": 1,
        "ToPort": 65535,
        "SourceSecurityGroupId": {
          "Ref": "prepayPrivatePRODFTPSG"
        },
        "Tags": [
          {
            "Key": "Comment",
            "Value": "Internal TC3: All IP traffic to itself"
          }
        ]
      }
    },
    "PrivatePRODFTPSGIngress3": {
      "Type": "AWS::EC2::SecurityGroupIngress",
      "Properties": {
        "GroupId": {
          "Ref": "prepayPrivatePRODFTPSG"
        },
        "IpProtocol": "ICMP",
        "FromPort": -1,
        "ToPort": -1,
        "SourceSecurityGroupId": {
          "Ref": "prepayPrivatePRODLoadBalancerSG"
        },
        "Tags": [
          {
            "Key": "Comment",
            "Value": "Internal TC3 Loadbalancer: ICMP for healthcheck"
          }
        ]
      }
    },
    "PrivatePRODFTPSGIngress4": {
      "Type": "AWS::EC2::SecurityGroupIngress",
      "Properties": {
        "GroupId": {
          "Ref": "prepayPrivatePRODFTPSG"
        },
        "IpProtocol": "TCP",
        "FromPort": 443,
        "ToPort": 443,
        "SourceSecurityGroupId": {
          "Ref": "prepayPrivatePRODLoadBalancerSG"
        },
        "Tags": [
          {
            "Key": "Comment",
            "Value": "Internal TC3 Loadbalancer: HTTPS for web traffic"
          }
        ]
      }
    },
    "PrivatePRODFTPSGIngress5": {
      "Type": "AWS::EC2::SecurityGroupIngress",
      "Properties": {
        "GroupId": {
          "Ref": "prepayPrivatePRODFTPSG"
        },
        "IpProtocol": "UDP",
        "FromPort": 443,
        "ToPort": 443,
        "SourceSecurityGroupId": {
          "Ref": "prepayPrivatePRODLoadBalancerSG"
        },
        "Tags": [
          {
            "Key": "Comment",
            "Value": "Internal TC3 Loadbalancer: HTTPS for web traffic"
          }
        ]
      }
    },
    "PrivatePRODFTPSGIngress6": {
      "Type": "AWS::EC2::SecurityGroupIngress",
      "Properties": {
        "GroupId": {
          "Ref": "prepayPrivatePRODFTPSG"
        },
        "IpProtocol": "TCP",
        "FromPort": 22,
        "ToPort": 22,
        "SourceSecurityGroupId": {
          "Ref": "prepayPrivatePRODLoadBalancerSG"
        },
        "Tags": [
          {
            "Key": "Comment",
            "Value": "Internal TC3 Loadbalancer: SSH for SFTP"
          }
        ]
      }
    },
    "PrivatePRODFTPSGIngress7": {
      "Type": "AWS::EC2::SecurityGroupIngress",
      "Properties": {
        "GroupId": {
          "Ref": "prepayPrivatePRODFTPSG"
        },
        "IpProtocol": "UDP",
        "FromPort": 22,
        "ToPort": 22,
        "SourceSecurityGroupId": {
          "Ref": "prepayPrivatePRODLoadBalancerSG"
        },
        "Tags": [
          {
            "Key": "Comment",
            "Value": "Internal TC3 Loadbalancer: SSH for SFTP"
          }
        ]
      }
    },
    "PrivatePRODFTPSGIngress8": {
      "Type": "AWS::EC2::SecurityGroupIngress",
      "Properties": {
        "GroupId": {
          "Ref": "prepayPrivatePRODFTPSG"
        },
        "IpProtocol": "TCP",
        "FromPort": 10933,
        "ToPort": 10933,
        "CidrIp": "10.201.12.104/32",
        "Tags": [
          {
            "Key": "Comment",
            "Value": "Internal CH Corp: Octopus Tentacle Listener"
          }
        ]
      }
    },
    "prepayPrivatePRODWebSG": {
      "Type": "AWS::EC2::SecurityGroup",
      "Properties": {
        "GroupDescription": "Security Group Rules for access to PrivatePRODWebSG",
        "VpcId": {
          "Ref": "Vpc"
        },
        "Tags": [
          {
            "Key": "Name",
            "Value": {
              "Fn::Join": [
                "",
                [
                  {
                    "Ref": "TagApplicationname"
                  },
                  "-",
                  "prepayPrivatePRODWebSG",
                  "-",
                  "aws"
                ]
              ]
            }
          },
          {
            "Key": "Billing",
            "Value": {
              "Fn::Join": [
                "",
                [
                  {
                    "Ref": "TagBusinessunit"
                  },
                  ".",
                  {
                    "Ref": "TagDepartment"
                  },
                  ".",
                  {
                    "Ref": "TagProduct"
                  },
                  ".",
                  {
                    "Ref": "TagPercent"
                  }
                ]
              ]
            }
          },
          {
            "Key": "Description",
            "Value": {
              "Fn::Join": [
                "",
                [
                  "env=",
                  {
                    "Ref": "TagEnvironment"
                  },
                  "/",
                  "appid=",
                  {
                    "Ref": "TagAppid"
                  },
                  "/",
                  "comp=",
                  {
                    "Ref": "TagComponent"
                  },
                  "/",
                  "monitor=",
                  {
                    "Ref": "TagMonitor"
                  }
                ]
              ]
            }
          }
        ]
      }
    },   
    "PrivatePRODWebSGIngress0": {
      "Type": "AWS::EC2::SecurityGroupIngress",
      "Properties": {
        "GroupId": {
          "Ref": "prepayPrivatePRODWebSG"
        },
        "IpProtocol": "ICMP",
        "FromPort": -1,
        "ToPort": -1,
        "SourceSecurityGroupId": {
          "Ref": "prepayALLPRODPrivateSG"
        },
        "Tags": [
          {
            "Key": "Comment",
            "Value": "Internal TC3: All ICMP traffic to itself"
          }
        ]
      }
    },
    "PrivatePRODWebSGIngress1": {
      "Type": "AWS::EC2::SecurityGroupIngress",
      "Properties": {
        "GroupId": {
          "Ref": "prepayPrivatePRODWebSG"
        },
        "IpProtocol": "TCP",
        "FromPort": 1,
        "ToPort": 65535,
        "SourceSecurityGroupId": {
          "Ref": "prepayPrivatePRODWebSG"
        },
        "Tags": [
          {
            "Key": "Comment",
            "Value": "Internal TC3: All IP traffic to itself"
          }
        ]
      }
    },
    "PrivatePRODWebSGIngress2": {
      "Type": "AWS::EC2::SecurityGroupIngress",
      "Properties": {
        "GroupId": {
          "Ref": "prepayPrivatePRODWebSG"
        },
        "IpProtocol": "UDP",
        "FromPort": 1,
        "ToPort": 65535,
        "SourceSecurityGroupId": {
          "Ref": "prepayPrivatePRODWebSG"
        },
        "Tags": [
          {
            "Key": "Comment",
            "Value": "Internal TC3: All IP traffic to itself"
          }
        ]
      }
    },
    "PrivatePRODWebSGIngress3": {
      "Type": "AWS::EC2::SecurityGroupIngress",
      "Properties": {
        "GroupId": {
          "Ref": "prepayPrivatePRODWebSG"
        },
        "IpProtocol": "TCP",
        "FromPort": 80,
        "ToPort": 80,
        "SourceSecurityGroupId": {
          "Ref": "prepayALLPRODPrivateSG"
        },
        "Tags": [
          {
            "Key": "Comment",
            "Value": "Internal TC3 HTTP for test application web traffic"
          }
        ]
      }
    },
    "PrivatePRODWebSGIngress4": {
      "Type": "AWS::EC2::SecurityGroupIngress",
      "Properties": {
        "GroupId": {
          "Ref": "prepayPrivatePRODWebSG"
        },
        "IpProtocol": "TCP",
        "FromPort": 443,
        "ToPort": 443,
        "SourceSecurityGroupId": {
          "Ref": "prepayALLPRODPrivateSG"
        },
        "Tags": [
          {
            "Key": "Comment",
            "Value": "Internal TC3 HTTPS for test application web traffic"
          }
        ]
      }
    },
    "PrivatePRODWebSGIngress6": {
      "Type": "AWS::EC2::SecurityGroupIngress",
      "Properties": {
        "GroupId": {
          "Ref": "prepayPrivatePRODWebSG"
        },
        "IpProtocol": "TCP",
        "FromPort": 443,
        "ToPort": 443,
        "SourceSecurityGroupId": {
          "Ref": "prepayPrivatePRODLoadBalancerSG"
        },
        "Tags": [
          {
            "Key": "Comment",
            "Value": "Internal TC3 Loadbalancer: HTTPS for chef web traffic"
          }
        ]
      }
    },
    "PrivatePRODWebSGIngress7": {
      "Type": "AWS::EC2::SecurityGroupIngress",
      "Properties": {
        "GroupId": {
          "Ref": "prepayPrivatePRODWebSG"
        },
        "IpProtocol": "TCP",
        "FromPort": 443,
        "ToPort": 443,
        "CidrIp": "10.165.104.0/22",
        "Tags": [
          {
            "Key": "Comment",
            "Value": "Emdeon VDI segment: HTTPS for application web traffic"
          }
        ]
      }
    },
    "PrivatePRODWebSGIngress8": {
      "Type": "AWS::EC2::SecurityGroupIngress",
      "Properties": {
        "GroupId": {
          "Ref": "prepayPrivatePRODWebSG"
        },
        "IpProtocol": "TCP",
        "FromPort": 443,
        "ToPort": 443,
        "CidrIp": "10.165.43.0/24",
        "Tags": [
          {
            "Key": "Comment",
            "Value": "Emdeon VPN segment: HTTPS for application web traffic"
          }
        ]
      }
    },
    "PrivatePRODWebSGIngress9": {
      "Type": "AWS::EC2::SecurityGroupIngress",
      "Properties": {
        "GroupId": {
          "Ref": "prepayPrivatePRODWebSG"
        },
        "IpProtocol": "TCP",
        "FromPort": 4018,
        "ToPort": 4019,
        "CidrIp": "10.165.104.0/22",
        "Tags": [
          {
            "Key": "Comment",
            "Value": "Emdeon VDI segment: VisualStudio Remote Debugger"
          }
        ]
      }
    },
    "PrivatePRODWebSGIngress10": {
      "Type": "AWS::EC2::SecurityGroupIngress",
      "Properties": {
        "GroupId": {
          "Ref": "prepayPrivatePRODWebSG"
        },
        "IpProtocol": "TCP",
        "FromPort": 8443,
        "ToPort": 8449,
        "SourceSecurityGroupId": {
          "Ref": "prepayALLPRODPrivateSG"
        },
        "Tags": [
          {
            "Key": "Comment",
            "Value": "Internal TC3 HTTPS for application web traffic"
          }
        ]
      }
    },
    "PrivatePRODWebSGIngress12": {
      "Type": "AWS::EC2::SecurityGroupIngress",
      "Properties": {
        "GroupId": {
          "Ref": "prepayPrivatePRODWebSG"
        },
        "IpProtocol": "TCP",
        "FromPort": 8443,
        "ToPort": 8449,
        "SourceSecurityGroupId": {
          "Ref": "prepayPrivatePRODLoadBalancerSG"
        },
        "Tags": [
          {
            "Key": "Comment",
            "Value": "Internal TC3 Loadbalancer: TC3 HTTPS for application web traffic"
          }
        ]
      }
    },
    "PrivatePRODWebSGIngress13": {
      "Type": "AWS::EC2::SecurityGroupIngress",
      "Properties": {
        "GroupId": {
          "Ref": "prepayPrivatePRODWebSG"
        },
        "IpProtocol": "TCP",
        "FromPort": 8443,
        "ToPort": 8449,
        "CidrIp": "10.165.104.0/22",
        "Tags": [
          {
            "Key": "Comment",
            "Value": "Emdeon VDI segment: TC3 HTTPS for application web traffic"
          }
        ]
      }
    },
    "PrivatePRODWebSGIngress14": {
      "Type": "AWS::EC2::SecurityGroupIngress",
      "Properties": {
        "GroupId": {
          "Ref": "prepayPrivatePRODWebSG"
        },
        "IpProtocol": "TCP",
        "FromPort": 8443,
        "ToPort": 8449,
        "CidrIp": "10.165.43.0/24",
        "Tags": [
          {
            "Key": "Comment",
            "Value": "Emdeon VPN segment: TC3 HTTPS for application web traffic"
          }
        ]
      }
    },
    "PrivatePRODWebSGIngress15": {
      "Type": "AWS::EC2::SecurityGroupIngress",
      "Properties": {
        "GroupId": {
          "Ref": "prepayPrivatePRODWebSG"
        },
        "IpProtocol": "TCP",
        "FromPort": 10933,
        "ToPort": 10933,
        "CidrIp": "10.201.12.104/32",
        "Tags": [
          {
            "Key": "Comment",
            "Value": "Internal CH Corp: Octopus Tentacle Listener"
          }
        ]
      }
    },
    "PrivatePRODWebSGIngress16": {
      "Type": "AWS::EC2::SecurityGroupIngress",
      "Properties": {
        "GroupId": {
          "Ref": "prepayPrivatePRODWebSG"
        },
        "IpProtocol": "TCP",
        "FromPort": 18443,
        "ToPort": 18446,
        "SourceSecurityGroupId": {
          "Ref": "prepayALLPRODPrivateSG"
        },
        "Tags": [
          {
            "Key": "Comment",
            "Value": "Internal TC3 HTTPS for application web traffic"
          }
        ]
      }
    },
    "PrivatePRODWebSGIngress18": {
      "Type": "AWS::EC2::SecurityGroupIngress",
      "Properties": {
        "GroupId": {
          "Ref": "prepayPrivatePRODWebSG"
        },
        "IpProtocol": "TCP",
        "FromPort": 18443,
        "ToPort": 18446,
        "SourceSecurityGroupId": {
          "Ref": "prepayPrivatePRODLoadBalancerSG"
        },
        "Tags": [
          {
            "Key": "Comment",
            "Value": "Internal TC3 Loadbalancer: TC3 HTTPS for application web traffic"
          }
        ]
      }
    },
    "PrivatePRODWebSGIngress19": {
      "Type": "AWS::EC2::SecurityGroupIngress",
      "Properties": {
        "GroupId": {
          "Ref": "prepayPrivatePRODWebSG"
        },
        "IpProtocol": "TCP",
        "FromPort": 18443,
        "ToPort": 18446,
        "CidrIp": "10.165.104.0/22",
        "Tags": [
          {
            "Key": "Comment",
            "Value": "Emdeon VDI segment: TC3 HTTPS for application web traffic"
          }
        ]
      }
    },
    "PrivatePRODWebSGIngress20": {
      "Type": "AWS::EC2::SecurityGroupIngress",
      "Properties": {
        "GroupId": {
          "Ref": "prepayPrivatePRODWebSG"
        },
        "IpProtocol": "TCP",
        "FromPort": 18443,
        "ToPort": 18446,
        "CidrIp": "10.165.43.0/24",
        "Tags": [
          {
            "Key": "Comment",
            "Value": "Emdeon VPN segment: TC3 HTTPS for application web traffic"
          }
        ]
      }
    },
    "prepayPrivatePRODAppSG": {
      "Type": "AWS::EC2::SecurityGroup",
      "Properties": {
        "GroupDescription": "Security Group Rules for access to PrivatePRODAppSG",
        "VpcId": {
          "Ref": "Vpc"
        },
        "Tags": [
          {
            "Key": "Name",
            "Value": {
              "Fn::Join": [
                "",
                [
                  {
                    "Ref": "TagApplicationname"
                  },
                  "-",
                  "prepayPrivatePRODAppSG",
                  "-",
                  "aws"
                ]
              ]
            }
          },
          {
            "Key": "Billing",
            "Value": {
              "Fn::Join": [
                "",
                [
                  {
                    "Ref": "TagBusinessunit"
                  },
                  ".",
                  {
                    "Ref": "TagDepartment"
                  },
                  ".",
                  {
                    "Ref": "TagProduct"
                  },
                  ".",
                  {
                    "Ref": "TagPercent"
                  }
                ]
              ]
            }
          },
          {
            "Key": "Description",
            "Value": {
              "Fn::Join": [
                "",
                [
                  "env=",
                  {
                    "Ref": "TagEnvironment"
                  },
                  "/",
                  "appid=",
                  {
                    "Ref": "TagAppid"
                  },
                  "/",
                  "comp=",
                  {
                    "Ref": "TagComponent"
                  },
                  "/",
                  "monitor=",
                  {
                    "Ref": "TagMonitor"
                  }
                ]
              ]
            }
          }
        ]
      }
    },   
     "PrivatePRODAppSGIngress0": {
      "Type": "AWS::EC2::SecurityGroupIngress",
      "Properties": {
        "GroupId": {
          "Ref": "prepayPrivatePRODAppSG"
        },
        "IpProtocol": "ICMP",
        "FromPort": -1,
        "ToPort": -1,
        "SourceSecurityGroupId": {
          "Ref": "prepayALLPRODPrivateSG"
        },
        "Tags": [
          {
            "Key": "Comment",
            "Value": "Internal TC3: All ICMP traffic to itself"
          }
        ]
      }
    },
    "PrivatePRODAppSGIngress1": {
      "Type": "AWS::EC2::SecurityGroupIngress",
      "Properties": {
        "GroupId": {
          "Ref": "prepayPrivatePRODAppSG"
        },
        "IpProtocol": "TCP",
        "FromPort": 1,
        "ToPort": 65535,
        "SourceSecurityGroupId": {
          "Ref": "prepayPrivatePRODAppSG"
        },
        "Tags": [
          {
            "Key": "Comment",
            "Value": "Internal TC3: All IP traffic to itself"
          }
        ]
      }
    },
    "PrivatePRODAppSGIngress2": {
      "Type": "AWS::EC2::SecurityGroupIngress",
      "Properties": {
        "GroupId": {
          "Ref": "prepayPrivatePRODAppSG"
        },
        "IpProtocol": "UDP",
        "FromPort": 1,
        "ToPort": 65535,
        "SourceSecurityGroupId": {
          "Ref": "prepayPrivatePRODAppSG"
        },
        "Tags": [
          {
            "Key": "Comment",
            "Value": "Internal TC3: All IP traffic to itself"
          }
        ]
      }
    },
    "PrivatePRODAppSGIngress3": {
      "Type": "AWS::EC2::SecurityGroupIngress",
      "Properties": {
        "GroupId": {
          "Ref": "prepayPrivatePRODAppSG"
        },
        "IpProtocol": "TCP",
        "FromPort": 80,
        "ToPort": 80,
        "SourceSecurityGroupId": {
          "Ref": "prepayALLPRODPrivateSG"
        },
        "Tags": [
          {
            "Key": "Comment",
            "Value": "Internal TC3 HTTP for test application web traffic"
          }
        ]
      }
    },
    "PrivatePRODAppSGIngress4": {
      "Type": "AWS::EC2::SecurityGroupIngress",
      "Properties": {
        "GroupId": {
          "Ref": "prepayPrivatePRODAppSG"
        },
        "IpProtocol": "TCP",
        "FromPort": 443,
        "ToPort": 443,
        "SourceSecurityGroupId": {
          "Ref": "prepayALLPRODPrivateSG"
        },
        "Tags": [
          {
            "Key": "Comment",
            "Value": "Internal TC3 HTTPS for test application web traffic"
          }
        ]
      }
    },
    "PrivatePRODAppSGIngress6": {
      "Type": "AWS::EC2::SecurityGroupIngress",
      "Properties": {
        "GroupId": {
          "Ref": "prepayPrivatePRODAppSG"
        },
        "IpProtocol": "TCP",
        "FromPort": 443,
        "ToPort": 443,
        "SourceSecurityGroupId": {
          "Ref": "prepayPrivatePRODLoadBalancerSG"
        },
        "Tags": [
          {
            "Key": "Comment",
            "Value": "Internal TC3 Loadbalancer: HTTPS for chef web traffic"
          }
        ]
      }
    },
    "PrivatePRODAppSGIngress7": {
      "Type": "AWS::EC2::SecurityGroupIngress",
      "Properties": {
        "GroupId": {
          "Ref": "prepayPrivatePRODAppSG"
        },
        "IpProtocol": "TCP",
        "FromPort": 443,
        "ToPort": 443,
        "CidrIp": "10.165.104.0/22",
        "Tags": [
          {
            "Key": "Comment",
            "Value": "Emdeon VDI segment: HTTPS for application web traffic"
          }
        ]
      }
    },
    "PrivatePRODAppSGIngress8": {
      "Type": "AWS::EC2::SecurityGroupIngress",
      "Properties": {
        "GroupId": {
          "Ref": "prepayPrivatePRODAppSG"
        },
        "IpProtocol": "TCP",
        "FromPort": 443,
        "ToPort": 443,
        "CidrIp": "10.165.43.0/24",
        "Tags": [
          {
            "Key": "Comment",
            "Value": "Emdeon VPN segment: HTTPS for application web traffic"
          }
        ]
      }
    },
    "PrivatePRODAppSGIngress9": {
      "Type": "AWS::EC2::SecurityGroupIngress",
      "Properties": {
        "GroupId": {
          "Ref": "prepayPrivatePRODAppSG"
        },
        "IpProtocol": "TCP",
        "FromPort": 10933,
        "ToPort": 10933,
        "CidrIp": "10.201.12.104/32",
        "Tags": [
          {
            "Key": "Comment",
            "Value": "Internal CH Corp: Octopus Tentacle Listener"
          }
        ]
      }
    },
    "PrivatePRODAppSGIngress10": {
      "Type": "AWS::EC2::SecurityGroupIngress",
      "Properties": {
        "GroupId": {
          "Ref": "prepayPrivatePRODAppSG"
        },
        "IpProtocol": "TCP",
        "FromPort": 5050,
        "ToPort": 5060,
        "CidrIp": "10.165.204.25/30",
        "Tags": [
          {
            "Key": "Comment",
            "Value": "Internal CH Corp IdentityIQ Enterprise Access Controls"
          }
        ]
      }
    },
    "PrivatePRODAppSGIngress11": {
      "Type": "AWS::EC2::SecurityGroupIngress",
      "Properties": {
        "GroupId": {
          "Ref": "prepayPrivatePRODAppSG"
        },
        "IpProtocol": "TCP",
        "FromPort": 3389,
        "ToPort": 3389,
        "CidrIp": "10.160.88.169/32",
        "Tags": [
          {
            "Key": "Comment",
            "Value": "Internal CH Corp IdentityIQ IAM Terminal Server"
          }
        ]
      }
    },
    "PrivatePRODAppSGIngress12": {
      "Type": "AWS::EC2::SecurityGroupIngress",
      "Properties": {
        "GroupId": {
          "Ref": "prepayPrivatePRODAppSG"
        },
        "IpProtocol": "TCP",
        "FromPort": 4018,
        "ToPort": 4019,
        "CidrIp": "10.165.104.0/22",
        "Tags": [
          {
            "Key": "Comment",
            "Value": "Emdeon VDI segment: VisualStudio Remote Debugger"
          }
        ]
      }
    },
    "PrivatePRODAppSGIngress13": {
      "Type": "AWS::EC2::SecurityGroupIngress",
      "Properties": {
        "GroupId": {
          "Ref": "prepayPrivatePRODAppSG"
        },
        "IpProtocol": "TCP",
        "FromPort": 8888,
        "ToPort": 8888,
        "CidrIp": "10.165.24.0/24",
        "Tags": [
          {
            "Key": "Comment",
            "Value": "Internal CH Self Password "
          }
        ]
      }
    },
    "PrivatePRODAppSGIngress14": {
      "Type": "AWS::EC2::SecurityGroupIngress",
      "Properties": {
        "GroupId": {
          "Ref": "prepayPrivatePRODAppSG"
        },
        "IpProtocol": "TCP",
        "FromPort": 8888,
        "ToPort": 8888,
        "CidrIp": "10.165.104.0/22",
        "Tags": [
          {
            "Key": "Comment",
            "Value": "Emdeon VDI segment: Internal CH Self Password "
          }
        ]
      }
    },
    "PrivatePRODAppSGIngress15": {
      "Type": "AWS::EC2::SecurityGroupIngress",
      "Properties": {
        "GroupId": {
          "Ref": "prepayPrivatePRODAppSG"
        },
        "IpProtocol": "TCP",
        "FromPort": 8888,
        "ToPort": 8888,
        "SourceSecurityGroupId": {
          "Ref": "prepayALLPRODPrivateSG"
        },
        "Tags": [
          {
            "Key": "Comment",
            "Value": "Internal TC3: CH Self Service Password tool"
          }
        ]
      }
    },
    "PrivatePRODAppSGIngress16": {
      "Type": "AWS::EC2::SecurityGroupIngress",
      "Properties": {
        "GroupId": {
          "Ref": "prepayPrivatePRODAppSG"
        },
        "IpProtocol": "TCP",
        "FromPort": 22233,
        "ToPort": 22236,
        "SourceSecurityGroupId": {
          "Ref": "prepayPrivatePRODWebSG"
        },
        "Tags": [
          {
            "Key": "Comment",
            "Value": "Web Server Caching: MS AppFabric"
          }
        ]
      }
    },
    "prepayPrivatePRODDatabaseSG": {
      "Type": "AWS::EC2::SecurityGroup",
      "Properties": {
        "GroupDescription": "Security Group Rules for access to PrivatePRODDatabaseSG",
        "VpcId": {
          "Ref": "Vpc"
        },
        "Tags": [
          {
            "Key": "Name",
            "Value": {
              "Fn::Join": [
                "",
                [
                  {
                    "Ref": "TagApplicationname"
                  },
                  "-",
                  "prepayPrivatePRODDatabaseSG",
                  "-",
                  "aws"
                ]
              ]
            }
          },
          {
            "Key": "Billing",
            "Value": {
              "Fn::Join": [
                "",
                [
                  {
                    "Ref": "TagBusinessunit"
                  },
                  ".",
                  {
                    "Ref": "TagDepartment"
                  },
                  ".",
                  {
                    "Ref": "TagProduct"
                  },
                  ".",
                  {
                    "Ref": "TagPercent"
                  }
                ]
              ]
            }
          },
          {
            "Key": "Description",
            "Value": {
              "Fn::Join": [
                "",
                [
                  "env=",
                  {
                    "Ref": "TagEnvironment"
                  },
                  "/",
                  "appid=",
                  {
                    "Ref": "TagAppid"
                  },
                  "/",
                  "comp=",
                  {
                    "Ref": "TagComponent"
                  },
                  "/",
                  "monitor=",
                  {
                    "Ref": "TagMonitor"
                  }
                ]
              ]
            }
          }
        ]
      }
    },
    "PrivatePRODDatabaseSGIngress0": {
      "Type": "AWS::EC2::SecurityGroupIngress",
      "Properties": {
        "GroupId": {
          "Ref": "prepayPrivatePRODDatabaseSG"
        },
        "IpProtocol": "ICMP",
        "FromPort": -1,
        "ToPort": -1,
        "SourceSecurityGroupId": {
          "Ref": "prepayALLPRODPrivateSG"
        },
        "Tags": [
          {
            "Key": "Comment",
            "Value": "Internal TC3: All ICMP traffic to itself"
          }
        ]
      }
    },
    "PrivatePRODDatabaseSGIngress1": {
      "Type": "AWS::EC2::SecurityGroupIngress",
      "Properties": {
        "GroupId": {
          "Ref": "prepayPrivatePRODDatabaseSG"
        },
        "IpProtocol": "TCP",
        "FromPort": 1,
        "ToPort": 65535,
        "SourceSecurityGroupId": {
          "Ref": "prepayPrivatePRODDatabaseSG"
        },
        "Tags": [
          {
            "Key": "Comment",
            "Value": "Internal TC3: All IP traffic to itself"
          }
        ]
      }
    },
    "PrivatePRODDatabaseSGIngress2": {
      "Type": "AWS::EC2::SecurityGroupIngress",
      "Properties": {
        "GroupId": {
          "Ref": "prepayPrivatePRODDatabaseSG"
        },
        "IpProtocol": "UDP",
        "FromPort": 1,
        "ToPort": 65535,
        "SourceSecurityGroupId": {
          "Ref": "prepayPrivatePRODDatabaseSG"
        },
        "Tags": [
          {
            "Key": "Comment",
            "Value": "Internal TC3: All IP traffic to itself"
          }
        ]
      }
    },
    "PrivatePRODDatabaseSGIngress3": {
      "Type": "AWS::EC2::SecurityGroupIngress",
      "Properties": {
        "GroupId": {
          "Ref": "prepayPrivatePRODDatabaseSG"
        },
        "IpProtocol": "TCP",
        "FromPort": 135,
        "ToPort": 135,
        "SourceSecurityGroupId": {
          "Ref": "prepayPrivatePRODDatabaseSG"
        },
        "Tags": [
          {
            "Key": "Comment",
            "Value": "Internal TC3 Database Tier: WSFC DCOM RPC"
          }
        ]
      }
    },
    "PrivatePRODDatabaseSGIngress4": {
      "Type": "AWS::EC2::SecurityGroupIngress",
      "Properties": {
        "GroupId": {
          "Ref": "prepayPrivatePRODDatabaseSG"
        },
        "IpProtocol": "UDP",
        "FromPort": 135,
        "ToPort": 135,
        "SourceSecurityGroupId": {
          "Ref": "prepayPrivatePRODDatabaseSG"
        },
        "Tags": [
          {
            "Key": "Comment",
            "Value": "Internal TC3 Database Tier: WSFC DCOM RPC"
          }
        ]
      }
    },  
     "PrivatePRODDatabaseSGIngress5": {
      "Type": "AWS::EC2::SecurityGroupIngress",
      "Properties": {
        "GroupId": {
          "Ref": "prepayPrivatePRODDatabaseSG"
        },
        "IpProtocol": "TCP",
        "FromPort": 137,
        "ToPort": 139,
        "SourceSecurityGroupId": {
          "Ref": "prepayPrivatePRODDatabaseSG"
        },
        "Tags": [
          {
            "Key": "Comment",
            "Value": "Internal TC3 Database Tier: WSFC Netbios name service"
          }
        ]
      }
    },
    "PrivatePRODDatabaseSGIngress6": {
      "Type": "AWS::EC2::SecurityGroupIngress",
      "Properties": {
        "GroupId": {
          "Ref": "prepayPrivatePRODDatabaseSG"
        },
        "IpProtocol": "UDP",
        "FromPort": 137,
        "ToPort": 139,
        "SourceSecurityGroupId": {
          "Ref": "prepayPrivatePRODDatabaseSG"
        },
        "Tags": [
          {
            "Key": "Comment",
            "Value": "Internal TC3 Database Tier: WSFC Netbios name service"
          }
        ]
      }
    },
    "PrivatePRODDatabaseSGIngress7": {
      "Type": "AWS::EC2::SecurityGroupIngress",
      "Properties": {
        "GroupId": {
          "Ref": "prepayPrivatePRODDatabaseSG"
        },
        "IpProtocol": "TCP",
        "FromPort": 445,
        "ToPort": 445,
        "SourceSecurityGroupId": {
          "Ref": "prepayPrivatePRODDatabaseSG"
        },
        "Tags": [
          {
            "Key": "Comment",
            "Value": "Internal TC3 Database Tier: WSFC MS Directory Services"
          }
        ]
      }
    },
    "PrivatePRODDatabaseSGIngress8": {
      "Type": "AWS::EC2::SecurityGroupIngress",
      "Properties": {
        "GroupId": {
          "Ref": "prepayPrivatePRODDatabaseSG"
        },
        "IpProtocol": "TCP",
        "FromPort": 1433,
        "ToPort": 1434,
        "SourceSecurityGroupId": {
          "Ref": "prepayPrivatePRODDatabaseSG"
        },
        "Tags": [
          {
            "Key": "Comment",
            "Value": "Internal TC3 Database Tier: WSFC MSSQL Server"
          }
        ]
      }
    },
    "PrivatePRODDatabaseSGIngress9": {
      "Type": "AWS::EC2::SecurityGroupIngress",
      "Properties": {
        "GroupId": {
          "Ref": "prepayPrivatePRODDatabaseSG"
        },
        "IpProtocol": "TCP",
        "FromPort": 3343,
        "ToPort": 3343,
        "SourceSecurityGroupId": {
          "Ref": "prepayPrivatePRODDatabaseSG"
        },
        "Tags": [
          {
            "Key": "Comment",
            "Value": "Internal TC3 Database Tier: WSFC Cluster"
          }
        ]
      }
    },
    "PrivatePRODDatabaseSGIngress10": {
      "Type": "AWS::EC2::SecurityGroupIngress",
      "Properties": {
        "GroupId": {
          "Ref": "prepayPrivatePRODDatabaseSG"
        },
        "IpProtocol": "UDP",
        "FromPort": 3343,
        "ToPort": 3343,
        "SourceSecurityGroupId": {
          "Ref": "prepayPrivatePRODDatabaseSG"
        },
        "Tags": [
          {
            "Key": "Comment",
            "Value": "Internal TC3 Database Tier: WSFC Cluster"
          }
        ]
      }
    },
    "PrivatePRODDatabaseSGIngress11": {
      "Type": "AWS::EC2::SecurityGroupIngress",
      "Properties": {
        "GroupId": {
          "Ref": "prepayPrivatePRODDatabaseSG"
        },
        "IpProtocol": "TCP",
        "FromPort": 5000,
        "ToPort": 5100,
        "SourceSecurityGroupId": {
          "Ref": "prepayPrivatePRODDatabaseSG"
        },
        "Tags": [
          {
            "Key": "Comment",
            "Value": "Internal TC3 Database Tier: MSSQL DTC RPC"
          }
        ]
      }
    },
    "PrivatePRODDatabaseSGIngress12": {
      "Type": "AWS::EC2::SecurityGroupIngress",
      "Properties": {
        "GroupId": {
          "Ref": "prepayPrivatePRODDatabaseSG"
        },
        "IpProtocol": "TCP",
        "FromPort": 5022,
        "ToPort": 5022,
        "SourceSecurityGroupId": {
          "Ref": "prepayPrivatePRODDatabaseSG"
        },
        "Tags": [
          {
            "Key": "Comment",
            "Value": "Internal TC3 Database Tier: MSSQL AlwaysOn Availability Group Endpoint"
          }
        ]
      }
    },
    "PrivatePRODDatabaseSGIngress13": {
      "Type": "AWS::EC2::SecurityGroupIngress",
      "Properties": {
        "GroupId": {
          "Ref": "prepayPrivatePRODDatabaseSG"
        },
        "IpProtocol": "TCP",
        "FromPort": 5985,
        "ToPort": 5985,
        "SourceSecurityGroupId": {
          "Ref": "prepayPrivatePRODDatabaseSG"
        },
        "Tags": [
          {
            "Key": "Comment",
            "Value": "Internal TC3 Database Tier: MSSQL WinRM"
          }
        ]
      }
    },
    "PrivatePRODDatabaseSGIngress14": {
      "Type": "AWS::EC2::SecurityGroupIngress",
      "Properties": {
        "GroupId": {
          "Ref": "prepayPrivatePRODDatabaseSG"
        },
        "IpProtocol": "TCP",
        "FromPort": 1433,
        "ToPort": 1433,
        "SourceSecurityGroupId": {
          "Ref": "prepayPrivatePRODWebSG"
        },
        "Tags": [
          {
            "Key": "Comment",
            "Value": "Internal TC3 Web Tier: WSFC MSSQL Server"
          }
        ]
      }
    },
    "PrivatePRODDatabaseSGIngress15": {
      "Type": "AWS::EC2::SecurityGroupIngress",
      "Properties": {
        "GroupId": {
          "Ref": "prepayPrivatePRODDatabaseSG"
        },
        "IpProtocol": "TCP",
        "FromPort": 1433,
        "ToPort": 1433,
        "SourceSecurityGroupId": {
          "Ref": "prepayPrivatePRODAppSG"
        },
        "Tags": [
          {
            "Key": "Comment",
            "Value": "Internal TC3 Application Tier: WSFC MSSQL Server"
          }
        ]
      }
    },
    "PrivatePRODDatabaseSGIngress16": {
      "Type": "AWS::EC2::SecurityGroupIngress",
      "Properties": {
        "GroupId": {
          "Ref": "prepayPrivatePRODDatabaseSG"
        },
        "IpProtocol": "TCP",
        "FromPort": 1433,
        "ToPort": 1433,
        "CidrIp": "10.201.12.104/32",
        "Tags": [
          {
            "Key": "Comment",
            "Value": "Internal CH Corp: Octopus MSSQL Deployment"
          }
        ]
      }
    },
    "PrivatePRODDatabaseSGIngress17": {
      "Type": "AWS::EC2::SecurityGroupIngress",
      "Properties": {
        "GroupId": {
          "Ref": "prepayPrivatePRODDatabaseSG"
        },
        "IpProtocol": "TCP",
        "FromPort": 10933,
        "ToPort": 10933,
        "CidrIp": "10.201.12.104/32",
        "Tags": [
          {
            "Key": "Comment",
            "Value": "Internal CH Corp: Octopus Tentacle Listener"
          }
        ]
      }
    },
    "PrivatePRODDatabaseSGIngress18": {
      "Type": "AWS::EC2::SecurityGroupIngress",
      "Properties": {
        "GroupId": {
          "Ref": "prepayPrivatePRODDatabaseSG"
        },
        "IpProtocol": "TCP",
        "FromPort": 80,
        "ToPort": 80,
        "SourceSecurityGroupId": {
          "Ref": "prepayPrivatePRODWebSG"
        },
        "Tags": [
          {
            "Key": "Comment",
            "Value": "Internal TC3 Web Tier: MSSQL Server Report Server"
          }
        ]
      }
    },
    "PrivatePRODDatabaseSGIngress19": {
      "Type": "AWS::EC2::SecurityGroupIngress",
      "Properties": {
        "GroupId": {
          "Ref": "prepayPrivatePRODDatabaseSG"
        },
        "IpProtocol": "TCP",
        "FromPort": 80,
        "ToPort": 80,
        "SourceSecurityGroupId": {
          "Ref": "prepayPrivatePRODAppSG"
        },
        "Tags": [
          {
            "Key": "Comment",
            "Value": "Internal TC3 App Tier: MSSQL Server Report Server"
          }
        ]
      }
    },
    "PrivatePRODDatabaseSGIngress20": {
      "Type": "AWS::EC2::SecurityGroupIngress",
      "Properties": {
        "GroupId": {
          "Ref": "prepayPrivatePRODDatabaseSG"
        },
        "IpProtocol": "TCP",
        "FromPort": 80,
        "ToPort": 80,
        "CidrIp": "10.165.43.0/24",
        "Tags": [
          {
            "Key": "Comment",
            "Value": "Emdeon VPN segment: HTTP for testing MSSQL ReportServer"
          }
        ]
      }
    },
     "PrivatePRODDatabaseSGIngress21": {
      "Type": "AWS::EC2::SecurityGroupIngress",
      "Properties": {
        "GroupId": {
          "Ref": "prepayPrivatePRODDatabaseSG"
        },
        "IpProtocol": "TCP",
        "FromPort": 80,
        "ToPort": 80,
        "CidrIp": "10.165.104.0/22",
        "Tags": [
          {
            "Key": "Comment",
            "Value": "Emdeon VDI segment: HTTP for testing MSSQL ReportServer"
          }
        ]
      }
    },
    "PrivatePRODDatabaseSGIngress22": {
      "Type": "AWS::EC2::SecurityGroupIngress",
      "Properties": {
        "GroupId": {
          "Ref": "prepayPrivatePRODDatabaseSG"
        },
        "IpProtocol": "TCP",
        "FromPort": 80,
        "ToPort": 80,
        "CidrIp": "10.165.24.0/24",
        "Tags": [
          {
            "Key": "Comment",
            "Value": "Emdeon PE desktop segment: HTTP for testing MSSQL ReportServer"
          }
        ]
      }
    },
    "PrivatePRODDatabaseSGIngress23": {
      "Type": "AWS::EC2::SecurityGroupIngress",
      "Properties": {
        "GroupId": {
          "Ref": "prepayPrivatePRODDatabaseSG"
        },
        "IpProtocol": "TCP",
        "FromPort": 80,
        "ToPort": 80,
        "CidrIp": "10.120.42.0/24",
        "Tags": [
          {
            "Key": "Comment",
            "Value": "TC3 internal workstation segment: HTTP for MSSQL ReportServer"
          }
        ]
      }
    },
    "PrivatePRODDatabaseSGIngress24": {
      "Type": "AWS::EC2::SecurityGroupIngress",
      "Properties": {
        "GroupId": {
          "Ref": "prepayPrivatePRODDatabaseSG"
        },
        "IpProtocol": "TCP",
        "FromPort": 80,
        "ToPort": 80,
        "CidrIp": "10.120.44.0/24",
        "Tags": [
          {
            "Key": "Comment",
            "Value": "TC3 internal workstation segment: HTTP for MSSQL ReportServer"
          }
        ]
      }
    },
    "PrivatePRODDatabaseSGIngress25": {
      "Type": "AWS::EC2::SecurityGroupIngress",
      "Properties": {
        "GroupId": {
          "Ref": "prepayPrivatePRODDatabaseSG"
        },
        "IpProtocol": "TCP",
        "FromPort": 80,
        "ToPort": 80,
        "CidrIp": "10.160.0.0/16",
        "Tags": [
          {
            "Key": "Comment",
            "Value": "TC3 internal workstation segment: HTTP for MSSQL ReportServer"
          }
        ]
      }
    },
    "PrivatePRODDatabaseSGIngress26": {
      "Type": "AWS::EC2::SecurityGroupIngress",
      "Properties": {
        "GroupId": {
          "Ref": "prepayPrivatePRODDatabaseSG"
        },
        "IpProtocol": "TCP",
        "FromPort": 80,
        "ToPort": 80,
        "CidrIp": "192.168.70.0/24",
        "Tags": [
          {
            "Key": "Comment",
            "Value": "TC3 internal workstation segment: HTTP for MSSQL ReportServer"
          }
        ]
      }
    },
    "PrivatePRODDatabaseSGIngress27": {
      "Type": "AWS::EC2::SecurityGroupIngress",
      "Properties": {
        "GroupId": {
          "Ref": "prepayPrivatePRODDatabaseSG"
        },
        "IpProtocol": "TCP",
        "FromPort": 80,
        "ToPort": 80,
        "CidrIp": "10.255.92.0/24",
        "Tags": [
          {
            "Key": "Comment",
            "Value": "TC3 internal workstation segment: HTTP for MSSQL ReportServer"
          }
        ]
      }
    },
    "prepayPrivatePRODCoreInfraSG": {
      "Type": "AWS::EC2::SecurityGroup",
      "Properties": {
        "GroupDescription": "Security Group Rules for access to PrivatePRODCoreInfraSG",
        "VpcId": {
          "Ref": "Vpc"
        },
        "Tags": [
          {
            "Key": "Name",
            "Value": {
              "Fn::Join": [
                "",
                [
                  {
                    "Ref": "TagApplicationname"
                  },
                  "-",
                  "prepayPrivatePRODCoreInfraSG",
                  "-",
                  "aws"
                ]
              ]
            }
          },
          {
            "Key": "Billing",
            "Value": {
              "Fn::Join": [
                "",
                [
                  {
                    "Ref": "TagBusinessunit"
                  },
                  ".",
                  {
                    "Ref": "TagDepartment"
                  },
                  ".",
                  {
                    "Ref": "TagProduct"
                  },
                  ".",
                  {
                    "Ref": "TagPercent"
                  }
                ]
              ]
            }
          },
          {
            "Key": "Description",
            "Value": {
              "Fn::Join": [
                "",
                [
                  "env=",
                  {
                    "Ref": "TagEnvironment"
                  },
                  "/",
                  "appid=",
                  {
                    "Ref": "TagAppid"
                  },
                  "/",
                  "comp=",
                  {
                    "Ref": "TagComponent"
                  },
                  "/",
                  "monitor=",
                  {
                    "Ref": "TagMonitor"
                  }
                ]
              ]
            }
          }
        ]
      }
    },
     "PrivatePRODCoreInfraSGIngress0": {
      "Type": "AWS::EC2::SecurityGroupIngress",
      "Properties": {
        "GroupId": {
          "Ref": "prepayPrivatePRODCoreInfraSG"
        },
        "IpProtocol": "ICMP",
        "FromPort": -1,
        "ToPort": -1,
        "SourceSecurityGroupId": {
          "Ref": "prepayALLPRODPrivateSG"
        },
        "Tags": [
          {
            "Key": "Comment",
            "Value": "Internal TC3: All ICMP traffic to itself"
          }
        ]
      }
    },
    "PrivatePRODCoreInfraSGIngress1": {
      "Type": "AWS::EC2::SecurityGroupIngress",
      "Properties": {
        "GroupId": {
          "Ref": "prepayPrivatePRODCoreInfraSG"
        },
        "IpProtocol": "ICMP",
        "FromPort": -1,
        "ToPort": -1,
        "CidrIp": "10.205.80.45/32",
        "Tags": [
          {
            "Key": "Comment",
            "Value": "Internal CH Corp SoftNAS FileServer"
          }
        ]
      }
    },
    "PrivatePRODCoreInfraSGIngress2": {
      "Type": "AWS::EC2::SecurityGroupIngress",
      "Properties": {
        "GroupId": {
          "Ref": "prepayPrivatePRODCoreInfraSG"
        },
        "IpProtocol": "TCP",
        "FromPort": 1,
        "ToPort": 65535,
        "SourceSecurityGroupId": {
          "Ref": "prepayPrivatePRODCoreInfraSG"
        },
        "Tags": [
          {
            "Key": "Comment",
            "Value": "Internal TC3: All IP traffic to itself"
          }
        ]
      }
    },
    "PrivatePRODCoreInfraSGIngress3": {
      "Type": "AWS::EC2::SecurityGroupIngress",
      "Properties": {
        "GroupId": {
          "Ref": "prepayPrivatePRODCoreInfraSG"
        },
        "IpProtocol": "UDP",
        "FromPort": 1,
        "ToPort": 65535,
        "SourceSecurityGroupId": {
          "Ref": "prepayPrivatePRODCoreInfraSG"
        },
        "Tags": [
          {
            "Key": "Comment",
            "Value": "Internal TC3: All IP traffic to itself"
          }
        ]
      }
    },
    "PrivatePRODCoreInfraSGIngress4": {
      "Type": "AWS::EC2::SecurityGroupIngress",
      "Properties": {
        "GroupId": {
          "Ref": "prepayPrivatePRODCoreInfraSG"
        },
        "IpProtocol": "TCP",
        "FromPort": 1,
        "ToPort": 65535,
        "CidrIp": "10.205.80.45/32",
        "Tags": [
          {
            "Key": "Comment",
            "Value": "Internal CH Corp SoftNAS FileServer"
          }
        ]
      }
    },
    "PrivatePRODCoreInfraSGIngress5": {
      "Type": "AWS::EC2::SecurityGroupIngress",
      "Properties": {
        "GroupId": {
          "Ref": "prepayPrivatePRODCoreInfraSG"
        },
        "IpProtocol": "UDP",
        "FromPort": 1,
        "ToPort": 65535,
        "CidrIp": "10.205.80.45/32",
        "Tags": [
          {
            "Key": "Comment",
            "Value": "Internal CH Corp SoftNAS FileServer"
          }
        ]
      }
    },
    "PrivatePRODCoreInfraSGIngress6": {
      "Type": "AWS::EC2::SecurityGroupIngress",
      "Properties": {
        "GroupId": {
          "Ref": "prepayPrivatePRODCoreInfraSG"
        },
        "IpProtocol": "TCP",
        "FromPort": 53,
        "ToPort": 53,
        "SourceSecurityGroupId": {
          "Ref": "prepayALLPRODPrivateSG"
        },
        "Tags": [
          {
            "Key": "Comment",
            "Value": "Internal TC3 VPC: DNS"
          }
        ]
      }
    },
    "PrivatePRODCoreInfraSGIngress7": {
      "Type": "AWS::EC2::SecurityGroupIngress",
      "Properties": {
        "GroupId": {
          "Ref": "prepayPrivatePRODCoreInfraSG"
        },
        "IpProtocol": "UDP",
        "FromPort": 53,
        "ToPort": 53,
        "SourceSecurityGroupId": {
          "Ref": "prepayALLPRODPrivateSG"
        },
        "Tags": [
          {
            "Key": "Comment",
            "Value": "Internal TC3 VPC: DNS"
          }
        ]
      }
    },
    "PrivatePRODCoreInfraSGIngress8": {
      "Type": "AWS::EC2::SecurityGroupIngress",
      "Properties": {
        "GroupId": {
          "Ref": "prepayPrivatePRODCoreInfraSG"
        },
        "IpProtocol": "TCP",
        "FromPort": 53,
        "ToPort": 53,
        "CidrIp": "10.140.191.8/29",
        "Tags": [
          {
            "Key": "Comment",
            "Value": "Internal CH InfoBlox DNS Servers"
          }
        ]
      }
    },
    "PrivatePRODCoreInfraSGIngress9": {
      "Type": "AWS::EC2::SecurityGroupIngress",
      "Properties": {
        "GroupId": {
          "Ref": "prepayPrivatePRODCoreInfraSG"
        },
        "IpProtocol": "UDP",
        "FromPort": 53,
        "ToPort": 53,
        "CidrIp": "10.140.191.8/29",
        "Tags": [
          {
            "Key": "Comment",
            "Value": "Internal CH InfoBlox DNS Servers"
          }
        ]
      }
    },
    "PrivatePRODCoreInfraSGIngress10": {
      "Type": "AWS::EC2::SecurityGroupIngress",
      "Properties": {
        "GroupId": {
          "Ref": "prepayPrivatePRODCoreInfraSG"
        },
        "IpProtocol": "TCP",
        "FromPort": 53,
        "ToPort": 53,
        "CidrIp": "10.160.191.8/29",
        "Tags": [
          {
            "Key": "Comment",
            "Value": "Internal CH InfoBlox DNS Servers"
          }
        ]
      }
    },
    "PrivatePRODCoreInfraSGIngress11": {
      "Type": "AWS::EC2::SecurityGroupIngress",
      "Properties": {
        "GroupId": {
          "Ref": "prepayPrivatePRODCoreInfraSG"
        },
        "IpProtocol": "UDP",
        "FromPort": 53,
        "ToPort": 53,
        "CidrIp": "10.160.191.8/29",
        "Tags": [
          {
            "Key": "Comment",
            "Value": "Internal CH InfoBlox DNS Servers"
          }
        ]
      }
    },
    "PrivatePRODCoreInfraSGIngress12": {
      "Type": "AWS::EC2::SecurityGroupIngress",
      "Properties": {
        "GroupId": {
          "Ref": "prepayPrivatePRODCoreInfraSG"
        },
        "IpProtocol": "TCP",
        "FromPort": 53,
        "ToPort": 53,
        "CidrIp": "10.165.104.0/22",
        "Tags": [
          {
            "Key": "Comment",
            "Value": "Internal TC3 VDI: DNS"
          }
        ]
      }
    },
    "PrivatePRODCoreInfraSGIngress13": {
      "Type": "AWS::EC2::SecurityGroupIngress",
      "Properties": {
        "GroupId": {
          "Ref": "prepayPrivatePRODCoreInfraSG"
        },
        "IpProtocol": "UDP",
        "FromPort": 53,
        "ToPort": 53,
        "CidrIp": "10.165.104.0/22",
        "Tags": [
          {
            "Key": "Comment",
            "Value": "Internal TC3 VDI: DNS"
          }
        ]
      }
    },
    "PrivatePRODCoreInfraSGIngress14": {
      "Type": "AWS::EC2::SecurityGroupIngress",
      "Properties": {
        "GroupId": {
          "Ref": "prepayPrivatePRODCoreInfraSG"
        },
        "IpProtocol": "TCP",
        "FromPort": 88,
        "ToPort": 88,
        "SourceSecurityGroupId": {
          "Ref": "prepayALLPRODPrivateSG"
        },
        "Tags": [
          {
            "Key": "Comment",
            "Value": "Internal TC3 Private All: AD Kerberos"
          }
        ]
      }
    },
    "PrivatePRODCoreInfraSGIngress15": {
      "Type": "AWS::EC2::SecurityGroupIngress",
      "Properties": {
        "GroupId": {
          "Ref": "prepayPrivatePRODCoreInfraSG"
        },
        "IpProtocol": "UDP",
        "FromPort": 88,
        "ToPort": 88,
        "SourceSecurityGroupId": {
          "Ref": "prepayALLPRODPrivateSG"
        },
        "Tags": [
          {
            "Key": "Comment",
            "Value": "Internal TC3 Private All: AD Kerberos"
          }
        ]
      }
    },
    "PrivatePRODCoreInfraSGIngress16": {
      "Type": "AWS::EC2::SecurityGroupIngress",
      "Properties": {
        "GroupId": {
          "Ref": "prepayPrivatePRODCoreInfraSG"
        },
        "IpProtocol": "UDP",
        "FromPort": 123,
        "ToPort": 123,
        "SourceSecurityGroupId": {
          "Ref": "prepayALLPRODPrivateSG"
        },
        "Tags": [
          {
            "Key": "Comment",
            "Value": "Internal TC3 Private All: AD NTP"
          }
        ]
      }
    },
    "PrivatePRODCoreInfraSGIngress17": {
      "Type": "AWS::EC2::SecurityGroupIngress",
      "Properties": {
        "GroupId": {
          "Ref": "prepayPrivatePRODCoreInfraSG"
        },
        "IpProtocol": "TCP",
        "FromPort": 135,
        "ToPort": 135,
        "SourceSecurityGroupId": {
          "Ref": "prepayALLPRODPrivateSG"
        },
        "Tags": [
          {
            "Key": "Comment",
            "Value": "Internal TC3 Private All: WSFC DCOM RPC"
          }
        ]
      }
    },
    "PrivatePRODCoreInfraSGIngress18": {
      "Type": "AWS::EC2::SecurityGroupIngress",
      "Properties": {
        "GroupId": {
          "Ref": "prepayPrivatePRODCoreInfraSG"
        },
        "IpProtocol": "TCP",
        "FromPort": 137,
        "ToPort": 139,
        "SourceSecurityGroupId": {
          "Ref": "prepayALLPRODPrivateSG"
        },
        "Tags": [
          {
            "Key": "Comment",
            "Value": "Internal TC3 Private All: WSFC Netbios NS, datagram, session"
          }
        ]
      }
    },
    "PrivatePRODCoreInfraSGIngress19": {
      "Type": "AWS::EC2::SecurityGroupIngress",
      "Properties": {
        "GroupId": {
          "Ref": "prepayPrivatePRODCoreInfraSG"
        },
        "IpProtocol": "UDP",
        "FromPort": 137,
        "ToPort": 139,
        "SourceSecurityGroupId": {
          "Ref": "prepayALLPRODPrivateSG"
        },
        "Tags": [
          {
            "Key": "Comment",
            "Value": "Internal TC3 Private All: WSFC Netbios NS, datagram, session"
          }
        ]
      }
    },
    "PrivatePRODCoreInfraSGIngress20": {
      "Type": "AWS::EC2::SecurityGroupIngress",
      "Properties": {
        "GroupId": {
          "Ref": "prepayPrivatePRODCoreInfraSG"
        },
        "IpProtocol": "TCP",
        "FromPort": 389,
        "ToPort": 389,
        "SourceSecurityGroupId": {
          "Ref": "prepayALLPRODPrivateSG"
        },
        "Tags": [
          {
            "Key": "Comment",
            "Value": "Internal TC3 Private All: AD LDAP"
          }
        ]
      }
    },
     "PrivatePRODCoreInfraSGIngress21": {
      "Type": "AWS::EC2::SecurityGroupIngress",
      "Properties": {
        "GroupId": {
          "Ref": "prepayPrivatePRODCoreInfraSG"
        },
        "IpProtocol": "UDP",
        "FromPort": 389,
        "ToPort": 389,
        "SourceSecurityGroupId": {
          "Ref": "prepayALLPRODPrivateSG"
        },
        "Tags": [
          {
            "Key": "Comment",
            "Value": "Internal TC3 Private All: AD LDAP"
          }
        ]
      }
    },
    "PrivatePRODCoreInfraSGIngress22": {
      "Type": "AWS::EC2::SecurityGroupIngress",
      "Properties": {
        "GroupId": {
          "Ref": "prepayPrivatePRODCoreInfraSG"
        },
        "IpProtocol": "TCP",
        "FromPort": 445,
        "ToPort": 445,
        "SourceSecurityGroupId": {
          "Ref": "prepayALLPRODPrivateSG"
        },
        "Tags": [
          {
            "Key": "Comment",
            "Value": "Internal TC3 Private All: MS SMB Directory Services"
          }
        ]
      }
    },
    "PrivatePRODCoreInfraSGIngress23": {
      "Type": "AWS::EC2::SecurityGroupIngress",
      "Properties": {
        "GroupId": {
          "Ref": "prepayPrivatePRODCoreInfraSG"
        },
        "IpProtocol": "UDP",
        "FromPort": 445,
        "ToPort": 445,
        "SourceSecurityGroupId": {
          "Ref": "prepayALLPRODPrivateSG"
        },
        "Tags": [
          {
            "Key": "Comment",
            "Value": "Internal TC3 Private All: MS SMB Directory Services"
          }
        ]
      }
    },
    "PrivatePRODCoreInfraSGIngress24": {
      "Type": "AWS::EC2::SecurityGroupIngress",
      "Properties": {
        "GroupId": {
          "Ref": "prepayPrivatePRODCoreInfraSG"
        },
        "IpProtocol": "TCP",
        "FromPort": 464,
        "ToPort": 464,
        "SourceSecurityGroupId": {
          "Ref": "prepayALLPRODPrivateSG"
        },
        "Tags": [
          {
            "Key": "Comment",
            "Value": "Internal TC3 Private All: MS Kerberos Directory Services"
          }
        ]
      }
    },
    "PrivatePRODCoreInfraSGIngress25": {
      "Type": "AWS::EC2::SecurityGroupIngress",
      "Properties": {
        "GroupId": {
          "Ref": "prepayPrivatePRODCoreInfraSG"
        },
        "IpProtocol": "UDP",
        "FromPort": 464,
        "ToPort": 464,
        "SourceSecurityGroupId": {
          "Ref": "prepayALLPRODPrivateSG"
        },
        "Tags": [
          {
            "Key": "Comment",
            "Value": "Internal TC3 Private All: MS Kerberos Directory Services"
          }
        ]
      }
    },
    "PrivatePRODCoreInfraSGIngress26": {
      "Type": "AWS::EC2::SecurityGroupIngress",
      "Properties": {
        "GroupId": {
          "Ref": "prepayPrivatePRODCoreInfraSG"
        },
        "IpProtocol": "TCP",
        "FromPort": 636,
        "ToPort": 636,
        "SourceSecurityGroupId": {
          "Ref": "prepayALLPRODPrivateSG"
        },
        "Tags": [
          {
            "Key": "Comment",
            "Value": "Internal TC3 Private All: AD LDAPS"
          }
        ]
      }
    },
    "PrivatePRODCoreInfraSGIngress27": {
      "Type": "AWS::EC2::SecurityGroupIngress",
      "Properties": {
        "GroupId": {
          "Ref": "prepayPrivatePRODCoreInfraSG"
        },
        "IpProtocol": "TCP",
        "FromPort": 3268,
        "ToPort": 3269,
        "SourceSecurityGroupId": {
          "Ref": "prepayALLPRODPrivateSG"
        },
        "Tags": [
          {
            "Key": "Comment",
            "Value": "Internal TC3 Private All: AD Global Catalog"
          }
        ]
      }
    },
    "PrivatePRODCoreInfraSGIngress28": {
      "Type": "AWS::EC2::SecurityGroupIngress",
      "Properties": {
        "GroupId": {
          "Ref": "prepayPrivatePRODCoreInfraSG"
        },
        "IpProtocol": "UDP",
        "FromPort": 5355,
        "ToPort": 5355,
        "SourceSecurityGroupId": {
          "Ref": "prepayALLPRODPrivateSG"
        },
        "Tags": [
          {
            "Key": "Comment",
            "Value": "Internal TC3 Private All: MS Network Discovery"
          }
        ]
      }
    },
    "PrivatePRODCoreInfraSGIngress29": {
      "Type": "AWS::EC2::SecurityGroupIngress",
      "Properties": {
        "GroupId": {
          "Ref": "prepayPrivatePRODCoreInfraSG"
        },
        "IpProtocol": "TCP",
        "FromPort": 5722,
        "ToPort": 5722,
        "SourceSecurityGroupId": {
          "Ref": "prepayALLPRODPrivateSG"
        },
        "Tags": [
          {
            "Key": "Comment",
            "Value": "Internal TC3 Private All: AD RPC DFSR File Replication"
          }
        ]
      }
    },
    "PrivatePRODCoreInfraSGIngress30": {
      "Type": "AWS::EC2::SecurityGroupIngress",
      "Properties": {
        "GroupId": {
          "Ref": "prepayPrivatePRODCoreInfraSG"
        },
        "IpProtocol": "TCP",
        "FromPort": 9389,
        "ToPort": 9389,
        "SourceSecurityGroupId": {
          "Ref": "prepayALLPRODPrivateSG"
        },
        "Tags": [
          {
            "Key": "Comment",
            "Value": "Internal TC3 Private All: AD DS Web Services"
          }
        ]
      }
    },
    "PrivatePRODCoreInfraSGIngress31": {
      "Type": "AWS::EC2::SecurityGroupIngress",
      "Properties": {
        "GroupId": {
          "Ref": "prepayPrivatePRODCoreInfraSG"
        },
        "IpProtocol": "TCP",
        "FromPort": 49152,
        "ToPort": 65535,
        "SourceSecurityGroupId": {
          "Ref": "prepayALLPRODPrivateSG"
        },
        "Tags": [
          {
            "Key": "Comment",
            "Value": "Internal TC3 Private All: Active Directory"
          }
        ]
      }
    },
    "PrivatePRODCoreInfraSGIngress32": {
      "Type": "AWS::EC2::SecurityGroupIngress",
      "Properties": {
        "GroupId": {
          "Ref": "prepayPrivatePRODCoreInfraSG"
        },
        "IpProtocol": "UDP",
        "FromPort": 49152,
        "ToPort": 65535,
        "SourceSecurityGroupId": {
          "Ref": "prepayALLPRODPrivateSG"
        },
        "Tags": [
          {
            "Key": "Comment",
            "Value": "Internal TC3 Private All: Active Directory"
          }
        ]
      }
    },
    "PrivatePRODCoreInfraSGIngress33": {
      "Type": "AWS::EC2::SecurityGroupIngress",
      "Properties": {
        "GroupId": {
          "Ref": "prepayPrivatePRODCoreInfraSG"
        },
        "IpProtocol": "TCP",
        "FromPort": 10933,
        "ToPort": 10933,
        "CidrIp": "10.201.12.104/32",
        "Tags": [
          {
            "Key": "Comment",
            "Value": "Internal CH Corp: Octopus Tentacle Listener"
          }
        ]
      }
    },
    "PrivatePRODCoreInfraSGIngress34": {
      "Type": "AWS::EC2::SecurityGroupIngress",
      "Properties": {
        "GroupId": {
          "Ref": "prepayPrivatePRODCoreInfraSG"
        },
        "IpProtocol": "TCP",
        "FromPort": 2525,
        "ToPort": 2525,
        "CidrIp": "10.120.44.0/24",
        "Tags": [
          {
            "Key": "Comment",
            "Value": "Test"
          }
        ]
      }
    },
    "PrivatePRODCoreInfraSGIngress35": {
      "Type": "AWS::EC2::SecurityGroupIngress",
      "Properties": {
        "GroupId": {
          "Ref": "prepayPrivatePRODCoreInfraSG"
        },
        "IpProtocol": "TCP",
        "FromPort": 389,
        "ToPort": 389,
        "CidrIp": "10.165.204.0/22",
        "Tags": [
          {
            "Key": "Comment",
            "Value": "Internal LDAP Manager access"
          }
        ]
      }
    },
    "PrivatePRODCoreInfraSGIngress36": {
      "Type": "AWS::EC2::SecurityGroupIngress",
      "Properties": {
        "GroupId": {
          "Ref": "prepayPrivatePRODCoreInfraSG"
        },
        "IpProtocol": "UDP",
        "FromPort": 389,
        "ToPort": 389,
        "CidrIp": "10.165.204.0/22",
        "Tags": [
          {
            "Key": "Comment",
            "Value": "Internal LDAP Manager access"
          }
        ]
      }
    },
    "PrivatePRODCoreInfraSGIngress37": {
      "Type": "AWS::EC2::SecurityGroupIngress",
      "Properties": {
        "GroupId": {
          "Ref": "prepayPrivatePRODCoreInfraSG"
        },
        "IpProtocol": "TCP",
        "FromPort": 389,
        "ToPort": 389,
        "CidrIp": "10.160.204.0/22",
        "Tags": [
          {
            "Key": "Comment",
            "Value": "Internal LDAP Manager access"
          }
        ]
      }
    },
    "PrivatePRODCoreInfraSGIngress38": {
      "Type": "AWS::EC2::SecurityGroupIngress",
      "Properties": {
        "GroupId": {
          "Ref": "prepayPrivatePRODCoreInfraSG"
        },
        "IpProtocol": "UDP",
        "FromPort": 389,
        "ToPort": 389,
        "CidrIp": "10.160.204.0/22",
        "Tags": [
          {
            "Key": "Comment",
            "Value": "Internal LDAP Manager access"
          }
        ]
      }
    },
    "PrivatePRODCoreInfraSGIngress39": {
      "Type": "AWS::EC2::SecurityGroupIngress",
      "Properties": {
        "GroupId": {
          "Ref": "prepayPrivatePRODCoreInfraSG"
        },
        "IpProtocol": "TCP",
        "FromPort": 389,
        "ToPort": 389,
        "CidrIp": "10.140.204.0/22",
        "Tags": [
          {
            "Key": "Comment",
            "Value": "Internal LDAP Manager access"
          }
        ]
      }
    },
    "PrivatePRODCoreInfraSGIngress40": {
      "Type": "AWS::EC2::SecurityGroupIngress",
      "Properties": {
        "GroupId": {
          "Ref": "prepayPrivatePRODCoreInfraSG"
        },
        "IpProtocol": "UDP",
        "FromPort": 389,
        "ToPort": 389,
        "CidrIp": "10.140.204.0/22",
        "Tags": [
          {
            "Key": "Comment",
            "Value": "Internal LDAP Manager access"
          }
        ]
      }
    },
    "prepayPrivatePRODLoadBalancerSG": {
      "Type": "AWS::EC2::SecurityGroup",
      "Properties": {
        "GroupDescription": "Security Group Rules for access to PrivatePRODLoadBalancerSG",
        "VpcId": {
          "Ref": "Vpc"
        },
        "Tags": [
          {
            "Key": "Name",
            "Value": {
              "Fn::Join": [
                "",
                [
                  {
                    "Ref": "TagApplicationname"
                  },
                  "-",
                  "prepayPrivatePRODLoadBalancerSG",
                  "-",
                  "aws"
                ]
              ]
            }
          },
          {
            "Key": "Billing",
            "Value": {
              "Fn::Join": [
                "",
                [
                  {
                    "Ref": "TagBusinessunit"
                  },
                  ".",
                  {
                    "Ref": "TagDepartment"
                  },
                  ".",
                  {
                    "Ref": "TagProduct"
                  },
                  ".",
                  {
                    "Ref": "TagPercent"
                  }
                ]
              ]
            }
          },
          {
            "Key": "Description",
            "Value": {
              "Fn::Join": [
                "",
                [
                  "env=",
                  {
                    "Ref": "TagEnvironment"
                  },
                  "/",
                  "appid=",
                  {
                    "Ref": "TagAppid"
                  },
                  "/",
                  "comp=",
                  {
                    "Ref": "TagComponent"
                  },
                  "/",
                  "monitor=",
                  {
                    "Ref": "TagMonitor"
                  }
                ]
              ]
            }
          }
        ]
      }
    },
    "PrivatePRODLoadBalancerSGIngress0": {
      "Type": "AWS::EC2::SecurityGroupIngress",
      "Properties": {
        "GroupId": {
          "Ref": "prepayPrivatePRODLoadBalancerSG"
        },
        "IpProtocol": "ICMP",
        "FromPort": -1,
        "ToPort": -1,
        "SourceSecurityGroupId": {
          "Ref": "prepayALLPRODPrivateSG"
        },
        "Tags": [
          {
            "Key": "Comment",
            "Value": "Internal TC3 VPC: ICMP health check"
          }
        ]
      }
    },
    "PrivatePRODLoadBalancerSGIngress1": {
      "Type": "AWS::EC2::SecurityGroupIngress",
      "Properties": {
        "GroupId": {
          "Ref": "prepayPrivatePRODLoadBalancerSG"
        },
        "IpProtocol": "ICMP",
        "FromPort": -1,
        "ToPort": -1,
        "CidrIp": "10.165.104.0/22",
        "Tags": [
          {
            "Key": "Comment",
            "Value": "Emdeon VDI segment: ICMP health check"
          }
        ]
      }
    },
    "PrivatePRODLoadBalancerSGIngress2": {
      "Type": "AWS::EC2::SecurityGroupIngress",
      "Properties": {
        "GroupId": {
          "Ref": "prepayPrivatePRODLoadBalancerSG"
        },
        "IpProtocol": "TCP",
        "FromPort": 443,
        "ToPort": 443,
        "SourceSecurityGroupId": {
          "Ref": "prepayALLPRODPrivateSG"
        },
        "Tags": [
          {
            "Key": "Comment",
            "Value": "Internal TC3 VPC: HTTPS for chef web traffic"
          }
        ]
      }
    },
    "PrivatePRODLoadBalancerSGIngress3": {
      "Type": "AWS::EC2::SecurityGroupIngress",
      "Properties": {
        "GroupId": {
          "Ref": "prepayPrivatePRODLoadBalancerSG"
        },
        "IpProtocol": "TCP",
        "FromPort": 443,
        "ToPort": 443,
        "CidrIp": "1.1.1.1/32",
        "Tags": [
          {
            "Key": "Comment",
            "Value": "Emdeon Datacenter loadbalancer: HTTPS for web traffic"
          }
        ]
      }
    },
    "PrivatePRODLoadBalancerSGIngress4": {
      "Type": "AWS::EC2::SecurityGroupIngress",
      "Properties": {
        "GroupId": {
          "Ref": "prepayPrivatePRODLoadBalancerSG"
        },
        "IpProtocol": "TCP",
        "FromPort": 22,
        "ToPort": 22,
        "CidrIp": "1.1.1.1/32",
        "Tags": [
          {
            "Key": "Comment",
            "Value": "Emdeon Datacenter loadbalancer: SSH for SFTP"
          }
        ]
      }
    },
    "PrivatePRODLoadBalancerSGIngress5": {
      "Type": "AWS::EC2::SecurityGroupIngress",
      "Properties": {
        "GroupId": {
          "Ref": "prepayPrivatePRODLoadBalancerSG"
        },
        "IpProtocol": "TCP",
        "FromPort": 8443,
        "ToPort": 8449,
        "SourceSecurityGroupId": {
          "Ref": "prepayALLPRODPrivateSG"
        },
        "Tags": [
          {
            "Key": "Comment",
            "Value": "Internal TC3 HTTPS for application web traffic"
          }
        ]
      }
    },
    "PrivatePRODLoadBalancerSGIngress7": {
      "Type": "AWS::EC2::SecurityGroupIngress",
      "Properties": {
        "GroupId": {
          "Ref": "prepayPrivatePRODLoadBalancerSG"
        },
        "IpProtocol": "TCP",
        "FromPort": 18443,
        "ToPort": 18446,
        "SourceSecurityGroupId": {
          "Ref": "prepayALLPRODPrivateSG"
        },
        "Tags": [
          {
            "Key": "Comment",
            "Value": "Internal TC3 HTTPS for application web traffic"
          }
        ]
      }
    },
    "PrivatePRODLoadBalancerSGIngress9": {
      "Type": "AWS::EC2::SecurityGroupIngress",
      "Properties": {
        "GroupId": {
          "Ref": "prepayPrivatePRODLoadBalancerSG"
        },
        "IpProtocol": "TCP",
        "FromPort": 18443,
        "ToPort": 18446,
        "CidrIp": "10.0.0.0/8",
        "Tags": [
          {
            "Key": "Comment",
            "Value": "ALL CHC Internal: TC3 HTTPS for application web traffic"
          }
        ]
      }
    },
    "PrivatePRODLoadBalancerSGIngress10": {
      "Type": "AWS::EC2::SecurityGroupIngress",
      "Properties": {
        "GroupId": {
          "Ref": "prepayPrivatePRODLoadBalancerSG"
        },
        "IpProtocol": "TCP",
        "FromPort": 443,
        "ToPort": 443,
        "CidrIp": "10.0.0.0/8",
        "Tags": [
          {
            "Key": "Comment",
            "Value": "ALL CHC Internal: TC3 HTTPS for application web traffic"
          }
        ]
      }
    },
    "PrivatePRODLoadBalancerSGIngress11": {
      "Type": "AWS::EC2::SecurityGroupIngress",
      "Properties": {
        "GroupId": {
          "Ref": "prepayPrivatePRODLoadBalancerSG"
        },
        "IpProtocol": "TCP",
        "FromPort": 8443,
        "ToPort": 8449,
        "CidrIp": "10.0.0.0/8",
        "Tags": [
          {
            "Key": "Comment",
            "Value": "ALL CHC Internal: TC3 HTTPS for application web traffic"
          }
        ]
      }
    },
    "prepayALLPRODPrivateSG": {
      "Type": "AWS::EC2::SecurityGroup",
      "Properties": {
        "GroupDescription": "Security Group Rules for access to ALLPRODPrivateSG",
        "VpcId": {
          "Ref": "Vpc"
        },
        "Tags": [
          {
            "Key": "Name",
            "Value": {
              "Fn::Join": [
                "",
                [
                  {
                    "Ref": "TagApplicationname"
                  },
                  "-",
                  "prepayALLPRODPrivateSG",
                  "-",
                  "aws"
                ]
              ]
            }
          },
          {
            "Key": "Billing",
            "Value": {
              "Fn::Join": [
                "",
                [
                  {
                    "Ref": "TagBusinessunit"
                  },
                  ".",
                  {
                    "Ref": "TagDepartment"
                  },
                  ".",
                  {
                    "Ref": "TagProduct"
                  },
                  ".",
                  {
                    "Ref": "TagPercent"
                  }
                ]
              ]
            }
          },
          {
            "Key": "Description",
            "Value": {
              "Fn::Join": [
                "",
                [
                  "env=",
                  {
                    "Ref": "TagEnvironment"
                  },
                  "/",
                  "appid=",
                  {
                    "Ref": "TagAppid"
                  },
                  "/",
                  "comp=",
                  {
                    "Ref": "TagComponent"
                  },
                  "/",
                  "monitor=",
                  {
                    "Ref": "TagMonitor"
                  }
                ]
              ]
            }
          }
        ]
      }
    },    
     "ALLPRODPrivateSGIngress0": {
      "Type": "AWS::EC2::SecurityGroupIngress",
      "Properties": {
        "GroupId": {
          "Ref": "prepayALLPRODPrivateSG"
        },
        "IpProtocol": "ICMP",
        "FromPort": -1,
        "ToPort": -1,
        "CidrIp": "10.165.104.0/22",
        "Tags": [
          {
            "Key": "Comment",
            "Value": "Emdeon VDI segment: ICMP for test and administration"
          }
        ]
      }
    },
    "ALLPRODPrivateSGIngress1": {
      "Type": "AWS::EC2::SecurityGroupIngress",
      "Properties": {
        "GroupId": {
          "Ref": "prepayALLPRODPrivateSG"
        },
        "IpProtocol": "TCP",
        "FromPort": 22,
        "ToPort": 22,
        "CidrIp": "10.165.104.0/22",
        "Tags": [
          {
            "Key": "Comment",
            "Value": "Emdeon VDI segment: SSH for test and administration"
          }
        ]
      }
    },
    "ALLPRODPrivateSGIngress2": {
      "Type": "AWS::EC2::SecurityGroupIngress",
      "Properties": {
        "GroupId": {
          "Ref": "prepayALLPRODPrivateSG"
        },
        "IpProtocol": "TCP",
        "FromPort": 443,
        "ToPort": 443,
        "CidrIp": "10.165.104.0/22",
        "Tags": [
          {
            "Key": "Comment",
            "Value": "Emdeon VDI segment: HTTPS for test"
          }
        ]
      }
    },
    "ALLPRODPrivateSGIngress3": {
      "Type": "AWS::EC2::SecurityGroupIngress",
      "Properties": {
        "GroupId": {
          "Ref": "prepayALLPRODPrivateSG"
        },
        "IpProtocol": "TCP",
        "FromPort": 1433,
        "ToPort": 1433,
        "CidrIp": "10.165.104.0/22",
        "Tags": [
          {
            "Key": "Comment",
            "Value": "Emdeon VDI segment: MSSQL for test"
          }
        ]
      }
    },
    "ALLPRODPrivateSGIngress4": {
      "Type": "AWS::EC2::SecurityGroupIngress",
      "Properties": {
        "GroupId": {
          "Ref": "prepayALLPRODPrivateSG"
        },
        "IpProtocol": "TCP",
        "FromPort": 3389,
        "ToPort": 3389,
        "CidrIp": "10.165.104.0/22",
        "Tags": [
          {
            "Key": "Comment",
            "Value": "Emdeon VDI segment: RDP for test and administration"
          }
        ]
      }
    },
    "ALLPRODPrivateSGIngress5": {
      "Type": "AWS::EC2::SecurityGroupIngress",
      "Properties": {
        "GroupId": {
          "Ref": "prepayALLPRODPrivateSG"
        },
        "IpProtocol": "TCP",
        "FromPort": 135,
        "ToPort": 135,
        "CidrIp": "10.165.104.0/22",
        "Tags": [
          {
            "Key": "Comment",
            "Value": "Emdeon VDI segment: DCOM RPC"
          }
        ]
      }
    },
    "ALLPRODPrivateSGIngress6": {
      "Type": "AWS::EC2::SecurityGroupIngress",
      "Properties": {
        "GroupId": {
          "Ref": "prepayALLPRODPrivateSG"
        },
        "IpProtocol": "TCP",
        "FromPort": 139,
        "ToPort": 139,
        "CidrIp": "10.165.104.0/22",
        "Tags": [
          {
            "Key": "Comment",
            "Value": "Emdeon VDI segment: Netbios NS, datagram, session for administration"
          }
        ]
      }
    },
    "ALLPRODPrivateSGIngress7": {
      "Type": "AWS::EC2::SecurityGroupIngress",
      "Properties": {
        "GroupId": {
          "Ref": "prepayALLPRODPrivateSG"
        },
        "IpProtocol": "TCP",
        "FromPort": 445,
        "ToPort": 445,
        "CidrIp": "10.165.104.0/22",
        "Tags": [
          {
            "Key": "Comment",
            "Value": "Emdeon VDI segment: MS SMB Directory Services"
          }
        ]
      }
    },
    "ALLPRODPrivateSGIngress8": {
      "Type": "AWS::EC2::SecurityGroupIngress",
      "Properties": {
        "GroupId": {
          "Ref": "prepayALLPRODPrivateSG"
        },
        "IpProtocol": "TCP",
        "FromPort": 22,
        "ToPort": 22,
        "CidrIp": "10.255.100.15/32",
        "Tags": [
          {
            "Key": "Comment",
            "Value": "Emdeon cmmercdev01: SSH for test and administration"
          }
        ]
      }
    },
    "ALLPRODPrivateSGIngress9": {
      "Type": "AWS::EC2::SecurityGroupIngress",
      "Properties": {
        "GroupId": {
          "Ref": "prepayALLPRODPrivateSG"
        },
        "IpProtocol": "TCP",
        "FromPort": 443,
        "ToPort": 443,
        "CidrIp": "10.255.100.15/32",
        "Tags": [
          {
            "Key": "Comment",
            "Value": "Emdeon cmmercdev01: HTTPS for test"
          }
        ]
      }
    },
    "ALLPRODPrivateSGIngress10": {
      "Type": "AWS::EC2::SecurityGroupIngress",
      "Properties": {
        "GroupId": {
          "Ref": "prepayALLPRODPrivateSG"
        },
        "IpProtocol": "TCP",
        "FromPort": 3389,
        "ToPort": 3389,
        "CidrIp": "10.255.100.15/32",
        "Tags": [
          {
            "Key": "Comment",
            "Value": "Emdeon cmmercdev01: RDP for test and administration"
          }
        ]
      }
    },
    "ALLPRODPrivateSGIngress11": {
      "Type": "AWS::EC2::SecurityGroupIngress",
      "Properties": {
        "GroupId": {
          "Ref": "prepayALLPRODPrivateSG"
        },
        "IpProtocol": "TCP",
        "FromPort": 22,
        "ToPort": 22,
        "CidrIp": "10.255.81.13/32",
        "Tags": [
          {
            "Key": "Comment",
            "Value": "Emdeon irv01wtxsvr01: SSH for test and administration"
          }
        ]
      }
    },
    "ALLPRODPrivateSGIngress12": {
      "Type": "AWS::EC2::SecurityGroupIngress",
      "Properties": {
        "GroupId": {
          "Ref": "prepayALLPRODPrivateSG"
        },
        "IpProtocol": "TCP",
        "FromPort": 443,
        "ToPort": 443,
        "CidrIp": "10.255.81.13/32",
        "Tags": [
          {
            "Key": "Comment",
            "Value": "Emdeon irv01wtxsvr01: HTTPS for test"
          }
        ]
      }
    },
    "ALLPRODPrivateSGIngress13": {
      "Type": "AWS::EC2::SecurityGroupIngress",
      "Properties": {
        "GroupId": {
          "Ref": "prepayALLPRODPrivateSG"
        },
        "IpProtocol": "TCP",
        "FromPort": 3389,
        "ToPort": 3389,
        "CidrIp": "10.255.81.13/32",
        "Tags": [
          {
            "Key": "Comment",
            "Value": "Emdeon irv01wtxsvr01: RDP for test and administration"
          }
        ]
      }
    },
    "ALLPRODPrivateSGIngress14": {
      "Type": "AWS::EC2::SecurityGroupIngress",
      "Properties": {
        "GroupId": {
          "Ref": "prepayALLPRODPrivateSG"
        },
        "IpProtocol": "TCP",
        "FromPort": 22,
        "ToPort": 22,
        "CidrIp": "10.145.80.0/21",
        "Tags": [
          {
            "Key": "Comment",
            "Value": "Emdeon VPN: SSH for test and administration"
          }
        ]
      }
    },
    "ALLPRODPrivateSGIngress15": {
      "Type": "AWS::EC2::SecurityGroupIngress",
      "Properties": {
        "GroupId": {
          "Ref": "prepayALLPRODPrivateSG"
        },
        "IpProtocol": "TCP",
        "FromPort": 443,
        "ToPort": 443,
        "CidrIp": "10.145.80.0/21",
        "Tags": [
          {
            "Key": "Comment",
            "Value": "Emdeon VPN: HTTPS for test"
          }
        ]
      }
    },
    "ALLPRODPrivateSGIngress16": {
      "Type": "AWS::EC2::SecurityGroupIngress",
      "Properties": {
        "GroupId": {
          "Ref": "prepayALLPRODPrivateSG"
        },
        "IpProtocol": "TCP",
        "FromPort": 3389,
        "ToPort": 3389,
        "CidrIp": "10.145.80.0/21",
        "Tags": [
          {
            "Key": "Comment",
            "Value": "Emdeon VPN: RDP for test and administration"
          }
        ]
      }
    },
    "ALLPRODPrivateSGIngress17": {
      "Type": "AWS::EC2::SecurityGroupIngress",
      "Properties": {
        "GroupId": {
          "Ref": "prepayALLPRODPrivateSG"
        },
        "IpProtocol": "ICMP",
        "FromPort": -1,
        "ToPort": -1,
        "CidrIp": "10.165.43.0/24",
        "Tags": [
          {
            "Key": "Comment",
            "Value": "Emdeon VPN segment: ICMP for test and administration"
          }
        ]
      }
    },
    "ALLPRODPrivateSGIngress18": {
      "Type": "AWS::EC2::SecurityGroupIngress",
      "Properties": {
        "GroupId": {
          "Ref": "prepayALLPRODPrivateSG"
        },
        "IpProtocol": "TCP",
        "FromPort": 22,
        "ToPort": 22,
        "CidrIp": "10.165.43.0/24",
        "Tags": [
          {
            "Key": "Comment",
            "Value": "Emdeon VPN segment: SSH for test and administration"
          }
        ]
      }
    },
    "ALLPRODPrivateSGIngress19": {
      "Type": "AWS::EC2::SecurityGroupIngress",
      "Properties": {
        "GroupId": {
          "Ref": "prepayALLPRODPrivateSG"
        },
        "IpProtocol": "TCP",
        "FromPort": 443,
        "ToPort": 443,
        "CidrIp": "10.165.43.0/24",
        "Tags": [
          {
            "Key": "Comment",
            "Value": "Emdeon VPN segment: HTTPS for test"
          }
        ]
      }
    },
    "ALLPRODPrivateSGIngress20": {
      "Type": "AWS::EC2::SecurityGroupIngress",
      "Properties": {
        "GroupId": {
          "Ref": "prepayALLPRODPrivateSG"
        },
        "IpProtocol": "TCP",
        "FromPort": 3389,
        "ToPort": 3389,
        "CidrIp": "10.165.43.0/24",
        "Tags": [
          {
            "Key": "Comment",
            "Value": "Emdeon VPN segment: RDP for test and administration"
          }
        ]
      }
    },
     "ALLPRODPrivateSGIngress21": {
      "Type": "AWS::EC2::SecurityGroupIngress",
      "Properties": {
        "GroupId": {
          "Ref": "prepayALLPRODPrivateSG"
        },
        "IpProtocol": "ICMP",
        "FromPort": -1,
        "ToPort": -1,
        "CidrIp": "10.165.24.0/24",
        "Tags": [
          {
            "Key": "Comment",
            "Value": "Emdeon PE desktop segment: ICMP for test and administration"
          }
        ]
      }
    },
    "ALLPRODPrivateSGIngress22": {
      "Type": "AWS::EC2::SecurityGroupIngress",
      "Properties": {
        "GroupId": {
          "Ref": "prepayALLPRODPrivateSG"
        },
        "IpProtocol": "TCP",
        "FromPort": 22,
        "ToPort": 22,
        "CidrIp": "10.165.24.0/24",
        "Tags": [
          {
            "Key": "Comment",
            "Value": "Emdeon PE desktop segment: SSH for test and administration"
          }
        ]
      }
    },
    "ALLPRODPrivateSGIngress23": {
      "Type": "AWS::EC2::SecurityGroupIngress",
      "Properties": {
        "GroupId": {
          "Ref": "prepayALLPRODPrivateSG"
        },
        "IpProtocol": "TCP",
        "FromPort": 443,
        "ToPort": 443,
        "CidrIp": "10.165.24.0/24",
        "Tags": [
          {
            "Key": "Comment",
            "Value": "Emdeon PE desktop segment: HTTPS for test"
          }
        ]
      }
    },
    "ALLPRODPrivateSGIngress24": {
      "Type": "AWS::EC2::SecurityGroupIngress",
      "Properties": {
        "GroupId": {
          "Ref": "prepayALLPRODPrivateSG"
        },
        "IpProtocol": "TCP",
        "FromPort": 3389,
        "ToPort": 3389,
        "CidrIp": "10.165.24.0/24",
        "Tags": [
          {
            "Key": "Comment",
            "Value": "Emdeon PE desktop segment: RDP for test and administration"
          }
        ]
      }
    },
    "ALLPRODPrivateSGIngress25": {
      "Type": "AWS::EC2::SecurityGroupIngress",
      "Properties": {
        "GroupId": {
          "Ref": "prepayALLPRODPrivateSG"
        },
        "IpProtocol": "TCP",
        "FromPort": 8888,
        "ToPort": 8888,
        "CidrIp": "10.165.104.0/22",
        "Tags": [
          {
            "Key": "Comment",
            "Value": "Internal CH Self Service Password tool"
          }
        ]
      }
    },
    "ALLPRODPrivateSGIngress26": {
      "Type": "AWS::EC2::SecurityGroupIngress",
      "Properties": {
        "GroupId": {
          "Ref": "prepayALLPRODPrivateSG"
        },
        "IpProtocol": "TCP",
        "FromPort": 443,
        "ToPort": 443,
        "CidrIp": "10.120.34.0/24",
        "Tags": [
          {
            "Key": "Comment",
            "Value": "Emdeon QA desktop segment: HTTPS from TC3 Minnesota "
          }
        ]
      }
    },
    "ALLPRODPrivateSGIngress27": {
      "Type": "AWS::EC2::SecurityGroupIngress",
      "Properties": {
        "GroupId": {
          "Ref": "prepayALLPRODPrivateSG"
        },
        "IpProtocol": "TCP",
        "FromPort": 3389,
        "ToPort": 3389,
        "CidrIp": "10.120.34.0/24",
        "Tags": [
          {
            "Key": "Comment",
            "Value": "Emdeon QA desktop segment: RDP from TC3 Minnesota "
          }
        ]
      }
    }
  }
}
