﻿{
  "AWSTemplateFormatVersion": "2010-09-09",
  "Parameters": {
    "Creator": {
      "Default": "picommandserver",
      "Description": "Creator of stack",
      "Type": "String"
    },
    "InfrastructureBucket": {
      "Default": "#{InfrastructureBucket}",
      "Description": "Infrastructure files bucket",
      "Type": "String"
    },
    "SeedBucket": {
      "Default": "#{SeedBucket}",
      "Description": "Infrastructure seed files bucket",
      "Type": "String"
    },
    "InfrastructureBucketPath": {
      "Default": "/#{InfrastructureBucketPath}",
      "Description": "Infrastructure bucket file path",
      "Type": "String"
    },
    "TagBilling": {
            "Type": "String",
            "Default": "#{TagBilling}"
        },     
      "TagApplicationname": {
        "Type": "String",
        "Default":  "#{TagApplicationname}"
      },
      "TagAppid": {
        "Type": "String",
        "Default": "#{TagAppid}"
      },
      "TagTeam": {
        "Type": "String",
        "Default":  "#{TagTeam}"
      },
      "TagMonitor": {
        "Type": "String",
        "Default": "false",
        "AllowedValues": [
          "true",
          "false"
        ]
      },
    "TagEnvironment": {
      "Type": "String",
      "Description": "One of only: %w(DEV QA CERT TEST NONPROD MGMT DR PROD IMP)",
      "Default": "#{TagEnvironment}"     
    },
    "TagComponent": {
      "Description": "The sub-component piece of the application stack (part of the AWS tag Description)",
      "Type": "String",
      "Default": "#{SqlTagComponent}"
    },
    "Vpc": {
      "Description": "VPC ID",
      "Type": "String",
      "Default":  "#{Vpc}"
    },
    "VpcCidr": {
      "Description": "VPC Subnet",
      "Type": "String",
      "Default": "#{VpcCidr}"
    },
    "ChefServerUrl": {
      "Description": "URL for the chef server",
      "Type": "String",
      "Default": "#{ChefServerUrl}"
    },
    "ChefServerOrg": {
      "Description": "Initial Chef Server Organization",
      "Default": "#{ChefServerOrg}",
      "Type": "String"
    },
    "TagOs": {
      "Type": "String",
      "Default": "#{SqlTagOs}"
    },
    "ChefClientVersion": {
      "Description": "Chef client version",
      "Default":  "#{ChefClientVersion}",
      "Type": "String"
    },
    "DomainTld": {
      "Description": "TLD Top Level Domain-name",
      "Type": "String",
      "Default": "#{DomainTld}"
    },
    "DomainNetbiosName": {
      "Description": "domain netbios name",
      "Type": "String",
      "Default": "#{DomainNetbiosName}"
    },
    "SqlInstallIsoFilename": {
      "Description": "filename of mssql install iso",
      "Type": "String",
      "Default": "#{SqlInstallIsoFilename}"
    },
    "ChefEnvironment": {
      "Description": "Chef environment",
      "Default": "#{ChefDefaultEnv}",      
      "Type": "String"
    },
    "TagRole": {
      "Description": "The role of this piece the application stack (part of the AWS tag Name)",
      "Type": "String",
      "Default": "#{SqlTagRole}"
    },
    "PrivateSubnetWitnessD": {
      "Type": "String",
      "Default": "#{DbSubnet3Id}"
    },
    "AllPrivateSG": {
      "Type": "String",
      "Default": "#{AllPrivateSG}"
    },
    "PrivateDatabaseSG": {
      "Type": "String",
      "Default":  "#{DatabaseSG}"
    },
    "WitnessEc2InstanceKeypair": {
      "Type": "String",
      "Default":  "#{SqlEC2Keypair}"
    },
    "Pwitness101Ec2InstanceHostname": {
      "Type": "String",
      "Default":"#{Witness101HostName}"
    },
    "WitnessInstanceSize": {   
      "Default": "#{WitnessInstanceSize}",
      "Description": "Size of created instance",
      "Type": "String"
    },
    "WitnessInstanceImageType": {
      "AllowedValues": [ "windows2012R2", "windows2012R2MSSQL2014Express", "clusterMemberMSSQL2014", "clusterWitnessMSSQL2014" ],
      "Default": "clusterWitnessMSSQL2014",
      "Description": "Instance platform",
      "Type": "String"
    },
    "WindowsClusterName1": {
      "Description": "windows cluster name",
      "Type": "String",
      "Default": "#{WindowsClusterName1}"
    },
    "Pwitness101Ec2InstanceGateway": {
      "Default": "#{DefaultGateway3}",
      "Type": "String"
    }
  },
  "Outputs": {
    "Creator": { "Value": { "Ref": "Creator" } },
    "InfrastructureBucket": { "Value": { "Ref": "InfrastructureBucket" } },               
    "TagApplicationname": { "Value": { "Ref": "TagApplicationname" } },
    "TagAppid": { "Value": { "Ref": "TagAppid" } },
    "TagMonitor": { "Value": { "Ref": "TagMonitor" } },
    "TagEnvironment": { "Value": { "Ref": "TagEnvironment" } },
    "TagComponent": { "Value": { "Ref": "TagComponent" } },
    "Vpc": { "Value": { "Ref": "Vpc" } },
    "VpcCidr": { "Value": { "Ref": "VpcCidr" } },
    "TagRole": { "Value": { "Ref": "TagRole" } },
    "Pwitness101InstanceId": {
      "Description": "InstanceId of the newly created EC2 instance",
      "Value": { "Ref": "Pwitness101Ec2Instance" }
    },
    "CompileState": { "Value": "{\"cluster_designation\":1,\"cluster_prefix\":\"witness1-\",\"cluster_member_count\":1}" }
  },  
  "Description": "#{WitnessStackDescription}",
  "Resources": {
    "Pwitness101WaitConditionHandle": { "Type": "AWS::CloudFormation::WaitConditionHandle" },
    "Pwitness101WaitCondition": {
      "Type": "AWS::CloudFormation::WaitCondition",
      "DependsOn" : "Pwitness101Ec2Instance",
      "Properties": {
        "Count": 1,
        "Handle": { "Ref": "Pwitness101WaitConditionHandle" },
        "Timeout": 28800
      }
    },
    "Pwitness101Ec2Instance": {
      "Type": "AWS::EC2::Instance",
      "Properties": {
        "ImageId": "#{SqlAmiId}",
        "InstanceType": { "Ref": "WitnessInstanceSize" },
        "KeyName": { "Ref": "WitnessEc2InstanceKeypair" },
        "IamInstanceProfile": "#{SqlInstanceRole}",
        "NetworkInterfaces": [
          {
            "DeviceIndex": 0,
            "Description": {
              "Fn::Join": [
                "",
                [
                  { "Ref": "Pwitness101Ec2InstanceHostname" },
                  "_eth0"
                ]
              ]
            },
            "AssociatePublicIpAddress": false,
            "DeleteOnTermination": true,
            "SubnetId": { "Ref": "PrivateSubnetWitnessD" },
            "GroupSet": [
              { "Ref": "AllPrivateSG" },
              { "Ref": "PrivateDatabaseSG" }
            ]
          }
        ],
        "UserData": {
          "Fn::Base64": {
            "Fn::Join": [
              "",
              [
                "<script>\n",               
                "cfn-init.exe -v --configset config -s ",
                { "Ref": "AWS::StackId" },
                " --region ",
                { "Ref": "AWS::Region" },
                " -r Pwitness101Ec2Instance --role ",
                "#{SqlInstanceRole}",
                "\n",
                "</script>"
              ]
            ]
          }
        },
        "Tags": [
          {
            "Key": "Name",
            "Value": {
              "Fn::Join": [
                "",
                [
                  { "Ref": "TagApplicationname" },
                  "-",
                  "#{Witness1Name}",
                  "-",
                  { "Ref": "TagOs" }
                ]
              ]
            }
          },
          {
            "Key": "Billing",
            "Value": {
              "Fn::Join": [
                "",
                {
                      "Ref": "TagBilling"
                }
              ]
            }
          },
          {
            "Key": "Description",
            "Value": {
              "Fn::Join": [
                "",
                [
                    "env=",
                    {
                      "Ref": "TagEnvironment"
                    },
                    "/",
                    "appid=",
                    {
                      "Ref": "TagAppid"
                    },
                    "/",
                    "comp=",
                    {
                      "Ref": "TagComponent"
                    },
                    "/",
                    "monitor=",
                    {
                      "Ref": "TagMonitor"
                    },
                    "/",
                    "team=",
                    {
                        "Ref": "TagTeam"
                    }
                  ]
              ]
            }
          }
        ]
      },
      "Metadata": {
        "AWS::CloudFormation::Authentication": {
          "InfrastructureBucketCredentials": {
            "type": "S3",
            "buckets": [ { "Ref": "InfrastructureBucket" } ],
            "roleName": "#{SqlInstanceRole}"
          },
          "SeedBucketCredentials": {
            "type": "S3",
            "buckets": [ { "Ref": "SeedBucket" } ],
            "roleName": "#{SqlInstanceRole}"
          }
        },
        "AWS::CloudFormation::Init": {
          "configSets": { "config": [ "cfnsetup", "disableautorename", "disableuac", "dnsserver", "rename", "sublimetext", "diskpart", "copydb", "firstchefrun", "secondchefrun", "thirdchefrun", "unconditionalsuccess" ] },
          "cfnsetup": {
            "files": {
              "c:\\cfn\\cfn-hup.conf": {
                "content": {
                  "Fn::Join": [
                    "",
                    [
                      "[main]\n",
                      "stack=",
                      { "Ref": "AWS::StackId" },
                      "\n",
                      "region=",
                      { "Ref": "AWS::Region" },
                      "\n"
                    ]
                  ]
                }
              },
              "c:\\cfn\\hooks.d\\cfn-auto-reloader.conf": {
                "content": {
                  "Fn::Join": [
                    "",
                    [
                      "[cfn-auto-reloader-hook]\n",
                      "triggers=post.update\n",
                      "path=Resources.",
                      "Pwitness101Ec2Instance",
                      ".Metadata.AWS::CloudFormation::Init\n",
                      "action=cfn-init.exe -v -s ",
                      { "Ref": "AWS::StackId" },
                      " --role ",
                      "#{SqlInstanceRole}",
                      " --region ",
                      { "Ref": "AWS::Region" },
                      "\n"
                    ]
                  ]
                }
              }
            },
            "services": {
              "windows": {
                "cfn-hup": {
                  "enabled": true,
                  "ensure_running": true,
                  "files": [ "c:\\cfn\\cfn-hup.conf", "c:\\cfn\\hooks.d\\cfn-auto-reloader.conf" ]
                }
              }
            },
            "commands": {
              "00-set-execution-policy": {
                "command": "powershell.exe -command Set-ExecutionPolicy RemoteSigned -Force",
                "waitAfterCompletion": "0"
              }
            }
          },
          "disableautorename": {
            "files": {
              "c:\\cfn\\scripts\\disable_autorename.ps1": {
                "content": {
                  "Fn::Join": [
                    "",
                    [ "$xml = [xml](Get-Content \"c:\\program files\\Amazon\\EC2ConfigService\\Settings\\config.xml\")\n", "$update = $xml.Ec2ConfigurationSettings.Plugins.Plugin | where {$_.Name -eq 'Ec2SetComputerName'}\n", "$update.State = 'Disabled'\n", "$xml.Save(\"c:\\program files\\Amazon\\EC2ConfigService\\Settings\\config.xml\")\n" ]
                  ]
                }
              }
            },
            "commands": {
              "00-disable-auto-rename": {
                "command": "powershell.exe -ExecutionPolicy RemoteSigned c:\\cfn\\scripts\\disable_autorename.ps1",
                "waitAfterCompletion": "0"
              }
            }
          },
          "disableuac": {
            "files": {
              "c:\\cfn\\scripts\\disable_uac.ps1": { "content": "New-ItemProperty -Path \"HKLM:\\Software\\Microsoft\\Windows\\CurrentVersion\\policies\\system\" -Name EnableLUA -PropertyType DWORD -Value 0 -Force" },
              "c:\\cfn\\scripts\\disable_generic_trend_policy.ps1": { "content": "& $Env:ProgramFiles\"\\Trend Micro\\Deep Security Agent\\dsa_control\" -r" }
            },
            "commands": {
              "00-scheduled-task-disable-uac": {
                "command": "schtasks /create /tn \"disable_uac\" /tr \"powershell.exe -ExecutionPolicy RemoteSigned c:\\cfn\\scripts\\disable_uac.ps1\" /sc ONSTART /ru System",
                "waitAfterCompletion": "0"
              },
              "01-disable-generic-trendmicro-policy": {
                "command": "powershell.exe -ExecutionPolicy RemoteSigned c:\\cfn\\scripts\\disable_generic_trend_policy.ps1",
                "waitAfterCompletion": "0"
              },
              "02-place-disable_uac-scheduled-task-reboot": {
                "command": "SHUTDOWN /r /f /t 5 /c \"Wrote disable_uac scheduled task; rebooting to insert.\"",
                "waitAfterCompletion": "forever"
              },
              "03-disable_uac-takes-effect-reboot": {
                "command": "SHUTDOWN /r /f /t 5 /c \"Implemented disable_uac scheduled task; rebooting to take effect.\"",
                "waitAfterCompletion": "forever"
              }
            }
          },         
          "rename": {
            "commands": {
              "00-execute-powershell-script-RenameComputer": {
                "command": {
                  "Fn::Join": [
                    "",
                    [
                      "powershell.exe -Command Rename-Computer -NewName ",
                      { "Ref": "Pwitness101Ec2InstanceHostname" },
                      " -Force:$true -Restart:$false"
                    ]
                  ]
                },
                "waitAfterCompletion": "5"
              },
              "01-ensure-computer-rename-reboot": {
                "command": "SHUTDOWN /r /f /t 5 /c \"powershell renamed machine; rebooting to take effect.\"",
                "waitAfterCompletion": "forever"
              }
            }
          },
          "sublimetext": {
            "files": {
              "c:\\cfn\\scripts\\SublimeText3_x64.exe": {
                "source": {
                  "Fn::Join": [
                    "",
                    [ "https://", "nexus.emdeon.net", ":8443", "/nexus/content/sites/Emdeon-TC3-Health", "/SublimeText3_x64.exe" ]
                  ]
                }
              }
            },
            "commands": {
              "00-install-sublime-text": {
                "command": "c:\\cfn\\scripts\\SublimeText3_x64.exe /VERYSILENT /SUPPRESSMESSAGEBOXES /NORESTART /TASKS=\"contextentry\"",
                "waitAfterCompletion": "0"
              }
            }
          },
          "dnsserver": {
            "files": {
              "c:\\cfn\\scripts\\set_dnsserver.ps1": {
                "content": {
                  "Fn::Join": [
                    "",
                      [
                        "Set-DnsClientServerAddress -InterfaceAlias \"#{DNSInterfaceAlias}\" -ServerAddresses (\"",
                        "#{DNS_Primary}",
                        "\", \"",
                        "#{DNS_Secondary}",
                        "\")"
                      ]
                  ]
                }
              }
            },
            "commands": {
              "00-execute-powershell-script-DnsClientServerAddress": {
                "command": "powershell.exe -ExecutionPolicy RemoteSigned c:\\cfn\\scripts\\set_dnsserver.ps1",
                "waitAfterCompletion": "0"
              }
            }
          },
          "diskpart": {
            "files": {
              "C:\\cfn\\scripts\\ConfigDisks.txt": {
                "content": {
                  "Fn::Join": [
                    "",
                    [ "select disk=1 ", "\n", "offline DISK noerr ", "\n", "select disk=1 ", "\n", "ATTRIBUTES DISK CLEAR READONLY ", "\n", "ONLINE DISK noerr", "\n", "clean", "\n", "create partition primary align=1024 ", "\n", "assign letter=D ", "\n", "format fs=ntfs quick label=\"Data\" unit=64k", "\n", "exit", "\n" ]
                  ]
                }
              },
              "C:\\cfn\\scripts\\ConfigDisks.bat": {
                "content": {
                  "Fn::Join": [
                    "",
                    [ "diskpart /s C:\\cfn\\scripts\\ConfigDisks.txt", "\n" ]
                  ]
                }
              }
            },
            "commands": {
              "perform-configDisk": {
                "command": "C:\\cfn\\scripts\\ConfigDisks.bat",
                "waitAfterCompletion": "0"
              }
            }
          },
          "copydb": {
            "files": {
              "c:\\cfn\\scripts\\AdventureWorks2014.bak": {
                "source": {
                  "Fn::Join": [
                    "",
                    [
                      "https://",
                      { "Ref": "InfrastructureBucket" },
                      ".s3.amazonaws.com",
                      { "Ref": "InfrastructureBucketPath" },
                      "/dbsoftware/AdventureWorks2014.bak"
                    ]
                  ]
                }
              }
            }
          },
          "firstchefrun": {
            "files": {
              "c:\\Chef\\client.rb": {
                "content": {
                  "Fn::Join": [
                    "",
                    [
                      "current_dir = File.dirname(__FILE__)\n",
                      "log_level :info\n",
                      "log_location ",
                      "\"#{current_dir}\\\\client.log\"\n",
                      "node_name '",
                      { "Ref": "Pwitness101Ec2InstanceHostname" },
                      "'\n",
                      "environment '",
                      { "Ref": "ChefEnvironment" },
                      "'\n",
                      "ssl_verify_mode :verify_none\n",
                      "validation_client_name '",
                      { "Ref": "ChefServerOrg" },
                      "-validator'\n",
                      "validation_key ",
                      "\"#{current_dir}\\\\validator.pem\"\n",
                      "chef_server_url '",
                      { "Ref": "ChefServerUrl" },
                      "/organizations/",
                      { "Ref": "ChefServerOrg" },
                      "'\n",                    
                      "cache_type 'BasicFile'\n",
                      "cache_options( :path => \"#{current_dir}\\\\checksums\" )\n",
                      "cookbook_path \"#{current_dir}\\\\..\\\\cookbooks\"\n",
                      "\nohai.disabled_plugins = [\n# The following plugins are required for Chef to work\n# 'hostname','windows::hostname','windows::platform',\n# and also want the following plugins enabled\n# 'ruby','chef','ohai','platform'\n# 'network','uptime','ohai_time'\n:C,\n:Cloud,\n:Command,\n:Dmi,\n:DmiCommon,\n:Ec2,\n:Eucalyptus,\n:Erlang,\n:GCE,\n:Groovy,\n:IpScopes,\n:Java,\n:Keys,\n:Lua,\n:Mono,\n:NetworkListeners,\n:NetworkRoutes,\n:Passwd,\n:Perl,\n:PHP,\n:Powershell,\n:Python,\n:Rackspace,\n:Softlayer,\n:SSHHostKey,\n:Virtualization,\n:VMware,\n]\n",
                      "\n"
                    ]
                  ]
                },
                "mode": "000644"
              },
              "c:\\Chef\\validator.pem": {
                "source": {
                  "Fn::Join": [
                    "",
                    [
                      "https://",
                      { "Ref": "SeedBucket" },
                      ".s3.amazonaws.com",
                      { "Ref": "InfrastructureBucketPath" },
                       "/#{ValidatorKey}"
                    ]
                  ]
                },
                "mode": "000400",
                "authentication": "SeedBucketCredentials"
              },
              "c:\\Chef\\encrypted_data_bag_secret": {
                "source": {
                  "Fn::Join": [
                    "",
                    [
                      "https://",
                      { "Ref": "SeedBucket" },
                      ".s3.amazonaws.com",
                      { "Ref": "InfrastructureBucketPath" },
                       "/#{EncryptedDataBag}"
                    ]
                  ]
                },
                "mode": "000400",
                "authentication": "SeedBucketCredentials"
              },
              "c:\\Chef\\chef-client-install.msi": {
                "source": {
                  "Fn::Join": [
                    "",
                    [
                      "https://",
                      { "Ref": "InfrastructureBucket" },
                      ".s3.amazonaws.com",
                      { "Ref": "InfrastructureBucketPath" },
                      "/appsoftware/chef/chef-client-",
                      { "Ref": "ChefClientVersion" },
                      "-1-x86.msi"
                    ]
                  ]
                },
                "mode": "000400",
                "owner": "root",
                "group": "root",
                "authentication": "InfrastructureBucketCredentials"
              },
              "c:\\Chef\\first_run.json": {
                "content": {
                  "run_list": [ "#{WitnessRunList}" ],
                  "chef_client": { "init_style": "windows" },
                  "vpc": {
                    "cidr": { "Ref": "VpcCidr" }
                  },
                  "main": { "s3bucket": { "Ref": "InfrastructureBucket" } },
                  "activedirectory": {
                    "netbiosname": { "Ref": "DomainNetbiosName" },
                    "domaintld": { "Ref": "DomainTld" }
                  },
                  "subnet": {
                    "gateway": "#{DefaultGateway3}",
                    "prefixlength": "28"
                  },
                  "cluster": {
                    "witness": { "sharename": { "Ref": "WindowsClusterName1" } },
                    "hostname": { "Ref": "Pwitness101Ec2InstanceHostname" },
                    "name": { "Ref": "WindowsClusterName1" }
                  }                  
                },
                "mode": "000644"
              }
            },
            "commands": {
              "01_chef_client_install": {
                "command": "C:\\Chef\\chef-client-install.msi /passive ADDLOCAL=\"ChefClientFeature\" /log \"C:\\Chef\\chef-client-install.log\"",
                "cwd": "C:\\Chef",
                "waitAfterCompletion": "0"
              },
              "02_chef_client_first_run": {
                "command": "C:\\opscode\\chef\\bin\\chef-client -c c:\\chef\\client.rb -j c:\\chef\\first_run.json -l info",
                "cwd": "C:\\Chef",
                "waitAfterCompletion": "30"
              }
            }
          },
          "reboot": {
            "commands": {
              "00-windows-needs-more-reboot": {
                "command": "SHUTDOWN /r /f /t 5 /c \"Windows can never reboot too many times!\"",
                "waitAfterCompletion": "forever"
              }
            }
          },
          "secondchefrun": {
            "files": {
              "c:\\Chef\\second_run.json": {
                "content": {
                  "run_list": [ "#{WitnessSecondRunList}" ],
                  "chef_client": { "init_style": "windows" },
                  "vpc": {
                    "cidr": { "Ref": "VpcCidr" }
                  },
                  "subnet": {
                    "gateway":  "#{DefaultGateway3}",
                    "prefixlength": "28"
                  },
                  "cluster": {
                    "witness": { "sharename": { "Ref": "WindowsClusterName1" } },
                    "hostname": { "Ref": "Pwitness101Ec2InstanceHostname" },
                    "name": { "Ref": "WindowsClusterName1" }
                  }                  
                },
                "mode": "000644"
              }
            },
            "commands": {
              "02_chef_client_second_run": {
                "command": "C:\\opscode\\chef\\bin\\chef-client -c c:\\chef\\client.rb -j c:\\chef\\second_run.json -l info",
                "cwd": "C:\\Chef",
                "waitAfterCompletion": "30"
              }
            }
          },
          "thirdchefrun": {
            "files": {
              "c:\\Chef\\third_run.json": {
                "content": {
                  "run_list": [ "#{WitnessThirdRunList}" ],
                  "chef_client": { "init_style": "windows" },
                  "vpc": {
                    "cidr": { "Ref": "VpcCidr" }
                  },
                  "subnet": {
                    "gateway": "#{DefaultGateway3}",
                    "prefixlength": "28"
                  },
                  "cluster": {
                    "witness": { "sharename": { "Ref": "WindowsClusterName1" } },
                    "hostname": { "Ref": "Pwitness101Ec2InstanceHostname" },
                    "name": { "Ref": "WindowsClusterName1" }
                  }
                },
                "mode": "000644"
              }
            },
            "commands": {
              "02_chef_client_third_run": {
                "command": "C:\\opscode\\chef\\bin\\chef-client -c c:\\chef\\client.rb -j c:\\chef\\third_run.json -l info",
                "cwd": "C:\\Chef",
                "waitAfterCompletion": "30"
              }
            }
          },
          "unconditionalsuccess": {
            "commands": {
              "a-signal-success": {
                "command": {
                  "Fn::Join": [
                    "",
                    [
                      "cfn-signal.exe -e 0 \"",
                      { "Ref": "Pwitness101WaitConditionHandle" },
                      "\""
                    ]
                  ]
                }
              }
            }
          }
        }
      }
    },
    "Pwitness10101EbsVolume": {
      "Type": "AWS::EC2::Volume",
      "Properties": {
        "AvailabilityZone": { "Fn::GetAtt": [ "Pwitness101Ec2Instance", "AvailabilityZone" ] },
        "VolumeType": "gp2",
        "Encrypted": true,
        "Size": 50
      }
    },
    "Pwitness10101EbsVolumeAttachment": {
      "Type": "AWS::EC2::VolumeAttachment",
      "Properties": {
        "Device": "xvdf",
        "InstanceId": { "Ref": "Pwitness101Ec2Instance" },
        "VolumeId": { "Ref": "Pwitness10101EbsVolume" }
      }
    }
  }
}