{
  "AWSTemplateFormatVersion": "2010-09-09",
  "Parameters": {
    "Creator": {
      "Default": "ec2-user",
      "Description": "Creator of stack",
      "Type": "String"
    },
    "InfrastructureBucket": {
      "Default": "emdeon-dev-tc3-us-east-1",
      "Description": "Infrastructure files bucket",
      "Type": "String"
    },
    "SeedBucket": {
      "Default": "emdeon-dev-tc3-us-east-1",
      "Description": "Infrastructure seed files bucket",
      "Type": "String"
    },
    "InfrastructureBucketPath": {
      "Default": "/applications/tc3health",
      "Description": "Infrastructure bucket file path",
      "Type": "String"
    },
    "TagBusinessunit": {
      "Type": "String",
      "Default": "IT-Payment Integrity"
    },
    "TagDepartment": {
      "Type": "String",
      "Default": "AB1-PI IT TC3"
    },
    "TagProduct": {
      "Type": "String",
      "Default": "Payment Integrity: Pre-Pay"
    },
    "TagPercent": {
      "Type": "String",
      "Default": "100"
    },
    "TagApplicationname": {
      "Type": "String",
      "Default": "TC3-Health"
    },
    "TagAppid": {
      "Type": "String",
      "Default": "555"
    },
    "TagMonitor": {
      "Type": "String",
      "Default": "false",
      "AllowedValues": [
        "true",
        "false"
      ]
    },
    "TagEnvironment": {
      "Type": "String",
      "Description": "One of only: %w(DEV QA CERT TEST NONPROD MGMT DR PROD IMP)",
      "Default": "DEV",
      "AllowedValues": [
        "DEV",
        "QA",
        "CERT",
        "TEST",
        "NONPROD",
        "MGMT",
        "DR",
        "PROD",
        "IMP"
      ]
    },
    "TagComponent": {
      "Description": "The sub-component piece of the application stack (part of the AWS tag Description)",
      "Type": "String",
      "Default": "AWSVPC"
    },
    "Vpc": {
      "Description": "VPC ID",
      "Type": "String",
      "Default": "vpc-04937f60"
    },
    "VpcCidr": {
      "Description": "VPC Subnet",
      "Type": "String",
      "Default": "10.219.97.0/24"
    },
    "PrivateSubnetDMZACidr": {
      "Type": "String",
      "Description": "PrivateSubnetDMZA CIDR Address",
      "Default": "10.219.97.0/28"
    },
    "PrivateSubnetDMZAGateway": {
      "Description": "PrivateSubnetDMZA gateway ipaddress",
      "Type": "String",
      "Default": "10.219.97.1"
    },
    "PrivateSubnetDMZBCidr": {
      "Type": "String",
      "Description": "PrivateSubnetDMZB CIDR Address",
      "Default": "10.219.97.16/28"
    },
    "PrivateSubnetDMZBGateway": {
      "Description": "PrivateSubnetDMZB gateway ipaddress",
      "Type": "String",
      "Default": "10.219.97.17"
    },
    "PrivateSubnetWebACidr": {
      "Type": "String",
      "Description": "PrivateSubnetWebA CIDR Address",
      "Default": "10.219.97.32/27"
    },
    "PrivateSubnetWebAGateway": {
      "Description": "PrivateSubnetWebA gateway ipaddress",
      "Type": "String",
      "Default": "10.219.97.33"
    },
    "PrivateSubnetWebBCidr": {
      "Type": "String",
      "Description": "PrivateSubnetWebB CIDR Address",
      "Default": "10.219.97.64/27"
    },
    "PrivateSubnetWebBGateway": {
      "Description": "PrivateSubnetWebB gateway ipaddress",
      "Type": "String",
      "Default": "10.219.97.65"
    },
    "PrivateSubnetAppACidr": {
      "Type": "String",
      "Description": "PrivateSubnetAppA CIDR Address",
      "Default": "10.219.97.96/27"
    },
    "PrivateSubnetAppAGateway": {
      "Description": "PrivateSubnetAppA gateway ipaddress",
      "Type": "String",
      "Default": "10.219.97.97"
    },
    "PrivateSubnetAppBCidr": {
      "Type": "String",
      "Description": "PrivateSubnetAppB CIDR Address",
      "Default": "10.219.97.128/27"
    },
    "PrivateSubnetAppBGateway": {
      "Description": "PrivateSubnetAppB gateway ipaddress",
      "Type": "String",
      "Default": "10.219.97.129"
    },
    "PrivateSubnetDatabaseACidr": {
      "Type": "String",
      "Description": "PrivateSubnetDatabaseA CIDR Address",
      "Default": "10.219.97.160/28"
    },
    "PrivateSubnetDatabaseAGateway": {
      "Description": "PrivateSubnetDatabaseA gateway ipaddress",
      "Type": "String",
      "Default": "10.219.97.161"
    },
    "PrivateSubnetDatabaseBCidr": {
      "Type": "String",
      "Description": "PrivateSubnetDatabaseB CIDR Address",
      "Default": "10.219.97.176/28"
    },
    "PrivateSubnetDatabaseBGateway": {
      "Description": "PrivateSubnetDatabaseB gateway ipaddress",
      "Type": "String",
      "Default": "10.219.97.177"
    },
    "PrivateSubnetWitnessDCidr": {
      "Type": "String",
      "Description": "PrivateSubnetWitnessD CIDR Address",
      "Default": "10.219.97.192/28"
    },
    "PrivateSubnetWitnessDGateway": {
      "Description": "PrivateSubnetWitnessD gateway ipaddress",
      "Type": "String",
      "Default": "10.219.97.193"
    },
    "PrivateSubnetCoreInfraACidr": {
      "Type": "String",
      "Description": "PrivateSubnetCoreInfraA CIDR Address",
      "Default": "10.219.97.208/28"
    },
    "PrivateSubnetCoreInfraAGateway": {
      "Description": "PrivateSubnetCoreInfraA gateway ipaddress",
      "Type": "String",
      "Default": "10.219.97.209"
    },
    "PrivateSubnetCoreInfraBCidr": {
      "Type": "String",
      "Description": "PrivateSubnetCoreInfraB CIDR Address",
      "Default": "10.219.97.224/28"
    },
    "PrivateSubnetCoreInfraBGateway": {
      "Description": "PrivateSubnetCoreInfraB gateway ipaddress",
      "Type": "String",
      "Default": "10.219.97.225"
    }
  },
  "Outputs": {
    "Creator": {
      "Value": {
        "Ref": "Creator"
      }
    },
    "InfrastructureBucket": {
      "Value": {
        "Ref": "InfrastructureBucket"
      }
    },
    "TagBusinessunit": {
      "Value": {
        "Ref": "TagBusinessunit"
      }
    },
    "TagDepartment": {
      "Value": {
        "Ref": "TagDepartment"
      }
    },
    "TagProduct": {
      "Value": {
        "Ref": "TagProduct"
      }
    },
    "TagPercent": {
      "Value": {
        "Ref": "TagPercent"
      }
    },
    "TagApplicationname": {
      "Value": {
        "Ref": "TagApplicationname"
      }
    },
    "TagAppid": {
      "Value": {
        "Ref": "TagAppid"
      }
    },
    "TagMonitor": {
      "Value": {
        "Ref": "TagMonitor"
      }
    },
    "TagEnvironment": {
      "Value": {
        "Ref": "TagEnvironment"
      }
    },
    "TagComponent": {
      "Value": {
        "Ref": "TagComponent"
      }
    },
    "Vpc": {
      "Value": {
        "Ref": "Vpc"
      }
    },
    "VpcCidr": {
      "Value": {
        "Ref": "VpcCidr"
      }
    },
    "PrivateSubnetDMZA": {
      "Value": {
        "Ref": "PrivateSubnetDMZA"
      }
    },
    "PrivateSubnetDMZB": {
      "Value": {
        "Ref": "PrivateSubnetDMZB"
      }
    },
    "PrivateSubnetWebA": {
      "Value": {
        "Ref": "PrivateSubnetWebA"
      }
    },
    "PrivateSubnetWebB": {
      "Value": {
        "Ref": "PrivateSubnetWebB"
      }
    },
    "PrivateSubnetAppA": {
      "Value": {
        "Ref": "PrivateSubnetAppA"
      }
    },
    "PrivateSubnetAppB": {
      "Value": {
        "Ref": "PrivateSubnetAppB"
      }
    },
    "PrivateSubnetDatabaseA": {
      "Value": {
        "Ref": "PrivateSubnetDatabaseA"
      }
    },
    "PrivateSubnetDatabaseB": {
      "Value": {
        "Ref": "PrivateSubnetDatabaseB"
      }
    },
    "PrivateSubnetWitnessD": {
      "Value": {
        "Ref": "PrivateSubnetWitnessD"
      }
    },
    "PrivateSubnetCoreInfraA": {
      "Value": {
        "Ref": "PrivateSubnetCoreInfraA"
      }
    },
    "PrivateSubnetCoreInfraB": {
      "Value": {
        "Ref": "PrivateSubnetCoreInfraB"
      }
    }
  },
  "Description": "DEV Network Subnet and CIDR addressing",
  "Resources": {
    "PrivateSubnetDMZA": {
      "Type": "AWS::EC2::Subnet",
      "Properties": {
        "VpcId": {
          "Ref": "Vpc"
        },
        "CidrBlock": {
          "Ref": "PrivateSubnetDMZACidr"
        },
        "AvailabilityZone": "us-east-1a",
        "Tags": [
          {
            "Key": "Name",
            "Value": {
              "Fn::Join": [
                "",
                [
                  {
                    "Ref": "TagApplicationname"
                  },
                  "-",
                  "PrivateSubnetDMZA",
                  "-",
                  "aws"
                ]
              ]
            }
          },
          {
            "Key": "Billing",
            "Value": {
              "Fn::Join": [
                "",
                [
                  {
                    "Ref": "TagBusinessunit"
                  },
                  ".",
                  {
                    "Ref": "TagDepartment"
                  },
                  ".",
                  {
                    "Ref": "TagProduct"
                  },
                  ".",
                  {
                    "Ref": "TagPercent"
                  }
                ]
              ]
            }
          },
          {
            "Key": "Description",
            "Value": {
              "Fn::Join": [
                "",
                [
                  "env=",
                  {
                    "Ref": "TagEnvironment"
                  },
                  "/",
                  "appid=",
                  {
                    "Ref": "TagAppid"
                  },
                  "/",
                  "comp=",
                  {
                    "Ref": "TagComponent"
                  },
                  "/",
                  "monitor=",
                  {
                    "Ref": "TagMonitor"
                  }
                ]
              ]
            }
          }
        ]
      }
    },
    "PrivateSubnetDMZARouteTableAssociation": {
      "Type": "AWS::EC2::SubnetRouteTableAssociation",
      "Properties": {
        "RouteTableId": "rtb-31439755",
        "SubnetId": {
          "Ref": "PrivateSubnetDMZA"
        }
      }
    },
    "PrivateSubnetDMZB": {
      "Type": "AWS::EC2::Subnet",
      "Properties": {
        "VpcId": {
          "Ref": "Vpc"
        },
        "CidrBlock": {
          "Ref": "PrivateSubnetDMZBCidr"
        },
        "AvailabilityZone": "us-east-1b",
        "Tags": [
          {
            "Key": "Name",
            "Value": {
              "Fn::Join": [
                "",
                [
                  {
                    "Ref": "TagApplicationname"
                  },
                  "-",
                  "PrivateSubnetDMZB",
                  "-",
                  "aws"
                ]
              ]
            }
          },
          {
            "Key": "Billing",
            "Value": {
              "Fn::Join": [
                "",
                [
                  {
                    "Ref": "TagBusinessunit"
                  },
                  ".",
                  {
                    "Ref": "TagDepartment"
                  },
                  ".",
                  {
                    "Ref": "TagProduct"
                  },
                  ".",
                  {
                    "Ref": "TagPercent"
                  }
                ]
              ]
            }
          },
          {
            "Key": "Description",
            "Value": {
              "Fn::Join": [
                "",
                [
                  "env=",
                  {
                    "Ref": "TagEnvironment"
                  },
                  "/",
                  "appid=",
                  {
                    "Ref": "TagAppid"
                  },
                  "/",
                  "comp=",
                  {
                    "Ref": "TagComponent"
                  },
                  "/",
                  "monitor=",
                  {
                    "Ref": "TagMonitor"
                  }
                ]
              ]
            }
          }
        ]
      }
    },
    "PrivateSubnetDMZBRouteTableAssociation": {
      "Type": "AWS::EC2::SubnetRouteTableAssociation",
      "Properties": {
        "RouteTableId": "rtb-31439755",
        "SubnetId": {
          "Ref": "PrivateSubnetDMZB"
        }
      }
    },
    "PrivateSubnetWebA": {
      "Type": "AWS::EC2::Subnet",
      "Properties": {
        "VpcId": {
          "Ref": "Vpc"
        },
        "CidrBlock": {
          "Ref": "PrivateSubnetWebACidr"
        },
        "AvailabilityZone": "us-east-1a",
        "Tags": [
          {
            "Key": "Name",
            "Value": {
              "Fn::Join": [
                "",
                [
                  {
                    "Ref": "TagApplicationname"
                  },
                  "-",
                  "PrivateSubnetWebA",
                  "-",
                  "aws"
                ]
              ]
            }
          },
          {
            "Key": "Billing",
            "Value": {
              "Fn::Join": [
                "",
                [
                  {
                    "Ref": "TagBusinessunit"
                  },
                  ".",
                  {
                    "Ref": "TagDepartment"
                  },
                  ".",
                  {
                    "Ref": "TagProduct"
                  },
                  ".",
                  {
                    "Ref": "TagPercent"
                  }
                ]
              ]
            }
          },
          {
            "Key": "Description",
            "Value": {
              "Fn::Join": [
                "",
                [
                  "env=",
                  {
                    "Ref": "TagEnvironment"
                  },
                  "/",
                  "appid=",
                  {
                    "Ref": "TagAppid"
                  },
                  "/",
                  "comp=",
                  {
                    "Ref": "TagComponent"
                  },
                  "/",
                  "monitor=",
                  {
                    "Ref": "TagMonitor"
                  }
                ]
              ]
            }
          }
        ]
      }
    },
    "PrivateSubnetWebARouteTableAssociation": {
      "Type": "AWS::EC2::SubnetRouteTableAssociation",
      "Properties": {
        "RouteTableId": "rtb-31439755",
        "SubnetId": {
          "Ref": "PrivateSubnetWebA"
        }
      }
    },
    "PrivateSubnetWebB": {
      "Type": "AWS::EC2::Subnet",
      "Properties": {
        "VpcId": {
          "Ref": "Vpc"
        },
        "CidrBlock": {
          "Ref": "PrivateSubnetWebBCidr"
        },
        "AvailabilityZone": "us-east-1b",
        "Tags": [
          {
            "Key": "Name",
            "Value": {
              "Fn::Join": [
                "",
                [
                  {
                    "Ref": "TagApplicationname"
                  },
                  "-",
                  "PrivateSubnetWebB",
                  "-",
                  "aws"
                ]
              ]
            }
          },
          {
            "Key": "Billing",
            "Value": {
              "Fn::Join": [
                "",
                [
                  {
                    "Ref": "TagBusinessunit"
                  },
                  ".",
                  {
                    "Ref": "TagDepartment"
                  },
                  ".",
                  {
                    "Ref": "TagProduct"
                  },
                  ".",
                  {
                    "Ref": "TagPercent"
                  }
                ]
              ]
            }
          },
          {
            "Key": "Description",
            "Value": {
              "Fn::Join": [
                "",
                [
                  "env=",
                  {
                    "Ref": "TagEnvironment"
                  },
                  "/",
                  "appid=",
                  {
                    "Ref": "TagAppid"
                  },
                  "/",
                  "comp=",
                  {
                    "Ref": "TagComponent"
                  },
                  "/",
                  "monitor=",
                  {
                    "Ref": "TagMonitor"
                  }
                ]
              ]
            }
          }
        ]
      }
    },
    "PrivateSubnetWebBRouteTableAssociation": {
      "Type": "AWS::EC2::SubnetRouteTableAssociation",
      "Properties": {
        "RouteTableId": "rtb-31439755",
        "SubnetId": {
          "Ref": "PrivateSubnetWebB"
        }
      }
    },
    "PrivateSubnetAppA": {
      "Type": "AWS::EC2::Subnet",
      "Properties": {
        "VpcId": {
          "Ref": "Vpc"
        },
        "CidrBlock": {
          "Ref": "PrivateSubnetAppACidr"
        },
        "AvailabilityZone": "us-east-1a",
        "Tags": [
          {
            "Key": "Name",
            "Value": {
              "Fn::Join": [
                "",
                [
                  {
                    "Ref": "TagApplicationname"
                  },
                  "-",
                  "PrivateSubnetAppA",
                  "-",
                  "aws"
                ]
              ]
            }
          },
          {
            "Key": "Billing",
            "Value": {
              "Fn::Join": [
                "",
                [
                  {
                    "Ref": "TagBusinessunit"
                  },
                  ".",
                  {
                    "Ref": "TagDepartment"
                  },
                  ".",
                  {
                    "Ref": "TagProduct"
                  },
                  ".",
                  {
                    "Ref": "TagPercent"
                  }
                ]
              ]
            }
          },
          {
            "Key": "Description",
            "Value": {
              "Fn::Join": [
                "",
                [
                  "env=",
                  {
                    "Ref": "TagEnvironment"
                  },
                  "/",
                  "appid=",
                  {
                    "Ref": "TagAppid"
                  },
                  "/",
                  "comp=",
                  {
                    "Ref": "TagComponent"
                  },
                  "/",
                  "monitor=",
                  {
                    "Ref": "TagMonitor"
                  }
                ]
              ]
            }
          }
        ]
      }
    },
    "PrivateSubnetAppARouteTableAssociation": {
      "Type": "AWS::EC2::SubnetRouteTableAssociation",
      "Properties": {
        "RouteTableId": "rtb-31439755",
        "SubnetId": {
          "Ref": "PrivateSubnetAppA"
        }
      }
    },
    "PrivateSubnetAppB": {
      "Type": "AWS::EC2::Subnet",
      "Properties": {
        "VpcId": {
          "Ref": "Vpc"
        },
        "CidrBlock": {
          "Ref": "PrivateSubnetAppBCidr"
        },
        "AvailabilityZone": "us-east-1b",
        "Tags": [
          {
            "Key": "Name",
            "Value": {
              "Fn::Join": [
                "",
                [
                  {
                    "Ref": "TagApplicationname"
                  },
                  "-",
                  "PrivateSubnetAppB",
                  "-",
                  "aws"
                ]
              ]
            }
          },
          {
            "Key": "Billing",
            "Value": {
              "Fn::Join": [
                "",
                [
                  {
                    "Ref": "TagBusinessunit"
                  },
                  ".",
                  {
                    "Ref": "TagDepartment"
                  },
                  ".",
                  {
                    "Ref": "TagProduct"
                  },
                  ".",
                  {
                    "Ref": "TagPercent"
                  }
                ]
              ]
            }
          },
          {
            "Key": "Description",
            "Value": {
              "Fn::Join": [
                "",
                [
                  "env=",
                  {
                    "Ref": "TagEnvironment"
                  },
                  "/",
                  "appid=",
                  {
                    "Ref": "TagAppid"
                  },
                  "/",
                  "comp=",
                  {
                    "Ref": "TagComponent"
                  },
                  "/",
                  "monitor=",
                  {
                    "Ref": "TagMonitor"
                  }
                ]
              ]
            }
          }
        ]
      }
    },
    "PrivateSubnetAppBRouteTableAssociation": {
      "Type": "AWS::EC2::SubnetRouteTableAssociation",
      "Properties": {
        "RouteTableId": "rtb-31439755",
        "SubnetId": {
          "Ref": "PrivateSubnetAppB"
        }
      }
    },
    "PrivateSubnetDatabaseA": {
      "Type": "AWS::EC2::Subnet",
      "Properties": {
        "VpcId": {
          "Ref": "Vpc"
        },
        "CidrBlock": {
          "Ref": "PrivateSubnetDatabaseACidr"
        },
        "AvailabilityZone": "us-east-1a",
        "Tags": [
          {
            "Key": "Name",
            "Value": {
              "Fn::Join": [
                "",
                [
                  {
                    "Ref": "TagApplicationname"
                  },
                  "-",
                  "PrivateSubnetDatabaseA",
                  "-",
                  "aws"
                ]
              ]
            }
          },
          {
            "Key": "Billing",
            "Value": {
              "Fn::Join": [
                "",
                [
                  {
                    "Ref": "TagBusinessunit"
                  },
                  ".",
                  {
                    "Ref": "TagDepartment"
                  },
                  ".",
                  {
                    "Ref": "TagProduct"
                  },
                  ".",
                  {
                    "Ref": "TagPercent"
                  }
                ]
              ]
            }
          },
          {
            "Key": "Description",
            "Value": {
              "Fn::Join": [
                "",
                [
                  "env=",
                  {
                    "Ref": "TagEnvironment"
                  },
                  "/",
                  "appid=",
                  {
                    "Ref": "TagAppid"
                  },
                  "/",
                  "comp=",
                  {
                    "Ref": "TagComponent"
                  },
                  "/",
                  "monitor=",
                  {
                    "Ref": "TagMonitor"
                  }
                ]
              ]
            }
          }
        ]
      }
    },
    "PrivateSubnetDatabaseARouteTableAssociation": {
      "Type": "AWS::EC2::SubnetRouteTableAssociation",
      "Properties": {
        "RouteTableId": "rtb-31439755",
        "SubnetId": {
          "Ref": "PrivateSubnetDatabaseA"
        }
      }
    },
    "PrivateSubnetDatabaseB": {
      "Type": "AWS::EC2::Subnet",
      "Properties": {
        "VpcId": {
          "Ref": "Vpc"
        },
        "CidrBlock": {
          "Ref": "PrivateSubnetDatabaseBCidr"
        },
        "AvailabilityZone": "us-east-1b",
        "Tags": [
          {
            "Key": "Name",
            "Value": {
              "Fn::Join": [
                "",
                [
                  {
                    "Ref": "TagApplicationname"
                  },
                  "-",
                  "PrivateSubnetDatabaseB",
                  "-",
                  "aws"
                ]
              ]
            }
          },
          {
            "Key": "Billing",
            "Value": {
              "Fn::Join": [
                "",
                [
                  {
                    "Ref": "TagBusinessunit"
                  },
                  ".",
                  {
                    "Ref": "TagDepartment"
                  },
                  ".",
                  {
                    "Ref": "TagProduct"
                  },
                  ".",
                  {
                    "Ref": "TagPercent"
                  }
                ]
              ]
            }
          },
          {
            "Key": "Description",
            "Value": {
              "Fn::Join": [
                "",
                [
                  "env=",
                  {
                    "Ref": "TagEnvironment"
                  },
                  "/",
                  "appid=",
                  {
                    "Ref": "TagAppid"
                  },
                  "/",
                  "comp=",
                  {
                    "Ref": "TagComponent"
                  },
                  "/",
                  "monitor=",
                  {
                    "Ref": "TagMonitor"
                  }
                ]
              ]
            }
          }
        ]
      }
    },
    "PrivateSubnetDatabaseBRouteTableAssociation": {
      "Type": "AWS::EC2::SubnetRouteTableAssociation",
      "Properties": {
        "RouteTableId": "rtb-31439755",
        "SubnetId": {
          "Ref": "PrivateSubnetDatabaseB"
        }
      }
    },
    "PrivateSubnetWitnessD": {
      "Type": "AWS::EC2::Subnet",
      "Properties": {
        "VpcId": {
          "Ref": "Vpc"
        },
        "CidrBlock": {
          "Ref": "PrivateSubnetWitnessDCidr"
        },
        "AvailabilityZone": "us-east-1d",
        "Tags": [
          {
            "Key": "Name",
            "Value": {
              "Fn::Join": [
                "",
                [
                  {
                    "Ref": "TagApplicationname"
                  },
                  "-",
                  "PrivateSubnetWitnessD",
                  "-",
                  "aws"
                ]
              ]
            }
          },
          {
            "Key": "Billing",
            "Value": {
              "Fn::Join": [
                "",
                [
                  {
                    "Ref": "TagBusinessunit"
                  },
                  ".",
                  {
                    "Ref": "TagDepartment"
                  },
                  ".",
                  {
                    "Ref": "TagProduct"
                  },
                  ".",
                  {
                    "Ref": "TagPercent"
                  }
                ]
              ]
            }
          },
          {
            "Key": "Description",
            "Value": {
              "Fn::Join": [
                "",
                [
                  "env=",
                  {
                    "Ref": "TagEnvironment"
                  },
                  "/",
                  "appid=",
                  {
                    "Ref": "TagAppid"
                  },
                  "/",
                  "comp=",
                  {
                    "Ref": "TagComponent"
                  },
                  "/",
                  "monitor=",
                  {
                    "Ref": "TagMonitor"
                  }
                ]
              ]
            }
          }
        ]
      }
    },
    "PrivateSubnetWitnessDRouteTableAssociation": {
      "Type": "AWS::EC2::SubnetRouteTableAssociation",
      "Properties": {
        "RouteTableId": "rtb-31439755",
        "SubnetId": {
          "Ref": "PrivateSubnetWitnessD"
        }
      }
    },
    "PrivateSubnetCoreInfraA": {
      "Type": "AWS::EC2::Subnet",
      "Properties": {
        "VpcId": {
          "Ref": "Vpc"
        },
        "CidrBlock": {
          "Ref": "PrivateSubnetCoreInfraACidr"
        },
        "AvailabilityZone": "us-east-1a",
        "Tags": [
          {
            "Key": "Name",
            "Value": {
              "Fn::Join": [
                "",
                [
                  {
                    "Ref": "TagApplicationname"
                  },
                  "-",
                  "PrivateSubnetCoreInfraA",
                  "-",
                  "aws"
                ]
              ]
            }
          },
          {
            "Key": "Billing",
            "Value": {
              "Fn::Join": [
                "",
                [
                  {
                    "Ref": "TagBusinessunit"
                  },
                  ".",
                  {
                    "Ref": "TagDepartment"
                  },
                  ".",
                  {
                    "Ref": "TagProduct"
                  },
                  ".",
                  {
                    "Ref": "TagPercent"
                  }
                ]
              ]
            }
          },
          {
            "Key": "Description",
            "Value": {
              "Fn::Join": [
                "",
                [
                  "env=",
                  {
                    "Ref": "TagEnvironment"
                  },
                  "/",
                  "appid=",
                  {
                    "Ref": "TagAppid"
                  },
                  "/",
                  "comp=",
                  {
                    "Ref": "TagComponent"
                  },
                  "/",
                  "monitor=",
                  {
                    "Ref": "TagMonitor"
                  }
                ]
              ]
            }
          }
        ]
      }
    },
    "PrivateSubnetCoreInfraARouteTableAssociation": {
      "Type": "AWS::EC2::SubnetRouteTableAssociation",
      "Properties": {
        "RouteTableId": "rtb-31439755",
        "SubnetId": {
          "Ref": "PrivateSubnetCoreInfraA"
        }
      }
    },
    "PrivateSubnetCoreInfraB": {
      "Type": "AWS::EC2::Subnet",
      "Properties": {
        "VpcId": {
          "Ref": "Vpc"
        },
        "CidrBlock": {
          "Ref": "PrivateSubnetCoreInfraBCidr"
        },
        "AvailabilityZone": "us-east-1b",
        "Tags": [
          {
            "Key": "Name",
            "Value": {
              "Fn::Join": [
                "",
                [
                  {
                    "Ref": "TagApplicationname"
                  },
                  "-",
                  "PrivateSubnetCoreInfraB",
                  "-",
                  "aws"
                ]
              ]
            }
          },
          {
            "Key": "Billing",
            "Value": {
              "Fn::Join": [
                "",
                [
                  {
                    "Ref": "TagBusinessunit"
                  },
                  ".",
                  {
                    "Ref": "TagDepartment"
                  },
                  ".",
                  {
                    "Ref": "TagProduct"
                  },
                  ".",
                  {
                    "Ref": "TagPercent"
                  }
                ]
              ]
            }
          },
          {
            "Key": "Description",
            "Value": {
              "Fn::Join": [
                "",
                [
                  "env=",
                  {
                    "Ref": "TagEnvironment"
                  },
                  "/",
                  "appid=",
                  {
                    "Ref": "TagAppid"
                  },
                  "/",
                  "comp=",
                  {
                    "Ref": "TagComponent"
                  },
                  "/",
                  "monitor=",
                  {
                    "Ref": "TagMonitor"
                  }
                ]
              ]
            }
          }
        ]
      }
    },
    "PrivateSubnetCoreInfraBRouteTableAssociation": {
      "Type": "AWS::EC2::SubnetRouteTableAssociation",
      "Properties": {
        "RouteTableId": "rtb-31439755",
        "SubnetId": {
          "Ref": "PrivateSubnetCoreInfraB"
        }
      }
    }
  }
}
