{
  "AWSTemplateFormatVersion": "2010-09-09",
  "Parameters": {
    "Creator": {
      "Default": "ec2-user",
      "Description": "Creator of stack",
      "Type": "String"
    },
    "InfrastructureBucket": {
      "Default": "emdeon-dev-tc3-us-east-1",
      "Description": "Infrastructure files bucket",
      "Type": "String"
    },
    "SeedBucket": {
      "Default": "emdeon-dev-tc3-us-east-1",
      "Description": "Infrastructure seed files bucket",
      "Type": "String"
    },
    "InfrastructureBucketPath": {
      "Default": "/applications/tc3health",
      "Description": "Infrastructure bucket file path",
      "Type": "String"
    },
    "TagBusinessunit": {
      "Type": "String",
      "Default": "IT-Payment Integrity"
    },
    "TagDepartment": {
      "Type": "String",
      "Default": "AB1-PI IT TC3"
    },
    "TagProduct": {
      "Type": "String",
      "Default": "Payment Integrity: Pre-Pay"
    },
    "TagPercent": {
      "Type": "String",
      "Default": "100"
    },
    "TagApplicationname": {
      "Type": "String",
      "Default": "TC3-Intelligent"
    },
    "TagAppid": {
      "Type": "String",
      "Default": "555"
    },
    "TagMonitor": {
      "Type": "String",
      "Default": "false",
      "AllowedValues": [
        "true",
        "false"
      ]
    },
    "TagEnvironment": {
      "Type": "String",
      "Description": "One of only: %w(DEV QA CERT TEST NONPROD MGMT DR PROD IMP)",
      "Default": "DEV",
      "AllowedValues": [
        "DEV",
        "QA",
        "CERT",
        "TEST",
        "NONPROD",
        "MGMT",
        "DR",
        "PROD",
        "IMP"
      ]
    },
    "TagComponent": {
      "Description": "The sub-component piece of the application stack (part of the AWS tag Description)",
      "Type": "String",
      "Default": "IISWeb"
    },
    "Vpc": {
      "Description": "VPC ID",
      "Type": "String",
      "Default": "vpc-04937f60"
    },
    "VpcCidr": {
      "Description": "VPC Subnet",
      "Type": "String",
      "Default": "192.168.0.0/24"
    },
    "ChefServerUrl": {
      "Description": "URL for the chef server",
      "Type": "String"
    },
    "ChefServerOrg": {
      "Description": "Initial Chef Server Organization",
      "Default": "tc3",
      "Type": "String"
    },
    "TagOs": {
      "Type": "String",
      "Default": "windows"
    },
    "ChefClientVersion": {
      "Description": "Chef client version",
      "Default": "12.5.1",
      "Type": "String"
    },
    "DomainTld": {
      "Description": "TLD Top Level Domain-name",
      "Type": "String",
      "Default": ".ad.tc3health.com"
    },
    "DomainNetbiosName": {
      "Description": "domain netbios name",
      "Type": "String",
      "Default": "dev"
    },
    "ChefEnvironment": {
      "Description": "Chef environment",
      "Default": "development",
      "AllowedValues": [
        "_default",
        "development",
        "implementation",
        "production",
        "certification",
        "qa",
        "dr",
        "test"
      ],
      "Type": "String"
    },
    "TagRole": {
      "Description": "The role of this piece the application stack (part of the AWS tag Name)",
      "Type": "String",
      "Default": "webapi"
    },
    "PrivateSubnetWebB": {
      "Type": "String",
      "Default": "subnet-12345678"
    },
    "PrivateSubnetWebA": {
      "Type": "String",
      "Default": "subnet-12345678"
    },
    "AllDEVPrivateSG": {
      "Type": "String",
      "Default": "sg-12345678"
    },
    "PrivateDEVWebSG": {
      "Type": "String",
      "Default": "sg-12345678"
    },
    "UprofileEc2InstanceKeypair": {
      "Type": "String",
      "Default": "JeongL_useast1"
    },
    "UprofileInstanceSize": {
      "AllowedValues": [
        "m4.4xlarge",
        "m4.2xlarge",
        "m4.xlarge",
        "m4.large",
        "m1.medium",
        "m1.small",
        "r3.large"
      ],
      "Default": "m4.large",
      "Description": "Size of created instance",
      "Type": "String"
    },
    "UprofileInstanceImageType": {
      "AllowedValues": [
        "windows2012R2webapi",
        "windows2012R2MSSQL2014Express",
        "clusterMemberMSSQL2014"
      ],
      "Default": "windows2012R2webapi",
      "Description": "Instance platform",
      "Type": "String"
    },
    "PrivateDEVLoadBalancerSG": {
      "Type": "String",
      "Default": "sg-12345678"
    },
    "UprofileEc2InstanceChefClientRunList": {
      "Type": "CommaDelimitedList",
      "Description": "Initial chef client run list for uprofile",
      "Default": "recipe[chef-client],role[windows_base_intelligent],role[windows_domain_member],role[windows_base_iis_uprofile]"
    },
    "UprofileMinNodes": {
      "Default": "1",
      "Description": "Minimum number of nodes",
      "Type": "String"
    },
    "UprofileMaxNodes": {
      "Default": "1",
      "Description": "Maximum number of nodes",
      "Type": "String"
    }
  },
  "Outputs": {
    "Creator": {
      "Value": {
        "Ref": "Creator"
      }
    },
    "InfrastructureBucket": {
      "Value": {
        "Ref": "InfrastructureBucket"
      }
    },
    "TagBusinessunit": {
      "Value": {
        "Ref": "TagBusinessunit"
      }
    },
    "TagDepartment": {
      "Value": {
        "Ref": "TagDepartment"
      }
    },
    "TagProduct": {
      "Value": {
        "Ref": "TagProduct"
      }
    },
    "TagPercent": {
      "Value": {
        "Ref": "TagPercent"
      }
    },
    "TagApplicationname": {
      "Value": {
        "Ref": "TagApplicationname"
      }
    },
    "TagAppid": {
      "Value": {
        "Ref": "TagAppid"
      }
    },
    "TagMonitor": {
      "Value": {
        "Ref": "TagMonitor"
      }
    },
    "TagEnvironment": {
      "Value": {
        "Ref": "TagEnvironment"
      }
    },
    "TagComponent": {
      "Value": {
        "Ref": "TagComponent"
      }
    },
    "Vpc": {
      "Value": {
        "Ref": "Vpc"
      }
    },
    "VpcCidr": {
      "Value": {
        "Ref": "VpcCidr"
      }
    },
    "TagRole": {
      "Value": {
        "Ref": "TagRole"
      }
    },
    "UprofileLoadBalancerId": {
      "Value": {
        "Ref": "UprofileLoadBalancerV2"
      },
      "Description": "Internal ID of load balancer"
    },
    "UprofileLoadBalancerPort": {
      "Value": 8443,
      "Description": "Load balancer port"
    },
    "UprofileLoadBalancerInstancePort": {
      "Value": "8443",
      "Description": "Instance port"
    },
    "UprofileLoadBalancerPublicIp": {
      "Value": {
        "Fn::GetAtt": [
          "UprofileLoadBalancerV2",
          "DNSName"
        ]
      },
      "Description": "Public IPv4 address of load balancer"
    }
  },
  "Mappings": {
    "Platforms": {
      "us-east-1": {
        "windows2012R2www": "ami-973a0480",
        "windows2012R2ppo": "ami-973a0480",
        "windows2012R2wtx": "ami-973a0480",
        "windows2008R2": "ami-973a0480",
        "windows2012R2webapi": "ami-75896163",
        "rhel6hvm": "ami-86fff991",
        "windows2012R2": "ami-9b2a77f1",
        "windows2012R2pass": "ami-5b78ba36",
        "windows2012R2cache": "ami-5b78ba36",
        "windows2012R2sftp": "ami-5b78ba36",
        "clusterMemberMSSQL2014": "ami-d91d9ece",
        "clusterWitnessMSSQL2014": "ami-5b78ba36",
        "amazon201503hvm": "ami-158e237e",
        "windows2012R2MSSQL2014Express": "ami-311bd25a",
        "windows2012R2MSSQL2014ExpressWitness": "ami-6334fd08",
        "rhel7hvm": "ami-1f17557a",
        "ubuntu1204": "ami-ecda6c84",
        "ubuntu1404": "ami-d0ba0cb8",
        "softnas347hvm": "ami-8243abef"
      },
      "us-west-1": {
        "windows2012R2": "ami-890af0cd",
        "windows2012R2MSSQL2014Express": "ami-52869d17",
        "windows2012R2MSSQL2014ExpressWitness": "ami-52869d17",
        "amazon201503hvm": "ami-e13ec1a5",
        "rhel6hvm": "ami-8b8cd1eb",
        "softnas347hvm": "ami-bf4d35df"
      },
      "us-west-2": {
        "windows2012R2": "ami-dfccd1ef",
        "windows2012R2MSSQL2014Express": "ami-59f2d769",
        "windows2012R2MSSQL2014ExpressWitness": "ami-59f2d769",
        "amazon201503hvm": "ami-c3858df3",
        "rhel6hvm": "ami-41858d71",
        "softnas347hvm": "ami-3045b950"
      }
    }
  },
  "Description": "DEV AutoScaling IIS Inelligent Server Stack",
  "Conditions": {
    "UprofileHealthcheckPath": {
      "Fn::Not": [
        {
          "Fn::Equals": [
            "HTTPS",
            "TCP"
          ]
        }
      ]
    }
  },
  "Resources": {
    "UprofileTargetGroup": {
      "Type": "AWS::ElasticLoadBalancingV2::TargetGroup",
      "Properties": {
        "HealthCheckIntervalSeconds": 5,
        "HealthCheckPath": "/",
        "HealthCheckPort": "8443",
        "HealthCheckProtocol": "HTTPS",
        "HealthCheckTimeoutSeconds": "2",
        "HealthyThresholdCount": "2",
        "VpcId": {
          "Ref": "Vpc"
        },
        "Port": "8443",
        "Protocol": "HTTPS"
      }
    },
    "UprofileLbListener": {
      "Type": "AWS::ElasticLoadBalancingV2::Listener",
      "Properties": {
        "Protocol": "HTTPS",
        "Port": 8443,
        "LoadBalancerArn": {
          "Ref": "UprofileLoadBalancerV2"
        },
        "Certificates": [
          {
            "CertificateArn": {
              "Fn::Join": [
                "",
                [
                  "arn:aws:iam::",
                  {
                    "Ref": "AWS::AccountId"
                  },
                  ":server-certificate",
                  "/",
                  "tc3dev"
                ]
              ]
            }
          }
        ],
        "DefaultActions": [
          {
            "TargetGroupArn": {
              "Ref": "UprofileTargetGroup"
            },
            "Type": "forward"
          }
        ]
      }
    },
    "UprofileLoadBalancerV2": {
      "Type": "AWS::ElasticLoadBalancingV2::LoadBalancer",
      "Properties": {
        "Subnets": [
          {
            "Ref": "PrivateSubnetWebB"
          },
          {
            "Ref": "PrivateSubnetWebA"
          }
        ],
        "SecurityGroups": [
          {
            "Ref": "PrivateDEVLoadBalancerSG"
          }
        ],
        "Scheme": "internal",
        "Tags": [
          {
            "Key": "Name",
            "Value": {
              "Fn::Join": [
                "",
                [
                  {
                    "Ref": "TagApplicationname"
                  },
                  "-",
                  "uprofile",
                  "-",
                  "elb"
                ]
              ]
            }
          },
          {
            "Key": "Billing",
            "Value": {
              "Fn::Join": [
                "",
                [
                  {
                    "Ref": "TagBusinessunit"
                  },
                  ".",
                  {
                    "Ref": "TagDepartment"
                  },
                  ".",
                  {
                    "Ref": "TagProduct"
                  },
                  ".",
                  {
                    "Ref": "TagPercent"
                  }
                ]
              ]
            }
          },
          {
            "Key": "Description",
            "Value": {
              "Fn::Join": [
                "",
                [
                  "env=",
                  {
                    "Ref": "TagEnvironment"
                  },
                  "/",
                  "appid=",
                  {
                    "Ref": "TagAppid"
                  },
                  "/",
                  "comp=",
                  {
                    "Ref": "TagComponent"
                  },
                  "/",
                  "monitor=",
                  {
                    "Ref": "TagMonitor"
                  }
                ]
              ]
            }
          }
        ]
      }
    },
    "UprofileWaitConditionHandle": {
      "Type": "AWS::CloudFormation::WaitConditionHandle"
    },
    "UprofileWaitCondition": {
      "Type": "AWS::CloudFormation::WaitCondition",
      "Properties": {
        "Count": {
          "Ref": "UprofileMinNodes"
        },
        "Handle": {
          "Ref": "UprofileWaitConditionHandle"
        },
        "Timeout": 28800
      },
      "DependsOn": "UprofileAutoScalingGroup"
    },
    "UprofileLaunchConfiguration": {
      "Type": "AWS::AutoScaling::LaunchConfiguration",
      "Properties": {
        "BlockDeviceMappings": [
          {
            "DeviceName": "xvdf",
            "Ebs": {
              "DeleteOnTermination": true,
              "VolumeSize": 20,
              "VolumeType": "gp2"
            }
          }
        ],
        "IamInstanceProfile": "Service-555-TC3",
        "InstanceMonitoring": false,
        "ImageId": {
          "Fn::FindInMap": [
            "Platforms",
            {
              "Ref": "AWS::Region"
            },
            {
              "Ref": "UprofileInstanceImageType"
            }
          ]
        },
        "InstanceType": {
          "Ref": "UprofileInstanceSize"
        },
        "KeyName": {
          "Ref": "UprofileEc2InstanceKeypair"
        },
        "SecurityGroups": [
          {
            "Ref": "AllDEVPrivateSG"
          },
          {
            "Ref": "PrivateDEVWebSG"
          }
        ],
        "UserData": {
          "Fn::Base64": {
            "Fn::Join": [
              "",
              [
                "<script>\n",
                "setx HTTP_PROXY http://",
                "10.205.8.89",
                ":8080\n",
                "setx HTTPS_PROXY http://",
                "10.205.8.89",
                ":8080\n",
                "setx NO_PROXY \"localhost,s3.amazonaws.com,elb.amazonaws.com,nexus.emdeon.net,tfsbna.emdeon.net,169.254.169.254,127.0.0.1,127.0.0.0/8,10.0.0.0/8,172.16.0.0/12,192.168.0.0/16,.tc3health.com,*.tc3health.com\"\n",
                "set HTTP_PROXY=http://",
                "10.205.8.89",
                ":8080\n",
                "set HTTPS_PROXY=http://",
                "10.205.8.89",
                ":8080\n",
                "set NO_PROXY=\"localhost,s3.amazonaws.com,elb.amazonaws.com,nexus.emdeon.net,tfsbna.emdeon.net,169.254.169.254,127.0.0.1,127.0.0.0/8,10.0.0.0/8,172.16.0.0/12,192.168.0.0/16,.tc3health.com,*.tc3health.com\"\n",
                "netsh winhttp set proxy ",
                "10.205.8.89",
                ":8080 \"localhost;s3.amazonaws.com;elb.amazonaws.com;.tc3health.com;nexus.emdeon.net;tfsbna.emdeon.net;10.;169.254.169.254;<local>\"\n",
                "cfn-init.exe -v --configset config -s ",
                {
                  "Ref": "AWS::StackId"
                },
                " --region ",
                {
                  "Ref": "AWS::Region"
                },
                " -r UprofileLaunchConfiguration --role ",
                "Service-555-TC3",
                "\n",
                "</script>"
              ]
            ]
          }
        }
      },
      "Metadata": {
        "AWS::CloudFormation::Authentication": {
          "InfrastructureBucketCredentials": {
            "type": "S3",
            "buckets": [
              {
                "Ref": "InfrastructureBucket"
              }
            ],
            "roleName": "Service-555-TC3"
          },
          "SeedBucketCredentials": {
            "type": "S3",
            "buckets": [
              {
                "Ref": "SeedBucket"
              }
            ],
            "roleName": "Service-555-TC3"
          }
        },
        "AWS::CloudFormation::Init": {
          "configSets": {
            "config": [
              "cfnsetup",
              "disableuac",
              "enableproxy",
              "dnsserver",
              "reboot",
              "sublimetext",
              "firstchefrun",
              "reboot",
              "secondchefrun",
              "reboot",
              "unconditionalsuccess"
            ]
          },
          "cfnsetup": {
            "files": {
              "c:\\cfn\\cfn-hup.conf": {
                "content": {
                  "Fn::Join": [
                    "",
                    [
                      "[main]\n",
                      "stack=",
                      {
                        "Ref": "AWS::StackId"
                      },
                      "\n",
                      "region=",
                      {
                        "Ref": "AWS::Region"
                      },
                      "\n"
                    ]
                  ]
                }
              },
              "c:\\cfn\\hooks.d\\cfn-auto-reloader.conf": {
                "content": {
                  "Fn::Join": [
                    "",
                    [
                      "[cfn-auto-reloader-hook]\n",
                      "triggers=post.update\n",
                      "path=Resources.",
                      "UprofileLaunchConfiguration",
                      ".Metadata.AWS::CloudFormation::Init\n",
                      "action=cfn-init.exe -v -s ",
                      {
                        "Ref": "AWS::StackId"
                      },
                      " --role ",
                      "Service-555-TC3",
                      " --region ",
                      {
                        "Ref": "AWS::Region"
                      },
                      "\n"
                    ]
                  ]
                }
              }
            },
            "services": {
              "windows": {
                "cfn-hup": {
                  "enabled": true,
                  "ensure_running": true,
                  "files": [
                    "c:\\cfn\\cfn-hup.conf",
                    "c:\\cfn\\hooks.d\\cfn-auto-reloader.conf"
                  ]
                }
              }
            },
            "commands": {
              "00-set-execution-policy": {
                "command": "powershell.exe -command Set-ExecutionPolicy RemoteSigned -Force",
                "waitAfterCompletion": "0"
              }
            }
          },
          "disableuac": {
            "files": {
              "c:\\cfn\\scripts\\disable_uac.ps1": {
                "content": "New-ItemProperty -Path \"HKLM:\\Software\\Microsoft\\Windows\\CurrentVersion\\policies\\system\" -Name EnableLUA -PropertyType DWORD -Value 0 -Force"
              },
              "c:\\cfn\\scripts\\disable_generic_trend_policy.ps1": {
                "content": "& $Env:ProgramFiles\"\\Trend Micro\\Deep Security Agent\\dsa_control\" -r"
              }
            },
            "commands": {
              "00-scheduled-task-disable-uac": {
                "command": "schtasks /create /tn \"disable_uac\" /tr \"powershell.exe -ExecutionPolicy RemoteSigned c:\\cfn\\scripts\\disable_uac.ps1\" /sc ONSTART /ru System",
                "waitAfterCompletion": "0"
              },
              "01-disable-generic-trendmicro-policy": {
                "command": "powershell.exe -ExecutionPolicy RemoteSigned c:\\cfn\\scripts\\disable_generic_trend_policy.ps1",
                "waitAfterCompletion": "0"
              },
              "02-place-disable_uac-scheduled-task-reboot": {
                "command": "SHUTDOWN /r /f /t 5 /c \"Wrote disable_uac scheduled task; rebooting to insert.\"",
                "waitAfterCompletion": "forever"
              },
              "03-disable_uac-takes-effect-reboot": {
                "command": "SHUTDOWN /r /f /t 5 /c \"Implemented disable_uac scheduled task; rebooting to take effect.\"",
                "waitAfterCompletion": "forever"
              }
            }
          },
          "enableproxy": {
            "files": {
              "c:\\cfn\\scripts\\enable_proxy.bat": {
                "content": {
                  "Fn::Join": [
                    "",
                    [
                      "setx HTTP_PROXY http://",
                      "10.205.8.89",
                      ":8080\n",
                      "setx HTTPS_PROXY http://",
                      "10.205.8.89",
                      ":8080\n",
                      "setx NO_PROXY \"localhost,s3.amazonaws.com,elb.amazonaws.com,nexus.emdeon.net,tfsbna.emdeon.net,169.254.169.254,127.0.0.1,127.0.0.0/8,10.0.0.0/8,172.16.0.0/12,192.168.0.0/16,.tc3health.com,*.tc3health.com\"\n",
                      "set HTTP_PROXY=http://",
                      "10.205.8.89",
                      ":8080\n",
                      "set HTTPS_PROXY=http://",
                      "10.205.8.89",
                      ":8080\n",
                      "set NO_PROXY=\"localhost,s3.amazonaws.com,elb.amazonaws.com,nexus.emdeon.net,tfsbna.emdeon.net,169.254.169.254,127.0.0.1,127.0.0.0/8,10.0.0.0/8,172.16.0.0/12,192.168.0.0/16,.tc3health.com,*.tc3health.com\"\n",
                      "netsh winhttp set proxy ",
                      "10.205.8.89",
                      ":8080 \"localhost;s3.amazonaws.com;elb.amazonaws.com;.tc3health.com;nexus.emdeon.net;tfsbna.emdeon.net;10.;169.254.169.254;<local>\"\n"
                    ]
                  ]
                }
              }
            },
            "commands": {
              "00-execute-force_proxy-batch-script": {
                "command": "c:\\cfn\\scripts\\enable_proxy.bat",
                "waitAfterCompletion": "0"
              }
            }
          },
          "reboot": {
            "commands": {
              "00-windows-needs-more-reboot": {
                "command": "SHUTDOWN /r /f /t 5 /c \"Windows can never reboot too many times!\"",
                "waitAfterCompletion": "forever"
              }
            }
          },
          "sublimetext": {
            "files": {
              "c:\\cfn\\scripts\\SublimeText3_x64.exe": {
                "source": {
                  "Fn::Join": [
                    "",
                    [
                      "https://",
                      "nexus.emdeon.net",
                      ":8443",
                      "/nexus/content/sites/Emdeon-TC3-Health",
                      "/SublimeText3_x64.exe"
                    ]
                  ]
                }
              }
            },
            "commands": {
              "00-install-sublime-text": {
                "command": "c:\\cfn\\scripts\\SublimeText3_x64.exe /VERYSILENT /SUPPRESSMESSAGEBOXES /NORESTART /TASKS=\"contextentry\"",
                "waitAfterCompletion": "0"
              }
            }
          },
          "dnsserver": {
            "files": {
              "c:\\cfn\\scripts\\set_dnsserver.ps1": {
                "content": {
                  "Fn::Join": [
                    "",
                    [
                      "Set-DnsClientServerAddress -InterfaceAlias \"Ethernet 2\" -ServerAddresses (\"",
                      "10.219.15.150",
                      "\", \"",
                      "10.219.15.170",
                      "\")"
                    ]
                  ]
                }
              }
            },
            "commands": {
              "00-execute-powershell-script-DnsClientServerAddress": {
                "command": "powershell.exe -ExecutionPolicy RemoteSigned c:\\cfn\\scripts\\set_dnsserver.ps1",
                "waitAfterCompletion": "0"
              }
            }
          },
          "firstchefrun": {
            "files": {
              "c:\\Chef\\client.rb": {
                "content": {
                  "Fn::Join": [
                    "",
                    [
                      "current_dir = File.dirname(__FILE__)\n",
                      "log_level :info\n",
                      "log_location ",
                      "\"#{current_dir}\\\\client.log\"\n",
                      "node_name ",
                      "ENV['COMPUTERNAME']\n",
                      "environment '",
                      {
                        "Ref": "ChefEnvironment"
                      },
                      "'\n",
                      "ssl_verify_mode :verify_none\n",
                      "validation_client_name '",
                      {
                        "Ref": "ChefServerOrg"
                      },
                      "-validator'\n",
                      "validation_key ",
                      "\"#{current_dir}\\\\validator.pem\"\n",
                      "chef_server_url '",
                      {
                        "Ref": "ChefServerUrl"
                      },
                      "/organizations/",
                      {
                        "Ref": "ChefServerOrg"
                      },
                      "'\n",
                      "no_proxy 'localhost,s3.amazonaws.com,nexus.emdeon.net,tfsbna.emdeon.net,10.*,169.254.169.254,127.0.0.1,*.elb.amazonaws.com'\n",
                      "cache_type 'BasicFile'\n",
                      "cache_options( :path => \"#{current_dir}\\\\checksums\" )\n",
                      "cookbook_path \"#{current_dir}\\\\..\\\\cookbooks\"\n",
                      "\nohai.disabled_plugins = [\n# The following plugins are required for Chef to work\n# 'hostname','windows::hostname','windows::platform',\n# and also want the following plugins enabled\n# 'ruby','chef','ohai','platform'\n# 'network','uptime','ohai_time'\n:C,\n:Cloud,\n:Command,\n:Dmi,\n:DmiCommon,\n:Ec2,\n:Eucalyptus,\n:Erlang,\n:GCE,\n:Groovy,\n:IpScopes,\n:Java,\n:Keys,\n:Lua,\n:Mono,\n:NetworkListeners,\n:NetworkRoutes,\n:Passwd,\n:Perl,\n:PHP,\n:Powershell,\n:Python,\n:Rackspace,\n:Softlayer,\n:SSHHostKey,\n:Virtualization,\n:VMware,\n]\n",
                      "\n"
                    ]
                  ]
                },
                "mode": "000644"
              },
              "c:\\Chef\\validator.pem": {
                "source": {
                  "Fn::Join": [
                    "",
                    [
                      "https://",
                      {
                        "Ref": "SeedBucket"
                      },
                      ".s3.amazonaws.com",
                      {
                        "Ref": "InfrastructureBucketPath"
                      },
                      "/validator-DEV.pem"
                    ]
                  ]
                },
                "mode": "000400",
                "authentication": "SeedBucketCredentials"
              },
              "c:\\Chef\\encrypted_data_bag_secret": {
                "source": {
                  "Fn::Join": [
                    "",
                    [
                      "https://",
                      {
                        "Ref": "SeedBucket"
                      },
                      ".s3.amazonaws.com",
                      {
                        "Ref": "InfrastructureBucketPath"
                      },
                      "/encrypted_data_bag_secret-DEV"
                    ]
                  ]
                },
                "mode": "000400",
                "authentication": "SeedBucketCredentials"
              },
              "c:\\Chef\\chef-client-install.msi": {
                "source": {
                  "Fn::Join": [
                    "",
                    [
                      "https://",
                      {
                        "Ref": "InfrastructureBucket"
                      },
                      ".s3.amazonaws.com",
                      {
                        "Ref": "InfrastructureBucketPath"
                      },
                      "/appsoftware/chef/chef-client-",
                      {
                        "Ref": "ChefClientVersion"
                      },
                      "-1-x86.msi"
                    ]
                  ]
                },
                "mode": "000400",
                "owner": "root",
                "group": "root",
                "authentication": "InfrastructureBucketCredentials"
              },
              "c:\\Chef\\first_run.json": {
                "content": {
                  "run_list": {
                    "Ref": "UprofileEc2InstanceChefClientRunList"
                  },
                  "chef_client": {
                    "init_style": "windows"
                  },
                  "vpc": {
                    "cidr": {
                      "Ref": "VpcCidr"
                    },
                    "proxy_ip": "10.205.8.89"
                  },
                  "main": {
                    "s3bucket": {
                      "Ref": "InfrastructureBucket"
                    },
                    "primary_dns": "10.219.15.150",
                    "secondary_dns": "10.219.15.170"
                  },
                  "activedirectory": {
                    "netbiosname": {
                      "Ref": "DomainNetbiosName"
                    },
                    "domaintld": {
                      "Ref": "DomainTld"
                    }
                  },
                  "reginjector": {
                    "proxy_ipaddress": "10.205.8.89"
                  }
                },
                "mode": "000644"
              }
            },
            "commands": {
              "01_chef_client_install": {
                "command": "C:\\Chef\\chef-client-install.msi /passive ADDLOCAL=\"ChefClientFeature\" /log \"C:\\Chef\\chef-client-install.log\"",
                "cwd": "C:\\Chef",
                "waitAfterCompletion": "0"
              },
              "02_chef_client_first_run": {
                "command": "C:\\opscode\\chef\\bin\\chef-client -c c:\\chef\\client.rb -j c:\\chef\\first_run.json -l info",
                "cwd": "C:\\Chef",
                "waitAfterCompletion": "30"
              }
            }
          },
          "secondchefrun": {
            "files": {
              "c:\\Chef\\second_run.json": {
                "content": {
                  "run_list": [
                    "recipe[chef-client]",
                    "role[windows_domain_member]",
                    "role[windows_base_dotnet]",
                    "role[windows_base_tentacle]",
                    "role[windows_base_tools]"
                  ],
                  "chef_client": {
                    "init_style": "windows"
                  },
                  "vpc": {
                    "cidr": {
                      "Ref": "VpcCidr"
                    },
                    "proxy_ip": "10.205.8.89"
                  },
                  "main": {
                    "s3bucket": {
                      "Ref": "InfrastructureBucket"
                    }
                  },
                  "reginjector": {
                    "proxy_ipaddress": "10.205.8.89"
                  }
                },
                "mode": "000644"
              }
            },
            "commands": {
              "02_chef_client_second_run": {
                "command": "C:\\opscode\\chef\\bin\\chef-client -c c:\\chef\\client.rb -j c:\\chef\\second_run.json -l info",
                "cwd": "C:\\Chef",
                "waitAfterCompletion": "30"
              }
            }
          },
          "unconditionalsuccess": {
            "commands": {
              "a-signal-success": {
                "command": {
                  "Fn::Join": [
                    "",
                    [
                      "cfn-signal.exe -e 0 \"",
                      {
                        "Ref": "UprofileWaitConditionHandle"
                      },
                      "\""
                    ]
                  ]
                }
              }
            }
          }
        }
      }
    },
    "UprofileAutoScalingGroup": {
      "Type": "AWS::AutoScaling::AutoScalingGroup",
      "Properties": {
        "HealthCheckGracePeriod": 3000,
        "VPCZoneIdentifier": [
          {
            "Ref": "PrivateSubnetWebB"
          },
          {
            "Ref": "PrivateSubnetWebA"
          }
        ],
        "MinSize": {
          "Ref": "UprofileMinNodes"
        },
        "MaxSize": {
          "Ref": "UprofileMaxNodes"
        },
        "TargetGroupARNs": [
          {
            "Ref": "UprofileTargetGroup"
          }
        ],
        "Cooldown": 90,
        "LaunchConfigurationName": {
          "Ref": "UprofileLaunchConfiguration"
        },
        "Tags": [
          {
            "Key": "Name",
            "Value": {
              "Fn::Join": [
                "",
                [
                  {
                    "Ref": "TagApplicationname"
                  },
                  "-",
                  "uprofile",
                  "-",
                  {
                    "Ref": "TagOs"
                  }
                ]
              ]
            },
            "PropagateAtLaunch": true
          },
          {
            "Key": "Billing",
            "Value": {
              "Fn::Join": [
                "",
                [
                  {
                    "Ref": "TagBusinessunit"
                  },
                  ".",
                  {
                    "Ref": "TagDepartment"
                  },
                  ".",
                  {
                    "Ref": "TagProduct"
                  },
                  ".",
                  {
                    "Ref": "TagPercent"
                  }
                ]
              ]
            },
            "PropagateAtLaunch": true
          },
          {
            "Key": "Description",
            "Value": {
              "Fn::Join": [
                "",
                [
                  "env=",
                  {
                    "Ref": "TagEnvironment"
                  },
                  "/",
                  "appid=",
                  {
                    "Ref": "TagAppid"
                  },
                  "/",
                  "comp=",
                  {
                    "Ref": "TagComponent"
                  },
                  "/",
                  "monitor=",
                  {
                    "Ref": "TagMonitor"
                  }
                ]
              ]
            },
            "PropagateAtLaunch": true
          }
        ]
      },
      "UpdatePolicy": {
        "AutoScalingScheduledAction": {
          "IgnoreUnmodifiedGroupSizeProperties": true
        },
        "AutoScalingRollingUpdate": {
          "MinInstancesInService": 1,
          "MaxBatchSize": 2,
          "WaitOnResourceSignals": false,
          "PauseTime": "PT60M"
        }
      }
    }
  }
}
