{
  "AWSTemplateFormatVersion": "2010-09-09",
  "Parameters": {
    "Creator": {
      "Default": "ec2-user",
      "Description": "Creator of stack",
      "Type": "String"
    },
    "InfrastructureBucket": {
      "Default": "emdeon-dev-tc3-us-east-1",
      "Description": "Infrastructure files bucket",
      "Type": "String"
    },
    "SeedBucket": {
      "Default": "emdeon-dev-tc3-us-east-1",
      "Description": "Infrastructure seed files bucket",
      "Type": "String"
    },
    "InfrastructureBucketPath": {
      "Default": "/applications/tc3health",
      "Description": "Infrastructure bucket file path",
      "Type": "String"
    },
    "TagBusinessunit": {
      "Type": "String",
      "Default": "IT-Payment Integrity"
    },
    "TagDepartment": {
      "Type": "String",
      "Default": "AB1-PI IT TC3"
    },
    "TagProduct": {
      "Type": "String",
      "Default": "Payment Integrity: Pre-Pay"
    },
    "TagPercent": {
      "Type": "String",
      "Default": "100"
    },
    "TagApplicationname": {
      "Type": "String",
      "Default": "TC3-TruClaim"
    },
    "TagAppid": {
      "Type": "String",
      "Default": "555"
    },
    "TagMonitor": {
      "Type": "String",
      "Default": "false",
      "AllowedValues": [
        "true",
        "false"
      ]
    },
    "TagEnvironment": {
      "Type": "String",
      "Description": "One of only: %w(DEV QA CERT TEST NONPROD MGMT DR PROD IMP)",
      "Default": "DEV",
      "AllowedValues": [
        "DEV",
        "QA",
        "CERT",
        "TEST",
        "NONPROD",
        "MGMT",
        "DR",
        "PROD",
        "IMP"
      ]
    },
    "TagComponent": {
      "Description": "The sub-component piece of the application stack (part of the AWS tag Description)",
      "Type": "String",
      "Default": "WebSphereWTX"
    },
    "Vpc": {
      "Description": "VPC ID",
      "Type": "String",
      "Default": "vpc-12345678"
    },
    "VpcCidr": {
      "Description": "VPC Subnet",
      "Type": "String",
      "Default": "192.168.0.0/24"
    },
    "ChefServerUrl": {
      "Description": "URL for the chef server",
      "Type": "String"
    },
    "ChefServerOrg": {
      "Description": "Initial Chef Server Organization",
      "Default": "tc3",
      "Type": "String"
    },
    "TagOs": {
      "Type": "String",
      "Default": "windows"
    },
    "ChefClientVersion": {
      "Description": "Chef client version",
      "Default": "12.5.1",
      "Type": "String"
    },
    "DomainTld": {
      "Description": "TLD Top Level Domain-name",
      "Type": "String",
      "Default": ".ad.tc3health.com"
    },
    "DomainNetbiosName": {
      "Description": "domain netbios name",
      "Type": "String",
      "Default": "dev"
    },
    "ChefEnvironment": {
      "Description": "Chef environment",
      "Default": "development",
      "AllowedValues": [
        "_default",
        "development",
        "implementation",
        "production",
        "certification",
        "qa",
        "dr",
        "test"
      ],
      "Type": "String"
    },
    "TagRole": {
      "Description": "The role of this piece the application stack (part of the AWS tag Name)",
      "Type": "String",
      "Default": "wtx"
    },
    "PrivateSubnetAppB": {
      "Type": "String",
      "Default": "subnet-12345678"
    },
    "PrivateSubnetAppA": {
      "Type": "String",
      "Default": "subnet-12345678"
    },
    "AllDEVPrivateSG": {
      "Type": "String",
      "Default": "sg-12345678"
    },
    "PrivateDEVAppSG": {
      "Type": "String",
      "Default": "sg-12345678"
    },
    "WtxappEc2InstanceKeypair": {
      "Type": "String",
      "Default": "JeongL_useast1"
    },
    "WtxappInstanceSize": {
      "AllowedValues": [
        "m4.2xlarge",
        "m4.xlarge",
        "m4.large",
        "m1.medium",
        "m1.small"
      ],
      "Default": "m4.large",
      "Description": "Size of created instance",
      "Type": "String"
    },
    "WtxappInstanceImageType": {
      "AllowedValues": [
        "windows2012R2wtx",
        "windows2012R2MSSQL2014Express",
        "clusterMemberMSSQL2014"
      ],
      "Default": "windows2012R2wtx",
      "Description": "Instance platform",
      "Type": "String"
    },
    "WtxappEc2InstanceChefClientRunList": {
      "Type": "CommaDelimitedList",
      "Description": "Initial chef client run list for wtxapp",
      "Default": "recipe[chef-client],role[windows_base],role[windows_domain_member],role[windows_base_app],role[windows_base_wtxapp]"
    },
    "WtxappPrivateIp1": {
      "Default": "10.219.97.138",
      "Description": "Node primary private IP",
      "Type": "String"
    },
    "WtxappMinNodes": {
      "Default": "1",
      "Description": "Minimum number of nodes",
      "Type": "String"
    },
    "WtxappMaxNodes": {
      "Default": "1",
      "Description": "Maximum number of nodes",
      "Type": "String"
    }
  },
  "Outputs": {
    "Creator": {
      "Value": {
        "Ref": "Creator"
      }
    },
    "InfrastructureBucket": {
      "Value": {
        "Ref": "InfrastructureBucket"
      }
    },
    "TagBusinessunit": {
      "Value": {
        "Ref": "TagBusinessunit"
      }
    },
    "TagDepartment": {
      "Value": {
        "Ref": "TagDepartment"
      }
    },
    "TagProduct": {
      "Value": {
        "Ref": "TagProduct"
      }
    },
    "TagPercent": {
      "Value": {
        "Ref": "TagPercent"
      }
    },
    "TagApplicationname": {
      "Value": {
        "Ref": "TagApplicationname"
      }
    },
    "TagAppid": {
      "Value": {
        "Ref": "TagAppid"
      }
    },
    "TagMonitor": {
      "Value": {
        "Ref": "TagMonitor"
      }
    },
    "TagEnvironment": {
      "Value": {
        "Ref": "TagEnvironment"
      }
    },
    "TagComponent": {
      "Value": {
        "Ref": "TagComponent"
      }
    },
    "Vpc": {
      "Value": {
        "Ref": "Vpc"
      }
    },
    "VpcCidr": {
      "Value": {
        "Ref": "VpcCidr"
      }
    },
    "TagRole": {
      "Value": {
        "Ref": "TagRole"
      }
    },
    "WtxappLoadBalancerId": {
      "Value": {
        "Ref": "WtxappLoadBalancer"
      },
      "Description": "Internal ID of load balancer"
    },
    "WtxappLoadBalancerPort": {
      "Value": 80,
      "Description": "Load balancer port"
    },
    "WtxappLoadBalancerInstancePort": {
      "Value": "3389",
      "Description": "Instance port"
    },
    "WtxappLoadBalancerSecurityName": {
      "Value": {
        "Fn::GetAtt": [
          "WtxappLoadBalancer",
          "SourceSecurityGroup.GroupName"
        ]
      },
      "Description": "Security group source name of load balancer"
    },
    "WtxappLoadBalancerSecurityId": {
      "Value": {
        "Fn::GetAtt": [
          "WtxappLoadBalancer",
          "SourceSecurityGroup.OwnerAlias"
        ]
      },
      "Description": "Security group source ID of load balancer"
    },
    "WtxappLoadBalancerPublicIp": {
      "Value": {
        "Fn::GetAtt": [
          "WtxappLoadBalancer",
          "DNSName"
        ]
      },
      "Description": "Public IPv4 address of load balancer"
    }
  },
  "Mappings": {
    "Platforms": {
      "us-east-1": {
        "windows2012R2www": "ami-973a0480",
        "windows2012R2ppo": "ami-973a0480",
        "windows2012R2wtx": "ami-973a0480",
        "windows2008R2": "ami-973a0480",
        "windows2012R2webapi": "ami-75896163",
        "rhel6hvm": "ami-86fff991",
        "windows2012R2": "ami-9b2a77f1",
        "windows2012R2pass": "ami-5b78ba36",
        "windows2012R2cache": "ami-5b78ba36",
        "windows2012R2sftp": "ami-5b78ba36",
        "clusterMemberMSSQL2014": "ami-d91d9ece",
        "clusterWitnessMSSQL2014": "ami-5b78ba36",
        "amazon201503hvm": "ami-158e237e",
        "windows2012R2MSSQL2014Express": "ami-311bd25a",
        "windows2012R2MSSQL2014ExpressWitness": "ami-6334fd08",
        "rhel7hvm": "ami-1f17557a",
        "ubuntu1204": "ami-ecda6c84",
        "ubuntu1404": "ami-d0ba0cb8",
        "softnas347hvm": "ami-8243abef"
      },
      "us-west-1": {
        "windows2012R2": "ami-890af0cd",
        "windows2012R2MSSQL2014Express": "ami-52869d17",
        "windows2012R2MSSQL2014ExpressWitness": "ami-52869d17",
        "amazon201503hvm": "ami-e13ec1a5",
        "rhel6hvm": "ami-8b8cd1eb",
        "softnas347hvm": "ami-bf4d35df"
      },
      "us-west-2": {
        "windows2012R2": "ami-dfccd1ef",
        "windows2012R2MSSQL2014Express": "ami-59f2d769",
        "windows2012R2MSSQL2014ExpressWitness": "ami-59f2d769",
        "amazon201503hvm": "ami-c3858df3",
        "rhel6hvm": "ami-41858d71",
        "softnas347hvm": "ami-3045b950"
      }
    }
  },
  "Description": "DEV WebSphere WTX Application Stack",
  "Conditions": {
    "WtxappHealthcheckPath": {
      "Fn::Not": [
        {
          "Fn::Equals": [
            "TCP",
            "TCP"
          ]
        }
      ]
    }
  },
  "Resources": {
    "WtxappLoadBalancer": {
      "Type": "AWS::ElasticLoadBalancing::LoadBalancer",
      "Properties": {
        "Subnets": [
          {
            "Ref": "PrivateSubnetAppB"
          },
          {
            "Ref": "PrivateSubnetAppA"
          }
        ],
        "CrossZone": true,
        "SecurityGroups": [
          {
            "Ref": "PrivateDEVLoadBalancerSG"
          }
        ],
        "Scheme": "internal",
        "Listeners": [
          {
            "Protocol": "TCP",
            "LoadBalancerPort": "3389",
            "InstancePort": "3389",
            "InstanceProtocol": "TCP"
          }
        ],
        "HealthCheck": {
          "HealthyThreshold": "2",
          "Interval": 5,
          "Target": {
            "Fn::If": [
              "WtxappHealthcheckPath",
              {
                "Fn::Join": [
                  "",
                  [
                    "TCP",
                    ":",
                    "3389",
                    "/"
                  ]
                ]
              },
              {
                "Fn::Join": [
                  "",
                  [
                    "TCP",
                    ":",
                    "3389"
                  ]
                ]
              }
            ]
          },
          "Timeout": "2",
          "UnhealthyThreshold": "2"
        },
        "Tags": [
          {
            "Key": "Name",
            "Value": {
              "Fn::Join": [
                "",
                [
                  {
                    "Ref": "TagApplicationname"
                  },
                  "-",
                  "wtxapp",
                  "-",
                  "elb"
                ]
              ]
            }
          },
          {
            "Key": "Billing",
            "Value": {
              "Fn::Join": [
                "",
                [
                  {
                    "Ref": "TagBusinessunit"
                  },
                  ".",
                  {
                    "Ref": "TagDepartment"
                  },
                  ".",
                  {
                    "Ref": "TagProduct"
                  },
                  ".",
                  {
                    "Ref": "TagPercent"
                  }
                ]
              ]
            }
          },
          {
            "Key": "Description",
            "Value": {
              "Fn::Join": [
                "",
                [
                  "env=",
                  {
                    "Ref": "TagEnvironment"
                  },
                  "/",
                  "appid=",
                  {
                    "Ref": "TagAppid"
                  },
                  "/",
                  "comp=",
                  {
                    "Ref": "TagComponent"
                  },
                  "/",
                  "monitor=",
                  {
                    "Ref": "TagMonitor"
                  }
                ]
              ]
            }
          }
        ]
      }
    },
    "WtxappLaunchConfiguration": {
      "Type": "AWS::AutoScaling::LaunchConfiguration",
      "Properties": {
        "BlockDeviceMappings": [
          {
            "DeviceName": "xvdf",
            "Ebs": {
              "DeleteOnTermination": true,
              "VolumeSize": 600,
              "VolumeType": "gp2"
            }
          }
        ],
        "IamInstanceProfile": "Service-555-TC3",
        "InstanceMonitoring": false,
        "ImageId": {
          "Fn::FindInMap": [
            "Platforms",
            {
              "Ref": "AWS::Region"
            },
            {
              "Ref": "WtxappInstanceImageType"
            }
          ]
        },
        "InstanceType": {
          "Ref": "WtxappInstanceSize"
        },
        "KeyName": {
          "Ref": "WtxappEc2InstanceKeypair"
        },
        "SecurityGroups": [
          {
            "Ref": "AllDEVPrivateSG"
          },
          {
            "Ref": "PrivateDEVAppSG"
          }
        ],
        "UserData": {
          "Fn::Base64": {
            "Fn::Join": [
              "",
              [
                "<script>\n",
                "setx HTTP_PROXY http://",
                "10.205.8.89",
                ":8080\n",
                "setx HTTPS_PROXY http://",
                "10.205.8.89",
                ":8080\n",
                "setx NO_PROXY \"localhost,s3.amazonaws.com,elb.amazonaws.com,nexus.emdeon.net,tfsbna.emdeon.net,169.254.169.254,127.0.0.1,127.0.0.0/8,10.0.0.0/8,172.16.0.0/12,192.168.0.0/16,.tc3health.com,*.tc3health.com\"\n",
                "set HTTP_PROXY=http://",
                "10.205.8.89",
                ":8080\n",
                "set HTTPS_PROXY=http://",
                "10.205.8.89",
                ":8080\n",
                "set NO_PROXY=\"localhost,s3.amazonaws.com,elb.amazonaws.com,nexus.emdeon.net,tfsbna.emdeon.net,169.254.169.254,127.0.0.1,127.0.0.0/8,10.0.0.0/8,172.16.0.0/12,192.168.0.0/16,.tc3health.com,*.tc3health.com\"\n",
                "netsh winhttp set proxy ",
                "10.205.8.89",
                ":8080 \"localhost;s3.amazonaws.com;elb.amazonaws.com;.tc3health.com;nexus.emdeon.net;tfsbna.emdeon.net;10.;169.254.169.254;<local>\"\n",
                "cfn-init.exe -v --configset config -s ",
                {
                  "Ref": "AWS::StackId"
                },
                " --region ",
                {
                  "Ref": "AWS::Region"
                },
                " -r WtxappLaunchConfiguration --role ",
                "Service-555-TC3",
                "\n",
                "</script>"
              ]
            ]
          }
        }
      },
      "Metadata": {
        "AWS::CloudFormation::Authentication": {
          "InfrastructureBucketCredentials": {
            "type": "S3",
            "buckets": [
              {
                "Ref": "InfrastructureBucket"
              }
            ],
            "roleName": "Service-555-TC3"
          },
          "SeedBucketCredentials": {
            "type": "S3",
            "buckets": [
              {
                "Ref": "SeedBucket"
              }
            ],
            "roleName": "Service-555-TC3"
          }
        },
        "AWS::CloudFormation::Init": {
          "configSets": {
            "config": [
              "cfnsetup",
              "disableautorename",
              "disableuac",
              "enableproxy",
              "dnsserver",
              "rename",
              "sublimetext",
              "firstchefrun",
              "reboot",
              "secondchefrun",
              "reboot",
              "thirdchefrun",
              "reboot",
              "fourthchefrun",
              "reboot",
              "unconditionalsuccess"
            ]
          },
          "cfnsetup": {
            "files": {
              "c:\\cfn\\cfn-hup.conf": {
                "content": {
                  "Fn::Join": [
                    "",
                    [
                      "[main]\n",
                      "stack=",
                      {
                        "Ref": "AWS::StackId"
                      },
                      "\n",
                      "region=",
                      {
                        "Ref": "AWS::Region"
                      },
                      "\n"
                    ]
                  ]
                }
              },
              "c:\\cfn\\hooks.d\\cfn-auto-reloader.conf": {
                "content": {
                  "Fn::Join": [
                    "",
                    [
                      "[cfn-auto-reloader-hook]\n",
                      "triggers=post.update\n",
                      "path=Resources.",
                      "WtxappLaunchConfiguration",
                      ".Metadata.AWS::CloudFormation::Init\n",
                      "action=cfn-init.exe -v -s ",
                      {
                        "Ref": "AWS::StackId"
                      },
                      " --role ",
                      "Service-555-TC3",
                      " --region ",
                      {
                        "Ref": "AWS::Region"
                      },
                      "\n"
                    ]
                  ]
                }
              }
            },
            "services": {
              "windows": {
                "cfn-hup": {
                  "enabled": true,
                  "ensure_running": true,
                  "files": [
                    "c:\\cfn\\cfn-hup.conf",
                    "c:\\cfn\\hooks.d\\cfn-auto-reloader.conf"
                  ]
                }
              }
            },
            "commands": {
              "00-set-execution-policy": {
                "command": "powershell.exe -command Set-ExecutionPolicy RemoteSigned -Force",
                "waitAfterCompletion": "0"
              }
            }
          },
          "disableautorename": {
            "files": {
              "c:\\cfn\\scripts\\disable_autorename.ps1": {
                "content": {
                  "Fn::Join": [
                    "",
                    [
                      "$xml = [xml](Get-Content \"c:\\program files\\Amazon\\EC2ConfigService\\Settings\\config.xml\")\n",
                      "$update = $xml.Ec2ConfigurationSettings.Plugins.Plugin | where {$_.Name -eq 'Ec2SetComputerName'}\n",
                      "$update.State = 'Disabled'\n",
                      "$xml.Save(\"c:\\program files\\Amazon\\EC2ConfigService\\Settings\\config.xml\")\n"
                    ]
                  ]
                }
              }
            },
            "commands": {
              "00-disable-auto-rename": {
                "command": "powershell.exe -ExecutionPolicy RemoteSigned c:\\cfn\\scripts\\disable_autorename.ps1",
                "waitAfterCompletion": "0"
              }
            }
          },
          "disableuac": {
            "files": {
              "c:\\cfn\\scripts\\disable_uac.ps1": {
                "content": "New-ItemProperty -Path \"HKLM:\\Software\\Microsoft\\Windows\\CurrentVersion\\policies\\system\" -Name EnableLUA -PropertyType DWORD -Value 0 -Force"
              },
              "c:\\cfn\\scripts\\disable_generic_trend_policy.ps1": {
                "content": "& $Env:ProgramFiles\"\\Trend Micro\\Deep Security Agent\\dsa_control\" -r"
              }
            },
            "commands": {
              "00-scheduled-task-disable-uac": {
                "command": "schtasks /create /tn \"disable_uac\" /tr \"powershell.exe -ExecutionPolicy RemoteSigned c:\\cfn\\scripts\\disable_uac.ps1\" /sc ONSTART /ru System",
                "waitAfterCompletion": "0"
              },
              "01-disable-generic-trendmicro-policy": {
                "command": "powershell.exe -ExecutionPolicy RemoteSigned c:\\cfn\\scripts\\disable_generic_trend_policy.ps1",
                "waitAfterCompletion": "0"
              },
              "02-place-disable_uac-scheduled-task-reboot": {
                "command": "SHUTDOWN /r /f /t 5 /c \"Wrote disable_uac scheduled task; rebooting to insert.\"",
                "waitAfterCompletion": "forever"
              },
              "03-disable_uac-takes-effect-reboot": {
                "command": "SHUTDOWN /r /f /t 5 /c \"Implemented disable_uac scheduled task; rebooting to take effect.\"",
                "waitAfterCompletion": "forever"
              }
            }
          },
          "enableproxy": {
            "files": {
              "c:\\cfn\\scripts\\enable_proxy.bat": {
                "content": {
                  "Fn::Join": [
                    "",
                    [
                      "setx HTTP_PROXY http://",
                      "10.205.8.89",
                      ":8080\n",
                      "setx HTTPS_PROXY http://",
                      "10.205.8.89",
                      ":8080\n",
                      "setx NO_PROXY \"localhost,s3.amazonaws.com,elb.amazonaws.com,nexus.emdeon.net,tfsbna.emdeon.net,169.254.169.254,127.0.0.1,127.0.0.0/8,10.0.0.0/8,172.16.0.0/12,192.168.0.0/16,.tc3health.com,*.tc3health.com\"\n",
                      "set HTTP_PROXY=http://",
                      "10.205.8.89",
                      ":8080\n",
                      "set HTTPS_PROXY=http://",
                      "10.205.8.89",
                      ":8080\n",
                      "set NO_PROXY=\"localhost,s3.amazonaws.com,elb.amazonaws.com,nexus.emdeon.net,tfsbna.emdeon.net,169.254.169.254,127.0.0.1,127.0.0.0/8,10.0.0.0/8,172.16.0.0/12,192.168.0.0/16,.tc3health.com,*.tc3health.com\"\n",
                      "netsh winhttp set proxy ",
                      "10.205.8.89",
                      ":8080 \"localhost;s3.amazonaws.com;elb.amazonaws.com;.tc3health.com;nexus.emdeon.net;tfsbna.emdeon.net;10.;169.254.169.254;<local>\"\n"
                    ]
                  ]
                }
              }
            },
            "commands": {
              "00-execute-force_proxy-batch-script": {
                "command": "c:\\cfn\\scripts\\enable_proxy.bat",
                "waitAfterCompletion": "0"
              }
            }
          },
          "rename": {
            "commands": {
              "00-execute-powershell-script-RenameComputer": {
                "command": {
                  "Fn::Join": [
                    "",
                    [
                      "powershell.exe -Command Rename-Computer -NewName ",
                      {
                        "Ref": "WtxappEc2InstanceHostname"
                      },
                      " -Force:$true -Restart:$false"
                    ]
                  ]
                },
                "waitAfterCompletion": "5"
              },
              "01-ensure-computer-rename-reboot": {
                "command": "SHUTDOWN /r /f /t 5 /c \"powershell renamed machine; rebooting to take effect.\"",
                "waitAfterCompletion": "forever"
              }
            }
          },
          "reboot": {
            "commands": {
              "00-windows-needs-more-reboot": {
                "command": "SHUTDOWN /r /f /t 5 /c \"Windows can never reboot too many times!\"",
                "waitAfterCompletion": "forever"
              }
            }
          },
          "sublimetext": {
            "files": {
              "c:\\cfn\\scripts\\SublimeText3_x64.exe": {
                "source": {
                  "Fn::Join": [
                    "",
                    [
                      "https://",
                      "nexus.emdeon.net",
                      ":8443",
                      "/nexus/content/sites/Emdeon-TC3-Health",
                      "/SublimeText3_x64.exe"
                    ]
                  ]
                }
              }
            },
            "commands": {
              "00-install-sublime-text": {
                "command": "c:\\cfn\\scripts\\SublimeText3_x64.exe /VERYSILENT /SUPPRESSMESSAGEBOXES /NORESTART /TASKS=\"contextentry\"",
                "waitAfterCompletion": "0"
              }
            }
          },
          "dnsserver": {
            "files": {
              "c:\\cfn\\scripts\\set_dnsserver.ps1": {
                "content": {
                  "Fn::Join": [
                    "",
                    [
                      "Set-DnsClientServerAddress -InterfaceAlias \"Ethernet 2\" -ServerAddresses (\"",
                      "10.219.15.150",
                      "\", \"",
                      "10.219.15.170",
                      "\")"
                    ]
                  ]
                }
              }
            },
            "commands": {
              "00-execute-powershell-script-DnsClientServerAddress": {
                "command": "powershell.exe -ExecutionPolicy RemoteSigned c:\\cfn\\scripts\\set_dnsserver.ps1",
                "waitAfterCompletion": "0"
              }
            }
          },
          "firstchefrun": {
            "files": {
              "c:\\Chef\\client.rb": {
                "content": {
                  "Fn::Join": [
                    "",
                    [
                      "current_dir = File.dirname(__FILE__)\n",
                      "log_level :info\n",
                      "log_location ",
                      "\"#{current_dir}\\\\client.log\"\n",
                      "node_name '",
                      {
                        "Ref": "WtxappEc2InstanceHostname"
                      },
                      "'\n",
                      "environment '",
                      {
                        "Ref": "ChefEnvironment"
                      },
                      "'\n",
                      "ssl_verify_mode :verify_none\n",
                      "validation_client_name '",
                      {
                        "Ref": "ChefServerOrg"
                      },
                      "-validator'\n",
                      "validation_key ",
                      "\"#{current_dir}\\\\validator.pem\"\n",
                      "chef_server_url '",
                      {
                        "Ref": "ChefServerUrl"
                      },
                      "/organizations/",
                      {
                        "Ref": "ChefServerOrg"
                      },
                      "'\n",
                      "no_proxy 'localhost,s3.amazonaws.com,nexus.emdeon.net,tfsbna.emdeon.net,10.*,169.254.169.254,127.0.0.1,*.elb.amazonaws.com'\n",
                      "cache_type 'BasicFile'\n",
                      "cache_options( :path => \"#{current_dir}\\\\checksums\" )\n",
                      "cookbook_path \"#{current_dir}\\\\..\\\\cookbooks\"\n",
                      "\nohai.disabled_plugins = [\n# The following plugins are required for Chef to work\n# 'hostname','windows::hostname','windows::platform',\n# and also want the following plugins enabled\n# 'ruby','chef','ohai','platform'\n# 'network','uptime','ohai_time'\n:C,\n:Cloud,\n:Command,\n:Dmi,\n:DmiCommon,\n:Ec2,\n:Eucalyptus,\n:Erlang,\n:GCE,\n:Groovy,\n:IpScopes,\n:Java,\n:Keys,\n:Lua,\n:Mono,\n:NetworkListeners,\n:NetworkRoutes,\n:Passwd,\n:Perl,\n:PHP,\n:Powershell,\n:Python,\n:Rackspace,\n:Softlayer,\n:SSHHostKey,\n:Virtualization,\n:VMware,\n]\n",
                      "\n"
                    ]
                  ]
                },
                "mode": "000644"
              },
              "c:\\Chef\\validator.pem": {
                "source": {
                  "Fn::Join": [
                    "",
                    [
                      "https://",
                      {
                        "Ref": "SeedBucket"
                      },
                      ".s3.amazonaws.com",
                      {
                        "Ref": "InfrastructureBucketPath"
                      },
                      "/validator-DEV.pem"
                    ]
                  ]
                },
                "mode": "000400",
                "authentication": "SeedBucketCredentials"
              },
              "c:\\Chef\\encrypted_data_bag_secret": {
                "source": {
                  "Fn::Join": [
                    "",
                    [
                      "https://",
                      {
                        "Ref": "SeedBucket"
                      },
                      ".s3.amazonaws.com",
                      {
                        "Ref": "InfrastructureBucketPath"
                      },
                      "/encrypted_data_bag_secret-DEV"
                    ]
                  ]
                },
                "mode": "000400",
                "authentication": "SeedBucketCredentials"
              },
              "c:\\Chef\\chef-client-install.msi": {
                "source": {
                  "Fn::Join": [
                    "",
                    [
                      "https://",
                      {
                        "Ref": "InfrastructureBucket"
                      },
                      ".s3.amazonaws.com",
                      {
                        "Ref": "InfrastructureBucketPath"
                      },
                      "/appsoftware/chef/chef-client-",
                      {
                        "Ref": "ChefClientVersion"
                      },
                      "-1-x86.msi"
                    ]
                  ]
                },
                "mode": "000400",
                "owner": "root",
                "group": "root",
                "authentication": "InfrastructureBucketCredentials"
              },
              "c:\\Chef\\first_run.json": {
                "content": {
                  "run_list": {
                    "Ref": "WtxappEc2InstanceChefClientRunList"
                  },
                  "chef_client": {
                    "init_style": "windows"
                  },
                  "vpc": {
                    "cidr": {
                      "Ref": "VpcCidr"
                    },
                    "proxy_ip": "10.205.8.89"
                  },
                  "main": {
                    "s3bucket": {
                      "Ref": "InfrastructureBucket"
                    },
                    "primary_dns": "10.219.15.150",
                    "secondary_dns": "10.219.15.170"
                  },
                  "activedirectory": {
                    "netbiosname": {
                      "Ref": "DomainNetbiosName"
                    },
                    "domaintld": {
                      "Ref": "DomainTld"
                    }
                  },
                  "reginjector": {
                    "proxy_ipaddress": "10.205.8.89"
                  }
                },
                "mode": "000644"
              }
            },
            "commands": {
              "01_chef_client_install": {
                "command": "C:\\Chef\\chef-client-install.msi /passive ADDLOCAL=\"ChefClientFeature\" /log \"C:\\Chef\\chef-client-install.log\"",
                "cwd": "C:\\Chef",
                "waitAfterCompletion": "0"
              },
              "02_chef_client_first_run": {
                "command": "C:\\opscode\\chef\\bin\\chef-client -c c:\\chef\\client.rb -j c:\\chef\\first_run.json -l info",
                "cwd": "C:\\Chef",
                "waitAfterCompletion": "30"
              }
            }
          },
          "secondchefrun": {
            "files": {
              "c:\\Chef\\second_run.json": {
                "content": {
                  "run_list": [
                    "recipe[chef-client]",
                    "role[windows_base]",
                    "role[windows_domain_member]",
                    "role[windows_base_app]",
                    "role[windows_base_visualstudio2015]"
                  ],
                  "chef_client": {
                    "init_style": "windows"
                  },
                  "vpc": {
                    "cidr": {
                      "Ref": "VpcCidr"
                    },
                    "proxy_ip": "10.205.8.89"
                  },
                  "main": {
                    "s3bucket": {
                      "Ref": "InfrastructureBucket"
                    }
                  },
                  "reginjector": {
                    "proxy_ipaddress": "10.205.8.89"
                  }
                },
                "mode": "000644"
              }
            },
            "commands": {
              "02_chef_client_second_run": {
                "command": "C:\\opscode\\chef\\bin\\chef-client -c c:\\chef\\client.rb -j c:\\chef\\second_run.json -l info",
                "cwd": "C:\\Chef",
                "waitAfterCompletion": "30"
              }
            }
          },
          "thirdchefrun": {
            "files": {
              "c:\\Chef\\third_run.json": {
                "content": {
                  "run_list": [
                    "recipe[chef-client]",
                    "role[windows_base]",
                    "role[windows_domain_member]",
                    "role[windows_base_app]",
                    "role[windows_base_excel]"
                  ],
                  "chef_client": {
                    "init_style": "windows"
                  },
                  "vpc": {
                    "cidr": {
                      "Ref": "VpcCidr"
                    },
                    "proxy_ip": "10.205.8.89"
                  },
                  "main": {
                    "s3bucket": {
                      "Ref": "InfrastructureBucket"
                    }
                  },
                  "reginjector": {
                    "proxy_ipaddress": "10.205.8.89"
                  }
                },
                "mode": "000644"
              }
            },
            "commands": {
              "02_chef_client_third_run": {
                "command": "C:\\opscode\\chef\\bin\\chef-client -c c:\\chef\\client.rb -j c:\\chef\\third_run.json -l info",
                "cwd": "C:\\Chef",
                "waitAfterCompletion": "30"
              }
            }
          },
          "fourthchefrun": {
            "files": {
              "c:\\Chef\\fourth_run.json": {
                "content": {
                  "run_list": [
                    "recipe[chef-client]",
                    "role[windows_base]",
                    "role[windows_domain_member]",
                    "role[windows_base_app]",
                    "role[windows_base_wtxapp]",
                    "role[windows_extended_wtxapp]"
                  ],
                  "chef_client": {
                    "init_style": "windows"
                  },
                  "vpc": {
                    "cidr": {
                      "Ref": "VpcCidr"
                    },
                    "proxy_ip": "10.205.8.89"
                  },
                  "main": {
                    "s3bucket": {
                      "Ref": "InfrastructureBucket"
                    }
                  },
                  "reginjector": {
                    "proxy_ipaddress": "10.205.8.89"
                  }
                },
                "mode": "000644"
              }
            },
            "commands": {
              "02_chef_client_fourth_run": {
                "command": "C:\\opscode\\chef\\bin\\chef-client -c c:\\chef\\client.rb -j c:\\chef\\fourth_run.json -l debug",
                "cwd": "C:\\Chef",
                "waitAfterCompletion": "30"
              }
            }
          },
          "unconditionalsuccess": {
            "commands": {
              "a-signal-nothing": {
                "command": "echo no CloudFormation wait handle to signal"
              }
            }
          }
        }
      }
    },
    "WtxappAutoScalingGroup": {
      "Type": "AWS::AutoScaling::AutoScalingGroup",
      "Properties": {
        "VPCZoneIdentifier": [
          {
            "Ref": "PrivateSubnetAppB"
          },
          {
            "Ref": "PrivateSubnetAppA"
          }
        ],
        "MinSize": {
          "Ref": "WtxappMinNodes"
        },
        "MaxSize": {
          "Ref": "WtxappMaxNodes"
        },
        "LoadBalancerNames": [
          {
            "Ref": "WtxappLoadBalancer"
          }
        ],
        "Cooldown": 90,
        "LaunchConfigurationName": {
          "Ref": "WtxappLaunchConfiguration"
        },
        "Tags": [
          {
            "Key": "Name",
            "Value": {
              "Fn::Join": [
                "",
                [
                  {
                    "Ref": "TagApplicationname"
                  },
                  "-",
                  "wtxapp",
                  "-",
                  {
                    "Ref": "TagOs"
                  }
                ]
              ]
            },
            "PropagateAtLaunch": true
          },
          {
            "Key": "Billing",
            "Value": {
              "Fn::Join": [
                "",
                [
                  {
                    "Ref": "TagBusinessunit"
                  },
                  ".",
                  {
                    "Ref": "TagDepartment"
                  },
                  ".",
                  {
                    "Ref": "TagProduct"
                  },
                  ".",
                  {
                    "Ref": "TagPercent"
                  }
                ]
              ]
            },
            "PropagateAtLaunch": true
          },
          {
            "Key": "Description",
            "Value": {
              "Fn::Join": [
                "",
                [
                  "env=",
                  {
                    "Ref": "TagEnvironment"
                  },
                  "/",
                  "appid=",
                  {
                    "Ref": "TagAppid"
                  },
                  "/",
                  "comp=",
                  {
                    "Ref": "TagComponent"
                  },
                  "/",
                  "monitor=",
                  {
                    "Ref": "TagMonitor"
                  }
                ]
              ]
            },
            "PropagateAtLaunch": true
          }
        ]
      }
    }
  }
}
