{
  "AWSTemplateFormatVersion": "2010-09-09",
  "Parameters": {
    "Creator": {
      "Default": "picommandserver",
      "Description": "Creator of stack",
      "Type": "String"
    },
    "InfrastructureBucket": {
      "Default": "#{InfrastructureBucket}",
      "Description": "Infrastructure files bucket",
      "Type": "String"
    },
    "SeedBucket": {
      "Default": "#{SeedBucket}",
      "Description": "Infrastructure seed files bucket",
      "Type": "String"
    },
    "InfrastructureBucketPath": {
      "Default": "#{InfrastructureBucketPath}",
      "Description": "Infrastructure bucket file path",
      "Type": "String"
    },
	"TagBilling": {
            "Type": "String",
            "Default": "#{TagBilling}"
     }, 
    "TagBusinessunit": {
      "Type": "String",
      "Default": "#{TagBusinessunit}"
    },
    "TagDepartment": {
      "Type": "String",
      "Default": "#{TagDepartment}"
    },
    "TagProduct": {
      "Type": "String",
      "Default": "#{TagProduct}"
    },
    "TagPercent": {
      "Type": "String",
      "Default": "100"
    },
    "TagApplicationname": {
      "Type": "String",
      "Default": "#{TagApplicationname}"
    },
    "TagAppid": {
      "Type": "String",
      "Default": "#{TagAppid}"
    },
	"TagTeam": {
      "Type": "String",
      "Default": "#{TagTeam}"
    },
    "TagMonitor": {
      "Type": "String",
      "Default": "#{TagMonitor}",
      "AllowedValues": [
        "true",
        "false"
      ]
    },
    "TagEnvironment": {
      "Type": "String",
      "Description": "One of only: %w(DEV QA CERT TEST NONPROD MGMT DR PROD IMP)",
      "Default": "#{TagEnvironment}",
      "AllowedValues": [
        "DEV",
        "QA",
        "CERT",
        "TEST",
        "NONPROD",
        "MGMT",
        "DR",
        "PROD",
        "IMP"
      ]
    },
    "TagComponent": {
      "Description": "The sub-component piece of the application stack (part of the AWS tag Description)",
      "Type": "String",
      "Default": "#{WwwTagComponent}"
    },
    "Vpc": {
      "Description": "VPC ID",
      "Type": "String",
      "Default": "#{Vpc}"
    },
    "VpcCidr": {
      "Description": "VPC Subnet",
      "Type": "String",
      "Default": "#{VpcCidr}"
    },
    "ChefServerUrl": {
      "Description": "URL for the chef server",
      "Type": "String",
	  "Default": "#{ChefServerUrl}"
    },
    "ChefServerOrg": {
      "Description": "Initial Chef Server Organization",
      "Default": "#{ChefServerOrg}",
      "Type": "String"
    },
    "TagOs": {
      "Type": "String",
      "Default": "windows"
    },
    "ChefClientVersion": {
      "Description": "Chef client version",
      "Default": "#{ChefClientVersion}",
      "Type": "String"
    },
    "DomainTld": {
      "Description": "TLD Top Level Domain-name",
      "Type": "String",
      "Default": "#{DomainTld}"
    },
    "DomainNetbiosName": {
      "Description": "domain netbios name",
      "Type": "String",
      "Default": "#{DomainNetbiosName}"
    },
    "ChefEnvironment": {
      "Description": "Chef environment",
      "Default": "#{ChefEnvironment}",
      "AllowedValues": [
        "_default",
        "development",
        "implementation",
        "production",
        "certification",
        "qa",
        "dr",
        "test"
      ],
      "Type": "String"
    },
    "TagRole": {
      "Description": "The role of this piece the application stack (part of the AWS tag Name)",
      "Type": "String",
      "Default": "#{TagRoleWWW}"
    },
    "PublicSubnet2": {
      "Type": "String",
      "Default": "#{PublicSubnet2}"
    },
    "PublicSubnet3": {
      "Type": "String",
      "Default": "#{PublicSubnet3}"
    },
    "AllPrivateSG": {
      "Type": "String",
      "Default": "#{AllPrivateSG}"
    },
    "PrivateWebSG": {
      "Type": "String",
      "Default": "#{PrivateWebSG}"
    },
    "WwwEc2InstanceKeypair": {
      "Type": "String",
      "Default": "#{WwwEC2Keypair}"
    },
    "WwwInstanceSize": {
      "AllowedValues": [
        "m4.4xlarge",
        "m4.2xlarge",
        "m4.xlarge",
        "m4.large",
        "m1.medium",
        "m1.small",
        "r3.large",
		"t2.large",
		"t2.small"
      ],
      "Default": "#{WwwInstanceSize}",
      "Description": "Size of created instance",
      "Type": "String"
    },
    "WwwInstanceImageType": {
      "AllowedValues": [
        "windows2012R2www",
        "windows2012R2MSSQL2014Express",
        "clusterMemberMSSQL2014"
      ],
      "Default": "windows2012R2www",
      "Description": "Instance platform",
      "Type": "String"
    },
    "PrivateDEVLoadBalancerSG": {
      "Type": "String",
      "Default": "#{PrivateLoadBalancerSG}"
    },	
    "WwwEc2InstanceChefClientRunList": {
      "Type": "CommaDelimitedList",
      "Description": "Initial chef client run list for www",
      "Default": "#{WwwEc2InstanceChefClientRunList}"
    },
    "WwwMinNodes": {
      "Default": "#{WwwMinNodes}",
      "Description": "Minimum number of nodes",
      "Type": "String"
    },
    "WwwMaxNodes": {
      "Default": "#{WwwMaxNodes}",
      "Description": "Maximum number of nodes",
      "Type": "String"
    }
  },
  "Outputs": {
    "Creator": {
      "Value": {
        "Ref": "Creator"
      }
    },
    "InfrastructureBucket": {
      "Value": {
        "Ref": "InfrastructureBucket"
      }
    },
    "TagBusinessunit": {
      "Value": {
        "Ref": "TagBusinessunit"
      }
    },
    "TagDepartment": {
      "Value": {
        "Ref": "TagDepartment"
      }
    },
    "TagProduct": {
      "Value": {
        "Ref": "TagProduct"
      }
    },
    "TagPercent": {
      "Value": {
        "Ref": "TagPercent"
      }
    },
    "TagApplicationname": {
      "Value": {
        "Ref": "TagApplicationname"
      }
    },
    "TagAppid": {
      "Value": {
        "Ref": "TagAppid"
      }
    },
    "TagMonitor": {
      "Value": {
        "Ref": "TagMonitor"
      }
    },
    "TagEnvironment": {
      "Value": {
        "Ref": "TagEnvironment"
      }
    },
    "TagComponent": {
      "Value": {
        "Ref": "TagComponent"
      }
    },
    "Vpc": {
      "Value": {
        "Ref": "Vpc"
      }
    },
    "VpcCidr": {
      "Value": {
        "Ref": "VpcCidr"
      }
    },
    "TagRole": {
      "Value": {
        "Ref": "TagRole"
      }
    },
    "WwwLoadBalancerId": {
      "Value": {
        "Ref": "WwwLoadBalancerV2"
      },
      "Description": "Internal ID of load balancer"
    },
    "WwwLoadBalancerPort": {
      "Value": 80,
      "Description": "Load balancer port"
    },
    "WwwLoadBalancerInstancePort": {
      "Value": "443",
      "Description": "Instance port"
    }   
  },
  "Mappings": {
    "Platforms": {
      "us-east-1": {
        "windows2012R2www": "#{WwwAmiID}"      
      }
    }
  },
  "Description": "AutoScaling IIS WWW Server Stack",
  "Conditions": {
    "WwwHealthcheckPath": {
      "Fn::Not": [
        {
          "Fn::Equals": [
            "TCP",
            "TCP"
          ]
        }
      ]
    }
  },
  "Resources": {
     "WwwTargetGroup": { 
         "Type": "AWS::ElasticLoadBalancingV2::TargetGroup", 
         "Properties": { 
           "HealthCheckIntervalSeconds": 5, 
           "HealthCheckPath": "/", 
           "HealthCheckPort": "443", 
           "HealthCheckProtocol": "HTTPS", 
           "HealthCheckTimeoutSeconds": "2", 
           "HealthyThresholdCount": "2", 
           "VpcId": { 
             "Ref": "Vpc" 
           }, 
           "Port": "443", 
           "Protocol": "HTTPS" 
         } 
       },    
       "WwwLbListener": { 
         "Type": "AWS::ElasticLoadBalancingV2::Listener", 
         "Properties": { 
           "Protocol": "HTTPS", 
           "Port": 443, 
           "LoadBalancerArn": { 
             "Ref": "WwwLoadBalancerV2" 
           }, 
           "Certificates": [ 
             { 
               "CertificateArn": { 
                 "Fn::Join": [ 
                   "", 
                   [ 
                     "arn:aws:iam::", 
                     { 
                       "Ref": "AWS::AccountId" 
                     }, 
                     ":server-certificate", 
                     "/", 
                     "#{DefaultCertificate}" 
                   ] 
                 ] 
               } 
             } 
           ], 
           "DefaultActions": [ 
             { 
               "TargetGroupArn": { 
                 "Ref": "WwwTargetGroup" 
               }, 
               "Type": "forward" 
             } 
           ] 
         } 
       },

    "WwwLoadBalancerV2": {
      "Type": "AWS::ElasticLoadBalancingV2::LoadBalancer",
      "Properties": {
        "Subnets": [
          {
            "Ref": "PublicSubnet3"
          },
          {
            "Ref": "PublicSubnet2"
          }
        ],
        "SecurityGroups": [
          {
            "Ref": "PrivateDEVLoadBalancerSG"
          },
		   {
            "Ref": "AllPrivateSG"
          },
		   {
            "Ref": "PrivateWebSG"
          }
        ],
        "Scheme": "internal", 
        "Tags": [
          {
            "Key": "Name",
            "Value": {
              "Fn::Join": [
                "",
                [
                  {
                    "Ref": "TagApplicationname"
                  },
                  "-",
                  "www",
                  "-",
                  "elb"
                ]
              ]
            }
          },
		  {
             "Key": "AppId",
              "Value": {                                                        
                            "Ref": "TagAppid"                                                                                    
                      }
          },
          {
            "Key": "Billing",
            "Value": {
              "Fn::Join": [
                "",
                [                 
                  {
                    "Ref": "TagBilling"
                  }
                ]
              ]
            }
          },
          {
            "Key": "Description",
            "Value": {
              "Fn::Join": [
                "",
                [
                  "env=",
                  {
                    "Ref": "TagEnvironment"
                  },
                  "/",
                  "appid=",
                  {
                    "Ref": "TagAppid"
                  },
                  "/",
                  "comp=",
                  {
                    "Ref": "TagComponent"
                  },
                  "/",
                  "monitor=",
                  {
                    "Ref": "TagMonitor"
                  },
				  "/",
                  "team=",
                   {
                     "Ref": "TagTeam"
                   }
                ]
              ]
            }
          }
        ]
      }
    },
    "WwwWaitConditionHandle": {
      "Type": "AWS::CloudFormation::WaitConditionHandle"
    },
    "WwwWaitCondition": {
      "Type": "AWS::CloudFormation::WaitCondition",
      "Properties": {
        "Count": {
          "Ref": "WwwMinNodes"
        },
        "Handle": {
          "Ref": "WwwWaitConditionHandle"
        },
        "Timeout": 28800
      },
      "DependsOn": "WwwAutoScalingGroup"
    },
    "WwwLaunchConfiguration": {
      "Type": "AWS::AutoScaling::LaunchConfiguration",
      "Properties": {
        "BlockDeviceMappings": [
          {
            "DeviceName": "xvdf",
            "Ebs": {
              "DeleteOnTermination": true,
              "VolumeSize": 20,
              "VolumeType": "gp2",
			  "Encrypted": "true"
            }
          }
        ],
        "IamInstanceProfile": "#{IamInstanceProfile}",
        "InstanceMonitoring": false,
        "ImageId": {
          "Fn::FindInMap": [
            "Platforms",
            {
              "Ref": "AWS::Region"
            },
            {
              "Ref": "WwwInstanceImageType"
            }
          ]
        },
        "InstanceType": {
          "Ref": "WwwInstanceSize"
        },
        "KeyName": {
          "Ref": "WwwEc2InstanceKeypair"
        },
        "SecurityGroups": [
          {
            "Ref": "AllPrivateSG"
          },
          {
            "Ref": "PrivateWebSG"
          }
        ],
        "UserData": {
          "Fn::Base64": {
            "Fn::Join": [
              "",
              [
                "<script>\n",                
                "cfn-init.exe -v --configset config -s ",
                {
                  "Ref": "AWS::StackId"
                },
                " --region ",
                {
                  "Ref": "AWS::Region"
                },
                " -r WwwLaunchConfiguration --role ",
                "#{CFNRole}",
                "\n",
                "</script>"
              ]
            ]
          }
        }
      },
      "Metadata": {
        "AWS::CloudFormation::Authentication": {
          "InfrastructureBucketCredentials": {
            "type": "S3",
            "buckets": [
              {
                "Ref": "InfrastructureBucket"
              }
            ],
            "roleName": "#{CFNRole}"
          },
          "SeedBucketCredentials": {
            "type": "S3",
            "buckets": [
              {
                "Ref": "SeedBucket"
              }
            ],
            "roleName": "#{CFNRole}"
          }
        },
        "AWS::CloudFormation::Init": {
          "configSets": {
            "config": [#{WwwConfig}]
          },
          "cfnsetup": {
            "files": {
              "c:\\cfn\\cfn-hup.conf": {
                "content": {
                  "Fn::Join": [
                    "",
                    [
                      "[main]\n",
                      "stack=",
                      {
                        "Ref": "AWS::StackId"
                      },
                      "\n",
                      "region=",
                      {
                        "Ref": "AWS::Region"
                      },
                      "\n"
                    ]
                  ]
                }
              },
              "c:\\cfn\\hooks.d\\cfn-auto-reloader.conf": {
                "content": {
                  "Fn::Join": [
                    "",
                    [
                      "[cfn-auto-reloader-hook]\n",
                      "triggers=post.update\n",
                      "path=Resources.",
                      "WwwLaunchConfiguration",
                      ".Metadata.AWS::CloudFormation::Init\n",
                      "action=cfn-init.exe -v -s ",
                      {
                        "Ref": "AWS::StackId"
                      },
                      " --role ",
                      "#{CFNRole}",
                      " --region ",
                      {
                        "Ref": "AWS::Region"
                      },
                      "\n"
                    ]
                  ]
                }
              }
            },
            "services": {
              "windows": {
                "cfn-hup": {
                  "enabled": true,
                  "ensure_running": true,
                  "files": [
                    "c:\\cfn\\cfn-hup.conf",
                    "c:\\cfn\\hooks.d\\cfn-auto-reloader.conf"
                  ]
                }
              }
            },
            "commands": {
              "00-set-execution-policy": {
                "command": "powershell.exe -command Set-ExecutionPolicy RemoteSigned -Force",
                "waitAfterCompletion": "0"
              }
            }
          },
          "disableuac": {
            "files": {
              "c:\\cfn\\scripts\\disable_uac.ps1": {
                "content": "New-ItemProperty -Path \"HKLM:\\Software\\Microsoft\\Windows\\CurrentVersion\\policies\\system\" -Name EnableLUA -PropertyType DWORD -Value 0 -Force"
              },
              "c:\\cfn\\scripts\\disable_generic_trend_policy.ps1": {
                "content": "& $Env:ProgramFiles\"\\Trend Micro\\Deep Security Agent\\dsa_control\" -r"
              }
            },
            "commands": {
              "00-scheduled-task-disable-uac": {
                "command": "schtasks /create /tn \"disable_uac\" /tr \"powershell.exe -ExecutionPolicy RemoteSigned c:\\cfn\\scripts\\disable_uac.ps1\" /sc ONSTART /ru System",
                "waitAfterCompletion": "0"
              },
              "01-disable-generic-trendmicro-policy": {
                "command": "powershell.exe -ExecutionPolicy RemoteSigned c:\\cfn\\scripts\\disable_generic_trend_policy.ps1",
                "waitAfterCompletion": "0"
              },
              "02-place-disable_uac-scheduled-task-reboot": {
                "command": "SHUTDOWN /r /f /t 5 /c \"Wrote disable_uac scheduled task; rebooting to insert.\"",
                "waitAfterCompletion": "forever"
              },
              "03-disable_uac-takes-effect-reboot": {
                "command": "SHUTDOWN /r /f /t 5 /c \"Implemented disable_uac scheduled task; rebooting to take effect.\"",
                "waitAfterCompletion": "forever"
              }
            }
          },         
          "reboot": {
            "commands": {
              "00-windows-needs-more-reboot": {
                "command": "SHUTDOWN /r /f /t 5 /c \"Windows can never reboot too many times!\"",
                "waitAfterCompletion": "forever"
              }
            }
          },
          "sublimetext": {
            "files": {
              "c:\\cfn\\scripts\\SublimeText3_x64.exe": {
                "source": {
                  "Fn::Join": [
                    "",
                    [
                      "https://",
                      "nexus.emdeon.net",
                      ":8443",
                      "/nexus/content/sites/Emdeon-TC3-Health",
                      "/SublimeText3_x64.exe"
                    ]
                  ]
                }
              }
            },
            "commands": {
              "00-install-sublime-text": {
                "command": "c:\\cfn\\scripts\\SublimeText3_x64.exe /VERYSILENT /SUPPRESSMESSAGEBOXES /NORESTART /TASKS=\"contextentry\"",
                "waitAfterCompletion": "0"
              }
            }
          },
          "dnsserver": {
            "files": {
              "c:\\cfn\\scripts\\set_dnsserver.ps1": {
                "content": {
                  "Fn::Join": [
                    "",
                    [
                      "Set-DnsClientServerAddress -InterfaceAlias \"Ethernet 2\" -ServerAddresses (\"",
                      "#{primary_dns}",
                      "\", \"",
                      "#{secondary_dns}",
                      "\")"
                    ]
                  ]
                }
              }
            },
            "commands": {
              "00-execute-powershell-script-DnsClientServerAddress": {
                "command": "powershell.exe -ExecutionPolicy RemoteSigned c:\\cfn\\scripts\\set_dnsserver.ps1",
                "waitAfterCompletion": "0"
              }
            }
          },
          "firstchefrun": {
            "files": {
              "c:\\Chef\\client.rb": {
                "content": {
                  "Fn::Join": [
                    "",
                    [
                      "current_dir = File.dirname(__FILE__)\n",
                      "log_level :info\n",
                      "log_location ",
                      "\"#{current_dir}\\\\client.log\"\n",
                      "node_name ",
                      "ENV['COMPUTERNAME']\n",
                      "environment '",
                      {
                        "Ref": "ChefEnvironment"
                      },
                      "'\n",
                      "ssl_verify_mode :verify_none\n",
                      "validation_client_name '",
                      {
                        "Ref": "ChefServerOrg"
                      },
                      "-validator'\n",
                      "validation_key ",
                      "\"#{current_dir}\\\\validator.pem\"\n",
                      "chef_server_url '",
                      {
                        "Ref": "ChefServerUrl"
                      },
                      "/organizations/",
                      {
                        "Ref": "ChefServerOrg"
                      },
                      "'\n",                     
                      "cache_type 'BasicFile'\n",
                      "cache_options( :path => \"#{current_dir}\\\\checksums\" )\n",
                      "cookbook_path \"#{current_dir}\\\\..\\\\cookbooks\"\n",
                      "\nohai.disabled_plugins = [\n# The following plugins are required for Chef to work\n# 'hostname','windows::hostname','windows::platform',\n# and also want the following plugins enabled\n# 'ruby','chef','ohai','platform'\n# 'network','uptime','ohai_time'\n:C,\n:Cloud,\n:Command,\n:Dmi,\n:DmiCommon,\n:Ec2,\n:Eucalyptus,\n:Erlang,\n:GCE,\n:Groovy,\n:IpScopes,\n:Java,\n:Keys,\n:Lua,\n:Mono,\n:NetworkListeners,\n:NetworkRoutes,\n:Passwd,\n:Perl,\n:PHP,\n:Powershell,\n:Python,\n:Rackspace,\n:Softlayer,\n:SSHHostKey,\n:Virtualization,\n:VMware,\n]\n",
                      "\n"
                    ]
                  ]
                },
                "mode": "000644"
              },
              "c:\\Chef\\validator.pem": {
                "source": {
                  "Fn::Join": [
                    "",
                    [
                      "https://",
                      {
                        "Ref": "SeedBucket"
                      },
                      ".s3.amazonaws.com",
                      {
                        "Ref": "InfrastructureBucketPath"
                      },
                      "/#{EncryptedValidator}"
                    ]
                  ]
                },
                "mode": "000400",
                "authentication": "SeedBucketCredentials"
              },
              "c:\\Chef\\encrypted_data_bag_secret": {
                "source": {
                  "Fn::Join": [
                    "",
                    [
                      "https://",
                      {
                        "Ref": "SeedBucket"
                      },
                      ".s3.amazonaws.com",
                      {
                        "Ref": "InfrastructureBucketPath"
                      },
                      "/#{EncryptedDataBag}"
                    ]
                  ]
                },
                "mode": "000400",
                "authentication": "SeedBucketCredentials"
              },
              "c:\\Chef\\chef-client-install.msi": {
                "source": {
                  "Fn::Join": [
                    "",
                    [
                      "https://",
                      {
                        "Ref": "InfrastructureBucket"
                      },
                      ".s3.amazonaws.com",
                      {
                        "Ref": "InfrastructureBucketPath"
                      },
                      "/appsoftware/chef/chef-client-",
                      {
                        "Ref": "ChefClientVersion"
                      },
                      "-1-x86.msi"
                    ]
                  ]
                },
                "mode": "000400",
                "owner": "root",
                "group": "root",
                "authentication": "InfrastructureBucketCredentials"
              },
              "c:\\Chef\\first_run.json": {
                "content": {
                  "run_list": {
                    "Ref": "WwwEc2InstanceChefClientRunList"
                  },
                  "chef_client": {
                    "init_style": "windows"
                  },
                  "vpc": {
                    "cidr": {
                      "Ref": "VpcCidr"
                    }
                  },
                  "main": {
                    "s3bucket": {
                      "Ref": "InfrastructureBucket"
                    },
                    "primary_dns": "#{primary_dns}",
                    "secondary_dns": "#{secondary_dns}"
                  },
                  "activedirectory": {
                    "netbiosname": {
                      "Ref": "DomainNetbiosName"
                    },
                    "domaintld": {
                      "Ref": "DomainTld"
                    }
                  }
                },
                "mode": "000644"
              }
            },
            "commands": {
              "01_chef_client_install": {
                "command": "C:\\Chef\\chef-client-install.msi /passive ADDLOCAL=\"ChefClientFeature\" /log \"C:\\Chef\\chef-client-install.log\"",
                "cwd": "C:\\Chef",
                "waitAfterCompletion": "0"
              },
              "02_chef_client_first_run": {
                "command": "C:\\opscode\\chef\\bin\\chef-client -c c:\\chef\\client.rb -j c:\\chef\\first_run.json -l info",
                "cwd": "C:\\Chef",
                "waitAfterCompletion": "30"
              }
            }
          },
          "unconditionalsuccess": {
            "commands": {
              "a-signal-success": {
                "command": {
                  "Fn::Join": [
                    "",
                    [
                      "cfn-signal.exe -e 0 \"",
                      {
                        "Ref": "WwwWaitConditionHandle"
                      },
                      "\""
                    ]
                  ]
                }
              }
            }
          }
        }
      }
    },
    "WwwAutoScalingGroup": {
      "Type": "AWS::AutoScaling::AutoScalingGroup",
      "Properties": {
        "HealthCheckGracePeriod": 3000,
        "VPCZoneIdentifier": [
          {
            "Ref": "PublicSubnet3"
          },
          {
            "Ref": "PublicSubnet2"
          }
        ],
        "MinSize": {
          "Ref": "WwwMinNodes"
        },
        "MaxSize": {
          "Ref": "WwwMaxNodes"
        },
        "TargetGroupARNs": [
          {
            "Ref": "WwwTargetGroup"
          }		
        ],
        "Cooldown": 90,
        "LaunchConfigurationName": {
          "Ref": "WwwLaunchConfiguration"
        },
        "Tags": [
          {
            "Key": "Name",
            "Value": {
              "Fn::Join": [
                "",
                [
                  {
                    "Ref": "TagApplicationname"
                  },
                  "-",
                  "#{WwwEC2Hostname}",
                  "-",
                  {
                    "Ref": "TagOs"
                  }
                ]
              ]
            },
            "PropagateAtLaunch": true
          },
		  {
             "Key": "AppId",
              "Value": {                                                        
                            "Ref": "TagAppid"                                                                                    
                      },
			"PropagateAtLaunch": true
          },
          {
            "Key": "Billing",
            "Value": {
              "Fn::Join": [
                "",
                [               
                  {
                    "Ref": "TagBilling"
                  }
                ]
              ]
            },
            "PropagateAtLaunch": true
          },
          {
            "Key": "Description",
            "Value": {
              "Fn::Join": [
                "",
                [
                  "env=",
                  {
                    "Ref": "TagEnvironment"
                  },
                  "/",
                  "appid=",
                  {
                    "Ref": "TagAppid"
                  },
                  "/",
                  "comp=",
                  {
                    "Ref": "TagComponent"
                  },
                  "/",
                  "monitor=",
                  {
                    "Ref": "TagMonitor"
                  },
				  "/",
                  "team=",
                   {
                     "Ref": "TagTeam"
                   }
                ]
              ]
            },
            "PropagateAtLaunch": true
          }
        ]
      },
      "UpdatePolicy": {
        "AutoScalingScheduledAction": {
          "IgnoreUnmodifiedGroupSizeProperties": true
        },
        "AutoScalingRollingUpdate": {
          "MinInstancesInService": 1,
          "MaxBatchSize": 2,
          "WaitOnResourceSignals": false,
          "PauseTime": "PT60M"
        }
      }
    }
  }
}
