{
    "Version": "2017-07-14",
    "Statement": [
        {
            "Action": [
                "s3:Get*",
                "s3:List*"
            ],
            "Resource": [
                "arn:aws:s3:::truclaim-chc-dev-payments",
                "arn:aws:s3:::truclaim-chc-dev-payments/*"
            ],
            "Effect": "Allow",
            "Sid": "AllowS3List"
        },
        {
            "Action": [
                "s3:PutObject",
                "s3:DeleteObject"
            ],
            "Resource": [
                "arn:aws:s3:::truclaim-chc-dev-payments",
                "arn:aws:s3:::truclaim-chc-dev-payments/*"
            ],
            "Effect": "Allow",
            "Sid": "AllowS3Modify"
        },
        {
            "Action": [
                "cloudformation:CreateStack",
                "cloudformation:Describe*",
                "cloudformation:ListStacks",
                "cloudformation:CreateUploadBucket",
                "cloudformation:ValidateTemplate",
                "cloudformation:EstimateTemplateCost",
                "cloudformation:Get*",
                "cloudformation:ValidateTemplate"
            ],
            "Resource": "*",
            "Effect": "Allow",
            "Sid": "AllowStackCreation"
        },
        {
            "Action": [
                "cloudformation:*"
            ],
            "Resource": [
                "arn:aws:cloudformation:us-east-1:930540832959:stack/pi*/*",
                "arn:aws:cloudformation:us-east-1:930540832959:stack/Pi*/*"
            ],
            "Effect": "Allow",
            "Sid": "AllowStackActions"
        },
        {
            "Action": [
                "sns:CreatePlatformApplication",
                "sns:CreatePlatformEndpoint",
                "sns:CreateTopic",
                "sns:GetEndpointAttributes",
                "sns:GetPlatformApplicationAttributes",
                "sns:GetSubscriptionAttributes",
                "sns:GetTopicAttributes",
                "sns:ListEndpointsByPlatformApplication",
                "sns:ListPlatformApplications",
                "sns:ListSubscriptions",
                "sns:ListSubscriptionsByTopic",
                "sns:ListTopics"
            ],
            "Resource": [
                "*"
            ],
            "Effect": "Allow",
            "Sid": "AllowSNSCreate"
        },
        {
            "Action": [
                "sns:AddPermission",
                "sns:ConfirmSubscription",
                "sns:DeleteEndpoint",
                "sns:DeletePlatformApplication",
                "sns:DeleteTopic",
                "sns:Publish",
                "sns:RemovePermission",
                "sns:SetEndpointAttributes",
                "sns:SetPlatformApplicationAttributes",
                "sns:SetSubscriptionAttributes",
                "sns:SetTopicAttributes",
                "sns:Subscribe",
                "sns:Unsubscribe"
            ],
            "Resource": [
                "arn:aws:sns:us-east-1:930540832959:pi*",
                "arn:aws:sns:us-east-1:930540832959:pi*"
            ],
            "Effect": "Allow",
            "Sid": "AllowSNSModify"
        },
        {
            "Action": [
                "route53:*"
            ],
            "Resource": "*",
            "Effect": "Allow",
            "Sid": "AllowRoute53"
        },
        {
            "Action": [
                "ssm:ListAssociations"
            ],
            "Resource": "*",
            "Effect": "Allow",
            "Sid": "AllowSSMList"
        }
    ]
}