{
  "attributes": {
  },
  "platforms": {
    "windows": ">= 0.0.0"
  },
  "license": "Apache 2.0",
  "suggestions": {
  },
  "recommendations": {
  },
  "description": "Installs/Configures Cerberus firewall manager for Windows 2003 and 2008",
  "conflicting": {
  },
  "dependencies": {
    "twitter": ">= 1.0.1"
  },
  "groupings": {
  },
  "name": "cerberus",
  "providing": {
  },
  "maintainer_email": "support@smashrun.com",
  "version": "2.1.1",
  "replacing": {
  },
  "maintainer": "Smashrun, Inc.",
  "long_description": "Description\n===========\n\nhttps://github.com/cixelsyd/cookbooks/tree/master/cerberus\n\nInstalls/Configures cerberus firewall manager for Windows.  Supports 2003 and 2008.  The key thought behind Cerberus' modus operandi is simple: define the permitted ports and protocols in one databag and the permitted IP addresses / ranges in another.  Any IP inside the ip_permit databag would have access to all of the declared ports.\n\nhttp://bit.ly/chefcerberus\n\nCerberus >= 1.0.0 handles a significant bug in (both architectures of) Windows 2008 advfirewall manager whereby the \"remoteip=\" string has a short character limit.  Instead of concatinating all the permitted ips onto one line, cerberus now writes a rule for every remoteip.  This is a bummer, actually, because the netsh advfirewall command takes an extremely long time to run on Windows 2008 i386.  An. Extremely. Long. Time.  Note, this slow behaviour seems to build over time, and regular reboots seem to mitigate the issue significantly.  This issue does not seem to impact Windows 2008 R2 x86_64.  If you can migrate your machines from Windows 2008 i386 to Windows 2008 R2 x86_64, this is highly recommended.\n\nUpdated to support opening http to facebook, twitter, and AWS networks.\n\nCerberus >= 2.1.0 is a complete re-write for chef-client version 11!  Although the supporting structure is identical and compatible with previous versions of the cookbook, the internal logic has received a significant upgrade.  Cerberus now creates json templates internally with information from the ip_permit and firewall_rules data bags, and only instructs windows to edit the firewall rule if it changes.  Previously, the entire ruleset was removed and replaced during each chef run, which could cause connections to stutter.  Cerberus now runs much more quickly and is more robust.  Additionally, the star can be used inside the ipaddress field to signify any ip.\n\nRequirements\n============\n\nWindows 2003 or 2008, a data bag to hold permitted ip addresses and a data bag to hold protocol details.  Also requires the twitter cookbook to tweet service status changes; this dependency can be broken and removed easily.\n\nAttributes\n==========\n\nThe Windows 2003 version uses a few attributes to point at the the \"inf\" file used for rule deployment; however, the vast majority of the information is stored inside data bags.  Logging of dropped connections and packets is now stored inside an attribute.\n\nUsage\n=====\n\nCreate two data bags and add the permitted ips to the first and the permitted ports to the second as such:\n\nip_permit (sample item below)\n{\n  \"name\": \"data_bag_item_ip_permit_www\",\n  \"raw_data\": {\n    \"netmask\": \"/32\",\n    \"comment\": \"example host description here\",\n    \"fqdn\": \"www.smashrun.com\",\n    \"ipaddress\": \"192.168.0.110\",\n    \"id\": \"www\",\n    \"owner\": \"Joe User\"\n  },\n  \"json_class\": \"Chef::DataBagItem\",\n  \"data_bag\": \"ip_permit\",\n  \"chef_type\": \"data_bag_item\"\n}\n\nfirewall_rules (sample item below)\n{\n  \"name\": \"data_bag_item_firewall_rules_3389\",\n  \"raw_data\": {\n    \"name\": \"rdp\",\n    \"protocol\": \"tcp\",\n    \"id\": \"3389\",\n    \"permit\": \"enabled\",\n    \"description\": \"Remote Desktop (tcp 3389)\"\n  },\n  \"json_class\": \"Chef::DataBagItem\",\n  \"data_bag\": \"firewall_rules\",\n  \"chef_type\": \"data_bag_item\"\n}\n\nThen add the cookbook to the runlist and watch it go!\n",
  "recipes": {
  }
}