{
  "name": "chef-server-backup",
  "description": "Installs/Configures backups for Chef Server",
  "long_description": "Chef Server Backup Cookbook\n===========================\nThis cookbook will backup a standalone Chef server.\n\nIt will deploy a script and populate cron.d to execute it.\n\nAttributes\n----------\n\n* `node['chef-server-backup']['mailto']`          - Email address for notifications. Default is root\n* `node['chef-server-backup']['retention_days']`  - Number of days to keep backups. Default is an 8 day rotation.\n* `node['chef-server-backup']['backup_name']`     - Name of the backup Tar file. Default is chef_backup.\n* `node['chef-server-backup']['working_dir']`     - Temporary working directory. Default is '/tmp'.\n* `node['chef-server-backup']['db_user']`         - The database username. Default is 'opscode-pgsql'.\n* `node['chef-server-backup']['backup_store']`    - Which directory to store backups '/etc/chef_backup'.\n* `node['chef-server-backup']['cron']['minute']`  - The minute at which the cron entry should run (0 - 59). Default value: *\n* `node['chef-server-backup']['cron']['hour']`    - The hour at which the cron entry is to run (0 - 23). Default value: 23\n* `node['chef-server-backup']['cron']['day']`     - The day of month at which the cron entry should run (1 - 31). Default value: *\n* `node['chef-server-backup']['cron']['month']`   - The month in the year on which a cron entry is to run (1 - 12). Default value: *\n* `node['chef-server-backup']['cron']['weekday']` - The day of the week on which this entry is to run (0 - 6), where Sunday = 0. Default value: *\n\nUsage\n-----\nSet up the Chef server backup attributes in a role. For example create a role called\nchefserver.json the is applied to all Chef standalone server.\n\n```json\n{\n    \"name\": \"chefserver\",\n    \"description\": \"Role applied to Chef Servers\",\n    \"chef_type\": \"role\",\n    \"json_class\": \"Chef::Role\",\n    \"default_attributes\": {\n      \"chef-server-backup\": {\n        \"mailto\": \"backup@example.com\",\n        \"retention_days\": \"8\"\n      }\n    },\n    \"run_list\": [\"chef-server-backup\"]\n}\n```\n\n\nLicense and Authors\n-------------------\n- Author:: Andrew Holt\n\n```text\nCopyright (C) 2015  Andrew Holt\n\nThis program is free software: you can redistribute it and/or modify\nit under the terms of the GNU General Public License as published by\nthe Free Software Foundation, either version 3 of the License, or\n(at your option) any later version.\n\nThis program is distributed in the hope that it will be useful,\nbut WITHOUT ANY WARRANTY; without even the implied warranty of\nMERCHANTABILITY or FITNESS FOR A PARTICULAR PURPOSE.  See the\nGNU General Public License for more details.\n\nYou should have received a copy of the GNU General Public License\nalong with this program.  If not, see <http://www.gnu.org/licenses/>.\n```\n",
  "maintainer": "Andrew Holt",
  "maintainer_email": "andrew@theholts.org",
  "license": "GNU Public License 3.0",
  "platforms": {

  },
  "dependencies": {
    "cron": "~> 1.7.0"
  },
  "recommendations": {

  },
  "suggestions": {

  },
  "conflicting": {

  },
  "providing": {

  },
  "replacing": {

  },
  "attributes": {

  },
  "groupings": {

  },
  "recipes": {

  },
  "version": "0.2.1",
  "source_url": "",
  "issues_url": "",
  "privacy": false
}
